Rk,Week,Day,Date,,Winner/tie,,Loser/tie,,PtsW,PtsL,YdsW,TOW,YdsL,TOL
1,14,Thu,1947-11-27,W,Cleveland Browns,@,Los Angeles Dons,boxscore,27,17,330,3,462,5
2,12,Sun,1951-12-16,W,New York Giants,@,New York Yanks,boxscore,27,17,237,2,374,9
3,11,Sun,1952-12-07,W,Washington Redskins,@,New York Giants,boxscore,27,17,365,3,202,6
4,2,Sat,1953-10-03,W,Detroit Lions,@,Baltimore Colts,boxscore,27,17,271,7,286,5
5,5,Sun,1953-10-25,W,Baltimore Colts,,Washington Redskins,boxscore,27,17,329,3,296,6
6,1,Sat,1955-09-24,W,Philadelphia Eagles,,New York Giants,boxscore,27,17,402,4,192,3
7,1,Sun,1955-09-25,W,Washington Redskins,@,Cleveland Browns,boxscore,27,17,260,1,399,3
8,10,Sun,1957-12-01,W,San Francisco 49ers,@,New York Giants,boxscore,27,17,316,4,265,7
9,8,Sun,1959-11-15,W,Philadelphia Eagles,,Chicago Cardinals,boxscore,27,17,377,4,181,7
10,3,Sun,1962-09-30,W,Dallas Cowboys,@,Los Angeles Rams,boxscore,27,17,403,1,274,2
11,10,Sat,1963-11-09,W,Buffalo Bills,,Denver Broncos,boxscore,27,17,361,2,245,1
12,11,Sun,1963-11-24,W,Cleveland Browns,,Dallas Cowboys,boxscore,27,17,337,5,207,4
13,7,Sun,1964-10-25,W,Los Angeles Rams,@,Green Bay Packers,boxscore,27,17,281,5,179,1
14,2,Sun,1965-09-26,W,San Francisco 49ers,,Pittsburgh Steelers,boxscore,27,17,401,3,250,2
15,4,Sun,1965-10-03,W,Kansas City Chiefs,,Boston Patriots,boxscore,27,17,263,2,206,3
16,7,Sun,1965-10-31,W,Minnesota Vikings,@,Cleveland Browns,boxscore,27,17,408,1,167,0
17,5,Sun,1966-10-09,W,Chicago Bears,,Baltimore Colts,boxscore,27,17,315,1,364,4
18,16,Sun,1966-12-18,W,Kansas City Chiefs,@,San Diego Chargers,boxscore,27,17,387,2,326,2
19,4,Sun,1967-10-08,W,Green Bay Packers,@,Detroit Lions,boxscore,27,17,249,4,122,5
20,3,Sun,1968-09-29,W,Chicago Bears,@,Minnesota Vikings,boxscore,27,17,409,2,279,3
21,9,Sun,1968-11-03,W,Houston Oilers,@,Cincinnati Bengals,boxscore,27,17,361,0,374,0
22,10,Sun,1968-11-10,W,San Diego Chargers,@,Boston Patriots,boxscore,27,17,319,4,228,4
23,4,Sun,1969-10-12,W,Cleveland Browns,@,New Orleans Saints,boxscore,27,17,306,0,277,4
24,2,Sun,1970-09-27,W,St. Louis Cardinals,,Washington Redskins,boxscore,27,17,297,3,254,3
25,Conf. Champ,Sun,1971-01-03,W,Baltimore Colts,,Oakland Raiders,boxscore,27,17,363,0,336,4
26,4,Sun,1971-10-10,W,Cleveland Browns,,Pittsburgh Steelers,boxscore,27,17,350,3,222,1
27,2,Sun,1972-09-24,W,Cleveland Browns,@,Philadelphia Eagles,boxscore,27,17,297,1,314,3
28,4,Sun,1972-10-08,W,Miami Dolphins,@,New York Jets,boxscore,27,17,394,1,270,1
29,10,Sun,1972-11-19,W,San Diego Chargers,@,Kansas City Chiefs,boxscore,27,17,294,0,363,6
30,5,Sun,1973-10-14,W,Oakland Raiders,@,San Diego Chargers,boxscore,27,17,367,2,269,4
31,11,Sun,1974-11-24,W,New England Patriots,@,Baltimore Colts,boxscore,27,17,302,1,322,3
32,1,Sun,1975-09-21,W,Minnesota Vikings,,San Francisco 49ers,boxscore,27,17,279,2,245,3
33,4,Mon,1975-10-13,W,Washington Redskins,,St. Louis Cardinals,boxscore,27,17,347,2,288,5
34,9,Sun,1975-11-16,W,Denver Broncos,@,San Diego Chargers,boxscore,27,17,337,2,307,2
35,10,Sun,1975-11-23,W,Dallas Cowboys,,Philadelphia Eagles,boxscore,27,17,351,2,327,2
36,11,Sun,1975-11-30,W,Philadelphia Eagles,,San Francisco 49ers,boxscore,27,17,277,2,405,7
37,3,Sun,1976-09-26,W,New Orleans Saints,@,Kansas City Chiefs,boxscore,27,17,425,2,270,0
38,5,Sun,1976-10-10,W,Oakland Raiders,@,San Diego Chargers,boxscore,27,17,476,1,383,1
39,12,Sun,1978-11-19,W,St. Louis Cardinals,@,Washington Redskins,boxscore,27,17,303,2,211,3
40,Wild Card,Sun,1979-12-23,W,Philadelphia Eagles,,Chicago Bears,boxscore,27,17,315,3,241,3
41,7,Sun,1980-10-19,W,Seattle Seahawks,@,New York Jets,boxscore,27,17,329,0,338,2
42,9,Sun,1981-11-01,W,Oakland Raiders,,New England Patriots,boxscore,27,17,460,3,282,2
43,11,Sun,1982-11-21,W,New Orleans Saints,,Kansas City Chiefs,boxscore,27,17,293,1,286,2
44,11,Sun,1982-11-21,W,Washington Redskins,@,New York Giants,boxscore,27,17,312,0,287,1
45,Super Bowl,Sun,1983-01-30,W,Washington Redskins,N,Miami Dolphins,boxscore,27,17,400,2,176,2
46,4,Sun,1983-09-25,W,Washington Redskins,@,Seattle Seahawks,boxscore,27,17,293,0,308,2
47,11,Sun,1983-11-13,W,Houston Oilers,,Detroit Lions,boxscore,27,17,310,1,325,4
48,6,Sun,1984-10-07,W,Philadelphia Eagles,@,Buffalo Bills,boxscore,27,17,339,0,278,2
49,15,Sun,1984-12-09,W,Philadelphia Eagles,,New England Patriots,boxscore,27,17,306,1,337,1
50,3,Sun,1985-09-22,W,New York Giants,,St. Louis Cardinals,boxscore,27,17,318,1,289,3
51,10,Sun,1985-11-10,W,Green Bay Packers,@,Minnesota Vikings,boxscore,27,17,370,1,311,3
52,14,Sun,1986-12-07,W,Pittsburgh Steelers,,Detroit Lions,boxscore,27,17,421,3,281,3
53,2,Sun,1987-09-20,W,Philadelphia Eagles,,New Orleans Saints,boxscore,27,17,336,3,220,5
54,9,Sun,1987-11-08,W,Detroit Lions,,Dallas Cowboys,boxscore,27,17,293,4,290,5
55,7,Sun,1988-10-16,W,Los Angeles Raiders,@,Kansas City Chiefs,boxscore,27,17,233,0,334,4
56,14,Sun,1989-12-10,W,Detroit Lions,@,Chicago Bears,boxscore,27,17,295,2,302,2
57,7,Sun,1990-10-21,W,Denver Broncos,@,Indianapolis Colts,boxscore,27,17,444,1,363,1
58,12,Thu,1990-11-22,W,Dallas Cowboys,,Washington Redskins,boxscore,27,17,370,2,297,1
59,15,Sat,1992-12-12,W,Buffalo Bills,,Denver Broncos,boxscore,27,17,361,4,320,5
60,Division,Sun,1994-01-16,W,Dallas Cowboys,,Green Bay Packers,boxscore,27,17,381,3,358,4
61,7,Sun,1994-10-16,W,Indianapolis Colts,@,Buffalo Bills,boxscore,27,17,325,0,329,2
62,Wild Card,Sat,1994-12-31,W,Miami Dolphins,,Kansas City Chiefs,boxscore,27,17,381,0,414,2
63,14,Sun,1995-12-03,W,San Francisco 49ers,,Buffalo Bills,boxscore,27,17,323,1,275,5
64,17,Sat,1995-12-23,W,San Diego Chargers,@,New York Giants,boxscore,27,17,205,1,300,4
65,Division,Sat,1996-01-06,W,Green Bay Packers,@,San Francisco 49ers,boxscore,27,17,368,0,395,4
66,Super Bowl,Sun,1996-01-28,W,Dallas Cowboys,N,Pittsburgh Steelers,boxscore,27,17,254,0,310,3
67,11,Sun,1996-11-10,W,Carolina Panthers,,New York Giants,boxscore,27,17,350,1,289,4
68,14,Sun,1998-12-06,W,Miami Dolphins,@,Oakland Raiders,boxscore,27,17,260,1,314,7
69,15,Sun,1998-12-13,W,Atlanta Falcons,@,New Orleans Saints,boxscore,27,17,504,3,216,4
70,9,Mon,1999-11-08,W,Minnesota Vikings,,Dallas Cowboys,boxscore,27,17,308,2,328,2
71,11,Sun,1999-11-21,W,Miami Dolphins,,New England Patriots,boxscore,27,17,227,2,270,5
72,14,Sun,2000-12-03,W,New York Jets,,Indianapolis Colts,boxscore,27,17,491,1,375,3
73,10,Sun,2001-11-18,W,Cleveland Browns,@,Baltimore Ravens,boxscore,27,17,232,3,350,5
74,14,Sun,2002-12-08,W,New England Patriots,,Buffalo Bills,boxscore,27,17,275,0,390,5
75,14,Sun,2002-12-08,W,Tennessee Titans,,Indianapolis Colts,boxscore,27,17,348,1,389,3
76,2,Sun,2005-09-18,W,Carolina Panthers,,New England Patriots,boxscore,27,17,250,1,288,3
77,6,Sun,2005-10-16,W,Buffalo Bills,,New York Jets,boxscore,27,17,341,2,275,3
78,11,Sun,2005-11-20,W,New York Giants,,Philadelphia Eagles,boxscore,27,17,315,0,404,1
79,15,Sat,2005-12-17,W,New York Giants,,Kansas City Chiefs,boxscore,27,17,406,2,362,3
80,15,Sun,2006-12-17,W,Baltimore Ravens,,Cleveland Browns,boxscore,27,17,373,3,236,2
81,12,Sun,2007-11-25,W,Cleveland Browns,,Houston Texans,boxscore,27,17,397,1,314,3
82,6,Sun,2008-10-12,W,Green Bay Packers,@,Seattle Seahawks,boxscore,27,17,313,1,177,2
83,7,Mon,2009-10-26,W,Philadelphia Eagles,@,Washington Redskins,boxscore,27,17,262,0,308,4
84,7,Sun,2009-10-25,W,Pittsburgh Steelers,,Minnesota Vikings,boxscore,27,17,259,1,386,2
85,9,Sun,2009-11-08,W,New England Patriots,,Miami Dolphins,boxscore,27,17,432,1,334,0
86,10,Sun,2009-11-15,W,Washington Redskins,,Denver Broncos,boxscore,27,17,388,0,305,2
87,12,Sun,2009-11-29,W,Seattle Seahawks,@,St. Louis Rams,boxscore,27,17,265,1,364,2
88,13,Sun,2009-12-06,W,Indianapolis Colts,,Tennessee Titans,boxscore,27,17,358,0,375,2
89,11,Sun,2010-11-21,W,Philadelphia Eagles,,New York Giants,boxscore,27,17,392,2,208,5
90,1,Sun,2011-09-11,W,Cincinnati Bengals,@,Cleveland Browns,boxscore,27,17,294,0,285,1
91,3,Sun,2011-09-25,W,Green Bay Packers,@,Chicago Bears,boxscore,27,17,392,2,291,2
92,6,Sun,2011-10-16,W,Cincinnati Bengals,,Indianapolis Colts,boxscore,27,17,358,0,273,3
93,16,Sun,2012-12-23,W,San Diego Chargers,@,New York Jets,boxscore,27,17,223,0,225,2
94,5,Sun,2013-10-06,W,Oakland Raiders,,San Diego Chargers,boxscore,27,17,299,0,427,5
95,8,Sun,2013-10-27,W,New England Patriots,,Miami Dolphins,boxscore,27,17,252,1,301,3
96,11,Sun,2013-11-17,W,Denver Broncos,,Kansas City Chiefs,boxscore,27,17,427,1,344,1
97,5,Mon,2014-10-06,W,Seattle Seahawks,@,Washington Redskins,boxscore,27,17,403,0,307,0
98,10,Sun,2014-11-09,W,Atlanta Falcons,@,Tampa Bay Buccaneers,boxscore,27,17,322,0,373,3
99,17,Sun,2014-12-28,W,Pittsburgh Steelers,,Cincinnati Bengals,boxscore,27,17,346,3,337,3
100,2,Sun,2015-09-20,W,Green Bay Packers,,Seattle Seahawks,boxscore,27,17,361,1,324,2
101,4,Sun,2016-10-02,W,Seattle Seahawks,@,New York Jets,boxscore,27,17,354,0,305,3
102,11,Sun,2016-11-20,W,Dallas Cowboys,,Baltimore Ravens,boxscore,27,17,417,0,368,0
103,6,Sun,2017-10-15,W,Los Angeles Rams,@,Jacksonville Jaguars,boxscore,27,17,249,1,389,1
104,5,Sun,2018-10-07,W,Cincinnati Bengals,,Miami Dolphins,boxscore,27,17,332,1,297,3
105,6,Sun,2018-10-14,W,Minnesota Vikings,,Arizona Cardinals,boxscore,27,17,411,2,268,2
106,7,Sun,2019-10-20,W,Jacksonville Jaguars,@,Cincinnati Bengals,boxscore,27,17,460,0,291,4
107,16,Sun,2019-12-22,W,Denver Broncos,,Detroit Lions,boxscore,27,17,348,0,191,0
108,1,Sun,2020-09-13,W,Buffalo Bills,,New York Jets,boxscore,27,17,404,2,254,2
109,1,Sun,2020-09-13,W,Washington Football Team,,Philadelphia Eagles,boxscore,27,17,239,0,265,3
110,10,Sun,2020-11-15,W,New York Giants,,Philadelphia Eagles,boxscore,27,17,382,0,346,0
111,12,Sun,2020-11-29,W,Buffalo Bills,,Los Angeles Chargers,boxscore,27,17,332,3,367,1
112,15,Mon,2020-12-21,W,Cincinnati Bengals,,Pittsburgh Steelers,boxscore,27,17,230,0,244,3
113,4,Sun,2021-10-03,W,Indianapolis Colts,@,Miami Dolphins,boxscore,27,17,349,1,203,2
114,4,Sun,2021-10-03,W,Green Bay Packers,,Pittsburgh Steelers,boxscore,27,17,367,1,282,2
115,13,Thu,2021-12-02,W,Dallas Cowboys,@,New Orleans Saints,boxscore,27,17,377,1,405,4
116,15,Sat,2021-12-18,W,Indianapolis Colts,,New England Patriots,boxscore,27,17,275,1,365,2
117,15,Tue,2021-12-21,W,Philadelphia Eagles,,Washington Football Team,boxscore,27,17,519,2,237,0
118,8,Sun,2022-10-30,W,Buffalo Bills,,Green Bay Packers,boxscore,27,17,369,2,398,1
119,10,Sun,2022-11-13,W,Kansas City Chiefs,,Jacksonville Jaguars,boxscore,27,17,486,3,315,0
120,10,Sun,2022-11-13,W,Arizona Cardinals,@,Los Angeles Rams,boxscore,27,17,298,0,256,2
121,11,Thu,2022-11-17,W,Tennessee Titans,@,Green Bay Packers,boxscore,27,17,408,1,271,0