Rk,Week,Day,Date,,Winner/tie,,Loser/tie,,PtsW,PtsL,YdsW,TOW,YdsL,TOL
1,6,Sun,1941-10-12,W,Washington Redskins,@,Pittsburgh Steelers,boxscore,24,20,156,1,190,3
2,9,Sun,1946-11-17,W,Chicago Bears,,Washington Redskins,boxscore,24,20,266,3,237,6
3,7,Sun,1948-10-31,W,Detroit Lions,,Green Bay Packers,boxscore,24,20,383,5,306,4
4,1,Sun,1950-09-17,W,Chicago Bears,@,Los Angeles Rams,boxscore,24,20,338,1,309,2
5,3,Sat,1955-10-08,W,Baltimore Colts,@,Green Bay Packers,boxscore,24,20,255,4,322,3
6,9,Thu,1956-11-22,W,Green Bay Packers,@,Detroit Lions,boxscore,24,20,373,3,352,3
7,2,Sat,1957-10-05,W,New York Giants,@,Philadelphia Eagles,boxscore,24,20,376,4,73,2
8,3,Sun,1957-10-13,W,New York Giants,@,Washington Redskins,boxscore,24,20,355,1,346,1
9,8,Sun,1960-11-13,W,Baltimore Colts,@,Chicago Bears,boxscore,24,20,298,4,292,5
10,7,Fri,1962-10-19,W,Boston Patriots,,San Diego Chargers,boxscore,24,20,312,2,260,4
11,1,Sun,1963-09-15,W,Minnesota Vikings,@,San Francisco 49ers,boxscore,24,20,418,2,246,1
12,6,Sun,1963-10-13,W,San Diego Chargers,,New York Jets,boxscore,24,20,510,3,266,0
13,9,Sun,1963-11-10,W,St. Louis Cardinals,,Washington Redskins,boxscore,24,20,288,0,268,3
14,5,Sun,1964-10-11,W,Detroit Lions,@,Minnesota Vikings,boxscore,24,20,272,4,241,4
15,6,Sun,1965-10-24,W,Washington Redskins,@,St. Louis Cardinals,boxscore,24,20,251,1,309,2
16,7,Sun,1967-10-15,W,Oakland Raiders,@,Buffalo Bills,boxscore,24,20,223,5,158,2
17,13,Thu,1967-11-23,W,San Diego Chargers,,Denver Broncos,boxscore,24,20,300,2,358,3
18,4,Mon,1969-10-13,W,Baltimore Colts,,Philadelphia Eagles,boxscore,24,20,363,3,320,1
19,4,Sun,1970-10-11,W,Baltimore Colts,@,Houston Oilers,boxscore,24,20,301,2,365,1
20,9,Sun,1970-11-15,W,Minnesota Vikings,,Detroit Lions,boxscore,24,20,289,2,185,2
21,12,Sun,1970-12-06,W,San Francisco 49ers,,Atlanta Falcons,boxscore,24,20,354,3,205,1
22,1,Sun,1971-09-19,W,New Orleans Saints,,Los Angeles Rams,boxscore,24,20,276,1,262,1
23,8,Sun,1971-11-07,W,Detroit Lions,@,Denver Broncos,boxscore,24,20,418,2,360,2
24,14,Sun,1971-12-19,W,Atlanta Falcons,@,New Orleans Saints,boxscore,24,20,319,1,300,1
25,Division,Sun,1971-12-26,W,San Francisco 49ers,,Washington Redskins,boxscore,24,20,285,0,192,3
26,6,Sun,1972-10-22,W,New York Jets,,Baltimore Colts,boxscore,24,20,347,4,406,2
27,6,Sun,1972-10-22,W,Washington Redskins,,Dallas Cowboys,boxscore,24,20,305,1,276,2
28,14,Sun,1976-12-12,W,Green Bay Packers,@,Atlanta Falcons,boxscore,24,20,350,1,253,1
29,1,Sun,1977-09-18,W,Green Bay Packers,@,New Orleans Saints,boxscore,24,20,204,1,315,2
30,5,Sun,1977-10-16,W,New England Patriots,@,San Diego Chargers,boxscore,24,20,325,1,283,2
31,1,Sun,1978-09-03,W,San Diego Chargers,@,Seattle Seahawks,boxscore,24,20,275,2,446,2
32,4,Mon,1978-09-25,W,Minnesota Vikings,@,Chicago Bears,boxscore,24,20,295,2,278,3
33,3,Sun,1979-09-16,W,Dallas Cowboys,,Chicago Bears,boxscore,24,20,420,3,318,2
34,7,Sun,1979-10-14,W,Philadelphia Eagles,@,St. Louis Cardinals,boxscore,24,20,262,4,322,3
35,2,Sun,1982-09-19,W,Miami Dolphins,,Baltimore Colts,boxscore,24,20,303,2,256,0
36,16,Sun,1982-12-26,W,Philadelphia Eagles,@,Dallas Cowboys,boxscore,24,20,236,4,245,4
37,4,Sun,1983-09-25,W,San Francisco 49ers,,Atlanta Falcons,boxscore,24,20,418,2,319,1
38,7,Sun,1984-10-14,W,New York Jets,@,Cleveland Browns,boxscore,24,20,336,3,384,1
39,9,Sun,1984-10-28,W,Kansas City Chiefs,,Tampa Bay Buccaneers,boxscore,24,20,366,4,350,3
40,5,Sun,1985-10-06,W,Cleveland Browns,,New England Patriots,boxscore,24,20,447,5,400,3
41,5,Sun,1985-10-06,W,Miami Dolphins,,Pittsburgh Steelers,boxscore,24,20,399,4,282,1
42,3,Sun,1986-09-21,W,Tampa Bay Buccaneers,@,Detroit Lions,boxscore,24,20,253,1,379,5
43,12,Sun,1986-11-23,W,Cincinnati Bengals,,Minnesota Vikings,boxscore,24,20,413,2,284,1
44,12,Sun,1986-11-23,W,Seattle Seahawks,,Philadelphia Eagles,boxscore,24,20,340,3,324,0
45,4,Sun,1987-10-04,W,Seattle Seahawks,,Miami Dolphins,boxscore,24,20,402,3,324,2
46,6,Sun,1987-10-18,W,Atlanta Falcons,,Los Angeles Rams,boxscore,24,20,342,5,350,4
47,14,Sun,1987-12-13,W,Washington Redskins,,Dallas Cowboys,boxscore,24,20,317,2,428,2
48,9,Sun,1988-10-30,W,New York Jets,,Pittsburgh Steelers,boxscore,24,20,196,1,352,4
49,4,Sun,1989-10-01,W,Seattle Seahawks,@,Los Angeles Raiders,boxscore,24,20,354,2,311,2
50,5,Sun,1989-10-08,W,San Francisco 49ers,@,New Orleans Saints,boxscore,24,20,358,1,334,0
51,10,Sun,1989-11-12,W,Phoenix Cardinals,,Dallas Cowboys,boxscore,24,20,385,0,444,4
52,16,Sat,1989-12-23,W,Cleveland Browns,@,Houston Oilers,boxscore,24,20,324,1,483,2
53,16,Sun,1989-12-24,W,Los Angeles Rams,@,New England Patriots,boxscore,24,20,415,2,394,3
54,6,Sun,1990-10-14,W,New York Giants,@,Washington Redskins,boxscore,24,20,332,1,328,4
55,9,Sun,1990-11-04,W,San Francisco 49ers,@,Green Bay Packers,boxscore,24,20,445,0,321,1
56,14,Sun,1990-12-09,W,New Orleans Saints,@,Los Angeles Rams,boxscore,24,20,218,3,444,4
57,4,Sun,1991-09-22,W,New England Patriots,,Houston Oilers,boxscore,24,20,343,3,353,3
58,6,Sun,1991-10-06,W,Detroit Lions,,Minnesota Vikings,boxscore,24,20,400,1,202,0
59,12,Sun,1991-11-17,W,Denver Broncos,@,Kansas City Chiefs,boxscore,24,20,259,0,417,4
60,17,Sat,1991-12-21,W,New York Giants,,Houston Oilers,boxscore,24,20,383,1,345,0
61,8,Mon,1992-10-26,W,Buffalo Bills,@,New York Jets,boxscore,24,20,373,2,326,2
62,1,Sun,1993-09-05,W,Miami Dolphins,@,Indianapolis Colts,boxscore,24,20,355,2,274,3
63,6,Sun,1993-10-10,W,Los Angeles Raiders,,New York Jets,boxscore,24,20,414,5,286,2
64,7,Sun,1995-10-15,W,Arizona Cardinals,,Washington Redskins,boxscore,24,20,311,2,259,1
65,12,Sun,1998-11-22,W,Carolina Panthers,@,St. Louis Rams,boxscore,24,20,257,1,281,2
66,14,Sun,1998-12-06,W,Washington Redskins,,San Diego Chargers,boxscore,24,20,278,2,344,2
67,15,Mon,1999-12-20,W,Minnesota Vikings,,Green Bay Packers,boxscore,24,20,305,2,319,3
68,7,Sun,2001-10-28,W,Miami Dolphins,@,Seattle Seahawks,boxscore,24,20,289,4,302,2
69,4,Sun,2003-09-28,W,Houston Texans,,Jacksonville Jaguars,boxscore,24,20,339,4,342,5
70,12,Sun,2003-11-23,W,Dallas Cowboys,,Carolina Panthers,boxscore,24,20,319,1,244,2
71,13,Sun,2003-11-30,W,Cincinnati Bengals,@,Pittsburgh Steelers,boxscore,24,20,379,0,384,2
72,13,Sun,2003-11-30,W,New Orleans Saints,@,Washington Redskins,boxscore,24,20,310,0,392,3
73,6,Sun,2004-10-17,W,Pittsburgh Steelers,@,Dallas Cowboys,boxscore,24,20,297,0,348,1
74,5,Sun,2005-10-09,W,Carolina Panthers,@,Arizona Cardinals,boxscore,24,20,330,2,468,4
75,15,Sun,2005-12-18,W,Miami Dolphins,,New York Jets,boxscore,24,20,297,1,397,3
76,16,Sat,2005-12-24,W,Dallas Cowboys,@,Carolina Panthers,boxscore,24,20,394,2,318,2
77,16,Sat,2005-12-24,W,San Francisco 49ers,@,St. Louis Rams,boxscore,24,20,321,0,389,2
78,11,Sun,2006-11-19,W,Miami Dolphins,,Minnesota Vikings,boxscore,24,20,254,2,361,3
79,11,Sun,2006-11-19,W,Pittsburgh Steelers,@,Cleveland Browns,boxscore,24,20,338,3,302,2
80,9,Sun,2007-11-04,W,New England Patriots,@,Indianapolis Colts,boxscore,24,20,342,2,329,2
81,1,Sun,2008-09-07,W,New Orleans Saints,,Tampa Bay Buccaneers,boxscore,24,20,438,1,352,1
82,4,Sun,2008-09-28,W,Chicago Bears,,Philadelphia Eagles,boxscore,24,20,256,4,340,2
83,10,Sun,2008-11-09,W,Indianapolis Colts,@,Pittsburgh Steelers,boxscore,24,20,290,0,322,3
84,11,Sun,2008-11-16,W,Denver Broncos,@,Atlanta Falcons,boxscore,24,20,332,0,364,1
85,1,Mon,2009-09-14,W,San Diego Chargers,@,Oakland Raiders,boxscore,24,20,317,2,366,3
86,11,Sun,2009-11-22,W,Philadelphia Eagles,@,Chicago Bears,boxscore,24,20,377,3,284,1
87,6,Sun,2010-10-17,W,New York Jets,@,Denver Broncos,boxscore,24,20,319,3,346,2
88,11,Sun,2010-11-21,W,Jacksonville Jaguars,,Cleveland Browns,boxscore,24,20,371,6,283,1
89,12,Sun,2010-11-28,W,New York Giants,,Jacksonville Jaguars,boxscore,24,20,361,0,328,2
90,13,Sun,2010-12-05,W,Chicago Bears,@,Detroit Lions,boxscore,24,20,311,1,302,0
91,2,Sun,2011-09-18,W,Tampa Bay Buccaneers,@,Minnesota Vikings,boxscore,24,20,335,1,398,1
92,9,Sun,2011-11-06,W,New York Giants,@,New England Patriots,boxscore,24,20,361,2,438,4
93,9,Sun,2012-11-04,W,Pittsburgh Steelers,@,New York Giants,boxscore,24,20,349,2,182,1
94,11,Sun,2012-11-18,W,Green Bay Packers,@,Detroit Lions,boxscore,24,20,314,1,362,4
95,2,Sun,2013-09-15,W,Miami Dolphins,@,Indianapolis Colts,boxscore,24,20,398,1,448,1
96,10,Sun,2013-11-10,W,New York Giants,,Oakland Raiders,boxscore,24,20,251,3,213,2
97,11,Mon,2013-11-18,W,Carolina Panthers,,New England Patriots,boxscore,24,20,300,0,390,2
98,15,Sun,2013-12-15,W,Miami Dolphins,,New England Patriots,boxscore,24,20,378,1,453,1
99,8,Sun,2014-10-26,W,Arizona Cardinals,,Philadelphia Eagles,boxscore,24,20,400,1,521,3
100,11,Sun,2014-11-16,W,Kansas City Chiefs,,Seattle Seahawks,boxscore,24,20,298,2,372,0
101,12,Thu,2014-11-20,W,Oakland Raiders,,Kansas City Chiefs,boxscore,24,20,351,1,313,0
102,Wild Card,Sun,2015-01-04,W,Dallas Cowboys,,Detroit Lions,boxscore,24,20,315,1,397,3
103,2,Sun,2015-09-20,W,Atlanta Falcons,@,New York Giants,boxscore,24,20,402,0,388,1
104,5,Mon,2015-10-12,W,Pittsburgh Steelers,@,San Diego Chargers,boxscore,24,20,349,1,406,2
105,17,Sun,2016-01-03,W,Detroit Lions,@,Chicago Bears,boxscore,24,20,349,0,342,3
106,15,Sun,2016-12-18,W,Pittsburgh Steelers,@,Cincinnati Bengals,boxscore,24,20,382,0,222,1
107,17,Sun,2017-01-01,W,Indianapolis Colts,,Jacksonville Jaguars,boxscore,24,20,384,2,470,2
108,10,Sun,2017-11-12,W,Tennessee Titans,,Cincinnati Bengals,boxscore,24,20,416,2,308,2
109,Conf. Champ,Sun,2018-01-21,W,New England Patriots,,Jacksonville Jaguars,boxscore,24,20,344,1,374,0
110,2,Sun,2019-09-15,W,Atlanta Falcons,,Philadelphia Eagles,boxscore,24,20,367,3,286,3
111,3,Sun,2019-09-22,W,San Francisco 49ers,,Pittsburgh Steelers,boxscore,24,20,436,5,239,2
112,13,Thu,2019-11-28,W,Chicago Bears,@,Detroit Lions,boxscore,24,20,419,1,364,1
113,1,Sun,2020-09-13,W,Arizona Cardinals,@,San Francisco 49ers,boxscore,24,20,404,1,366,0
114,10,Sun,2020-11-15,W,Green Bay Packers,,Jacksonville Jaguars,boxscore,24,20,395,2,260,1
115,4,Sun,2022-10-02,W,New York Jets,@,Pittsburgh Steelers,boxscore,24,20,348,2,297,4
116,6,Sun,2022-10-16,W,Buffalo Bills,@,Kansas City Chiefs,boxscore,24,20,443,1,387,2
117,6,Sun,2022-10-16,W,New York Giants,,Baltimore Ravens,boxscore,24,20,238,1,406,2