Rk,Week,Day,Date,,Winner/tie,,Loser/tie,,PtsW,PtsL,YdsW,TOW,YdsL,TOL
1,8,Sun,1920-11-14,T,Cleveland Tigers,,Akron Pros,boxscore,7,7,0,0,0,0
2,8,Thu,1920-11-11,T,Thorn Tornados,,Rock Island Independents,boxscore,7,7,0,0,0,0
3,11,Sun,1920-12-05,T,Detroit Maroons,@,Detroit Heralds,boxscore,7,7,0,0,0,0
4,3,Sun,1921-10-09,T,Hammond Pros,@,Canton Bulldogs,boxscore,7,7,0,0,0,0
5,9,Sun,1921-11-20,T,Canton Bulldogs,@,Buffalo All-Americans,boxscore,7,7,0,0,0,0
6,1,Sun,1923-09-30,T,Toledo Maroons,@,Racine Legion,boxscore,7,7,0,0,0,0
7,3,Sun,1923-10-14,T,Racine Legion,@,Milwaukee Badgers,boxscore,7,7,0,0,0,0
8,11,Sun,1925-11-29,T,Providence Steam Roller,,Cleveland Bulldogs,boxscore,7,7,0,0,0,0
9,7,Tue,1926-11-02,T,New York Giants,,Canton Bulldogs,boxscore,7,7,0,0,0,0
10,11,Sun,1928-12-02,T,Providence Steam Roller,,Green Bay Packers,boxscore,7,7,0,0,0,0
11,5,Sun,1929-10-20,T,Providence Steam Roller,,Buffalo Bisons,boxscore,7,7,0,0,0,0
12,7,Tue,1929-11-05,T,Staten Island Stapletons,,Providence Steam Roller,boxscore,7,7,0,0,0,0
13,3,Sun,1930-09-28,T,Minneapolis Red Jackets,,Chicago Cardinals,boxscore,7,7,0,0,0,0
14,3,Wed,1930-10-01,T,Newark Tornadoes,,Staten Island Stapletons,boxscore,7,7,0,0,0,0
15,9,Sun,1930-11-09,T,Providence Steam Roller,,Frankford Yellow Jackets,boxscore,7,7,0,0,0,0
16,8,Sun,1931-11-01,T,Staten Island Stapletons,,Providence Steam Roller,boxscore,7,7,0,0,0,0
17,3,Sun,1932-10-02,T,Portsmouth Spartans,,Chicago Cardinals,boxscore,7,7,0,0,0,0
18,5,Sun,1932-10-16,T,Staten Island Stapletons,,Portsmouth Spartans,boxscore,7,7,0,0,0,0
19,7,Sun,1932-10-30,T,Boston Braves,,Chicago Bears,boxscore,7,7,0,0,0,0
20,11,Sun,1932-11-27,T,Portsmouth Spartans,,Chicago Bears,boxscore,7,7,0,0,0,0
21,1,Sun,1933-09-17,T,Boston Redskins,@,Green Bay Packers,boxscore,7,7,0,0,0,0
22,12,Sun,1935-12-01,T,Chicago Cardinals,@,Chicago Bears,boxscore,7,7,0,0,0,0
23,12,Thu,1938-11-24,T,New York Giants,@,Brooklyn Dodgers,boxscore,7,7,222,5,89,2
24,1,Sun,1940-09-08,T,Pittsburgh Steelers,,Chicago Cardinals,boxscore,7,7,129,4,192,4
25,10,Sun,1941-11-09,T,Pittsburgh Steelers,@,Philadelphia Eagles,boxscore,7,7,155,0,248,1
26,2,Mon,1947-09-29,T,New York Giants,@,Boston Yanks,boxscore,7,7,238,4,212,3
27,8,Sun,1949-11-13,T,Los Angeles Rams,@,Pittsburgh Steelers,boxscore,7,7,362,3,138,0
28,12,Sun,1949-11-13,T,Cleveland Browns,,Buffalo Bills,boxscore,7,7,290,3,240,3
29,14,Sun,1961-12-17,T,New York Giants,,Cleveland Browns,boxscore,7,7,266,3,178,2
30,8,Sun,1971-11-07,T,Washington Redskins,,Philadelphia Eagles,boxscore,7,7,197,7,172,1
31,13,Sun,1997-11-23,T,Washington Redskins,,New York Giants,boxscore,7,7,374,4,262,2
1,11,Sat,1920-12-04,W,Buffalo All-Americans,,Canton Bulldogs,boxscore,7,3,0,0,0,0
2,10,Sun,1922-12-03,W,Dayton Triangles,@,Chicago Cardinals,boxscore,7,3,0,0,0,0
3,5,Sun,1923-10-28,W,Canton Bulldogs,,Akron Pros,boxscore,7,3,0,0,0,0
4,6,Sun,1923-11-04,W,Canton Bulldogs,@,Chicago Cardinals,boxscore,7,3,0,0,0,0
5,8,Sun,1923-11-18,W,Chicago Bears,,Rock Island Independents,boxscore,7,3,0,0,0,0
6,7,Tue,1924-11-11,W,Kansas City Blues,,Milwaukee Badgers,boxscore,7,3,0,0,0,0
7,12,Sun,1926-12-05,W,Kansas City Cowboys,,Los Angeles Buccaneers,boxscore,7,3,0,0,0,0
8,3,Sat,1930-09-27,W,Frankford Yellow Jackets,,Staten Island Stapletons,boxscore,7,3,0,0,0,0
9,3,Sun,1935-09-29,W,Boston Redskins,,Brooklyn Dodgers,boxscore,7,3,0,0,0,0
10,5,Sun,1936-10-11,W,Chicago Bears,,Chicago Cardinals,boxscore,7,3,0,0,0,0
11,9,Sun,1936-11-08,W,Green Bay Packers,@,Boston Redskins,boxscore,7,3,0,0,0,0
12,6,Sun,1937-10-10,W,Detroit Lions,,Pittsburgh Pirates,boxscore,7,3,0,0,0,0
13,11,Sun,1938-11-20,W,Detroit Lions,@,Chicago Cardinals,boxscore,7,3,0,0,0,0
14,11,Sun,1940-11-17,W,Washington Redskins,,Chicago Bears,boxscore,7,3,169,2,297,3
15,11,Sun,1940-11-17,W,New York Giants,,Green Bay Packers,boxscore,7,3,120,1,227,4
16,10,Sun,1940-11-10,W,Pittsburgh Steelers,,Philadelphia Eagles,boxscore,7,3,171,2,129,1
17,7,Sun,1942-10-25,W,Cleveland Rams,,Chicago Cardinals,boxscore,7,3,153,3,214,4
18,10,Fri,1947-10-31,W,Brooklyn Dodgers,,Chicago Rockets,boxscore,7,3,200,1,207,2
19,11,Sun,1950-11-26,W,New York Giants,,Philadelphia Eagles,boxscore,7,3,164,0,258,2
20,4,Sun,1951-10-21,W,Washington Redskins,,Chicago Cardinals,boxscore,7,3,290,1,365,2
21,5,Sun,1970-10-18,W,Pittsburgh Steelers,@,Houston Oilers,boxscore,7,3,241,4,259,4
22,10,Sun,1973-11-18,W,Cleveland Browns,@,Oakland Raiders,boxscore,7,3,226,3,172,0
23,1,Sun,1974-09-15,W,St. Louis Cardinals,,Philadelphia Eagles,boxscore,7,3,318,3,287,2
24,12,Sun,1976-11-28,W,Pittsburgh Steelers,@,Cincinnati Bengals,boxscore,7,3,347,2,225,2
25,13,Mon,1990-12-03,W,San Francisco 49ers,,New York Giants,boxscore,7,3,240,0,221,1
26,8,Sun,1992-10-25,W,Philadelphia Eagles,,Phoenix Cardinals,boxscore,7,3,247,1,253,4
27,17,Sun,1992-12-27,W,Tampa Bay Buccaneers,@,Phoenix Cardinals,boxscore,7,3,240,1,353,6
28,12,Sun,1993-11-21,W,New York Giants,@,Philadelphia Eagles,boxscore,7,3,292,2,228,1
29,14,Sun,2010-12-12,W,Detroit Lions,,Green Bay Packers,boxscore,7,3,286,2,258,3
30,17,Sun,2012-01-01,W,Kansas City Chiefs,@,Denver Broncos,boxscore,7,3,281,1,266,2
1,2,Fri,1939-09-15,W,Chicago Bears,,Cleveland Rams,boxscore,30,21,411,1,212,0
2,6,Sun,1944-10-22,W,Green Bay Packers,,Cleveland Rams,boxscore,30,21,452,4,337,1
3,13,Sun,1947-12-14,W,Chicago Cardinals,@,Chicago Bears,boxscore,30,21,329,2,502,6
4,11,Sun,1949-12-04,W,Chicago Bears,,Pittsburgh Steelers,boxscore,30,21,355,4,347,6
5,8,Sun,1956-11-18,W,Chicago Bears,,Los Angeles Rams,boxscore,30,21,433,2,326,2
6,1,Fri,1962-09-07,W,Denver Broncos,,San Diego Chargers,boxscore,30,21,505,3,208,1
7,13,Sun,1964-12-06,W,Minnesota Vikings,@,New York Giants,boxscore,30,21,330,2,335,2
8,7,Sun,1965-10-24,W,Oakland Raiders,,Boston Patriots,boxscore,30,21,320,0,293,3
9,7,Sun,1966-10-23,W,Cleveland Browns,,Dallas Cowboys,boxscore,30,21,264,0,413,4
10,2,Sun,1975-09-28,W,Buffalo Bills,@,Pittsburgh Steelers,boxscore,30,21,434,1,353,5
11,1,Mon,1976-09-13,W,Miami Dolphins,@,Buffalo Bills,boxscore,30,21,401,3,383,0
12,14,Sat,1977-12-17,W,Minnesota Vikings,@,Detroit Lions,boxscore,30,21,393,1,172,3
13,4,Sun,1979-09-23,W,New Orleans Saints,@,San Francisco 49ers,boxscore,30,21,512,2,341,4
14,10,Sun,1986-11-09,W,New England Patriots,@,Indianapolis Colts,boxscore,30,21,336,2,297,4
15,4,Sun,1988-09-25,W,Phoenix Cardinals,,Washington Redskins,boxscore,30,21,323,1,335,2
16,11,Sun,1991-11-10,W,Tampa Bay Buccaneers,,Detroit Lions,boxscore,30,21,346,1,345,4
17,5,Sun,1992-10-04,W,New York Jets,,New England Patriots,boxscore,30,21,312,2,282,3
18,7,Sun,1992-10-18,W,New Orleans Saints,@,Phoenix Cardinals,boxscore,30,21,399,1,254,1
19,7,Sun,1995-10-15,W,Green Bay Packers,,Detroit Lions,boxscore,30,21,436,0,334,1
20,4,Sun,1996-09-22,W,Minnesota Vikings,,Green Bay Packers,boxscore,30,21,351,4,217,4
21,4,Mon,1997-09-22,W,Jacksonville Jaguars,,Pittsburgh Steelers,boxscore,30,21,343,0,306,2
22,13,Sun,1999-12-05,W,Oakland Raiders,,Seattle Seahawks,boxscore,30,21,415,1,324,4
23,8,Sun,2003-10-26,W,Indianapolis Colts,,Houston Texans,boxscore,30,21,391,1,270,2
24,17,Sat,2005-12-31,W,New York Giants,@,Oakland Raiders,boxscore,30,21,402,0,325,0
25,4,Sun,2008-09-28,W,Tampa Bay Buccaneers,,Green Bay Packers,boxscore,30,21,327,3,181,4
26,5,Sun,2008-10-05,W,New England Patriots,@,San Francisco 49ers,boxscore,30,21,377,2,199,3
27,5,Sun,2011-10-09,W,New England Patriots,,New York Jets,boxscore,30,21,446,1,255,0
28,4,Sun,2013-09-29,W,San Diego Chargers,,Dallas Cowboys,boxscore,30,21,506,1,319,1
29,2,Sun,2014-09-14,W,San Diego Chargers,,Seattle Seahawks,boxscore,30,21,377,0,288,1
30,13,Sun,2015-12-06,W,Buffalo Bills,,Houston Texans,boxscore,30,21,390,0,401,1
1,5,Sun,1951-10-28,W,Chicago Bears,@,Detroit Lions,boxscore,28,23,384,2,418,4
2,7,Sun,1954-11-07,W,Chicago Bears,,Green Bay Packers,boxscore,28,23,382,2,335,2
3,1,Sun,1962-09-09,W,Houston Oilers,@,Buffalo Bills,boxscore,28,23,420,6,220,5
4,13,Mon,1970-12-14,W,Detroit Lions,@,Los Angeles Rams,boxscore,28,23,343,1,381,1
5,6,Sun,1971-10-24,W,Chicago Bears,@,Detroit Lions,boxscore,28,23,323,0,261,2
6,7,Sun,1971-10-31,W,St. Louis Cardinals,@,Buffalo Bills,boxscore,28,23,305,0,309,3
7,5,Sun,1978-10-01,W,New England Patriots,,San Diego Chargers,boxscore,28,23,299,1,322,3
8,15,Sat,1979-12-08,W,Seattle Seahawks,,Denver Broncos,boxscore,28,23,382,2,363,3
9,15,Sun,1980-12-14,W,Minnesota Vikings,,Cleveland Browns,boxscore,28,23,530,0,366,1
10,2,Sun,1981-09-13,W,San Diego Chargers,,Detroit Lions,boxscore,28,23,367,2,385,2
11,13,Sun,1982-12-05,W,Los Angeles Raiders,,Seattle Seahawks,boxscore,28,23,235,1,331,4
12,3,Sun,1983-09-18,W,Buffalo Bills,,Baltimore Colts,boxscore,28,23,322,0,372,1
13,4,Sun,1983-09-25,W,New England Patriots,@,Pittsburgh Steelers,boxscore,28,23,296,1,448,3
14,13,Sun,1985-12-01,W,Minnesota Vikings,@,Philadelphia Eagles,boxscore,28,23,239,0,443,3
15,8,Sun,1986-10-26,W,New York Jets,,New Orleans Saints,boxscore,28,23,281,2,304,5
16,14,Sun,1986-12-07,W,Indianapolis Colts,@,Atlanta Falcons,boxscore,28,23,225,3,408,3
17,8,Sun,1987-11-01,W,Philadelphia Eagles,@,St. Louis Cardinals,boxscore,28,23,328,2,409,3
18,16,Sun,1988-12-18,W,Cleveland Browns,,Houston Oilers,boxscore,28,23,388,4,317,1
19,8,Sun,1993-10-24,W,Cleveland Browns,,Pittsburgh Steelers,boxscore,28,23,245,1,440,2
20,1,Sun,1994-09-04,W,New York Giants,,Philadelphia Eagles,boxscore,28,23,290,2,395,1
21,3,Sun,2002-09-22,W,Denver Broncos,,Buffalo Bills,boxscore,28,23,342,0,291,1
22,15,Sun,2002-12-15,W,Indianapolis Colts,@,Cleveland Browns,boxscore,28,23,417,2,349,0
23,10,Sun,2003-11-09,W,Jacksonville Jaguars,,Indianapolis Colts,boxscore,28,23,353,2,394,2
24,11,Sun,2007-11-18,W,Dallas Cowboys,,Washington Redskins,boxscore,28,23,362,1,423,2
25,10,Sun,2009-11-15,W,New Orleans Saints,@,St. Louis Rams,boxscore,28,23,420,3,434,1
26,11,Sun,2013-11-17,W,Oakland Raiders,@,Houston Texans,boxscore,28,23,341,0,394,2
27,9,Sun,2015-11-08,W,New York Jets,,Jacksonville Jaguars,boxscore,28,23,290,0,436,4
28,9,Sun,2016-11-06,W,New York Giants,,Philadelphia Eagles,boxscore,28,23,302,2,443,2
29,6,Thu,2017-10-12,W,Philadelphia Eagles,@,Carolina Panthers,boxscore,28,23,310,1,305,3
30,Division,Sun,2020-01-12,W,Green Bay Packers,,Seattle Seahawks,boxscore,28,23,344,0,375,0
1,8,Sun,1940-10-27,W,Chicago Bears,@,New York Giants,boxscore,37,21,245,0,326,6
2,2,Sun,1956-10-07,W,Chicago Bears,@,Green Bay Packers,boxscore,37,21,462,1,267,0
3,12,Sun,1957-12-15,W,Los Angeles Rams,,Baltimore Colts,boxscore,37,21,445,1,336,3
4,4,Sun,1958-10-19,W,Washington Redskins,,Green Bay Packers,boxscore,37,21,446,2,425,4
5,15,Sun,1960-12-18,W,Houston Oilers,,Boston Patriots,boxscore,37,21,410,6,337,3
6,11,Sun,1961-11-26,W,New York Giants,@,Cleveland Browns,boxscore,37,21,369,2,334,2
7,3,Sun,1963-09-29,W,Chicago Bears,@,Detroit Lions,boxscore,37,21,307,2,278,4
8,6,Sun,1963-10-20,W,New York Giants,,Dallas Cowboys,boxscore,37,21,360,1,317,2
9,10,Sun,1964-11-15,W,Cleveland Browns,,Detroit Lions,boxscore,37,21,370,2,331,3
10,1,Sun,1972-09-17,W,Atlanta Falcons,@,Chicago Bears,boxscore,37,21,319,2,283,3
11,12,Sun,1972-12-03,W,Miami Dolphins,@,New England Patriots,boxscore,37,21,501,3,217,2
12,3,Sun,1976-09-26,W,San Francisco 49ers,@,Seattle Seahawks,boxscore,37,21,381,1,421,3
13,9,Sun,1976-11-07,W,Baltimore Colts,@,San Diego Chargers,boxscore,37,21,481,1,293,1
14,14,Sun,1979-12-02,W,Kansas City Chiefs,,Seattle Seahawks,boxscore,37,21,331,2,275,5
15,2,Sun,1980-09-14,W,Atlanta Falcons,@,New England Patriots,boxscore,37,21,404,1,260,3
16,7,Sun,1980-10-19,W,New England Patriots,@,Baltimore Colts,boxscore,37,21,381,0,306,2
17,17,Sun,1983-01-02,W,Pittsburgh Steelers,,Cleveland Browns,boxscore,37,21,521,3,345,6
18,7,Sun,1983-10-16,W,New England Patriots,,San Diego Chargers,boxscore,37,21,347,0,427,4
19,14,Sun,1983-12-04,W,Washington Redskins,,Atlanta Falcons,boxscore,37,21,370,1,398,6
20,12,Mon,1988-11-21,W,San Francisco 49ers,,Washington Redskins,boxscore,37,21,320,2,327,4
21,15,Sun,1988-12-11,W,Buffalo Bills,,Los Angeles Raiders,boxscore,37,21,367,0,318,3
22,Conf. Champ,Sun,1990-01-14,W,Denver Broncos,,Cleveland Browns,boxscore,37,21,497,2,256,3
23,14,Sun,1992-12-06,W,Cleveland Browns,,Cincinnati Bengals,boxscore,37,21,381,2,227,1
24,7,Sun,1996-10-13,W,Oakland Raiders,,Detroit Lions,boxscore,37,21,419,0,396,2
25,7,Sun,2009-10-25,W,Dallas Cowboys,,Atlanta Falcons,boxscore,37,21,414,1,298,3
26,3,Mon,2013-09-23,W,Denver Broncos,,Oakland Raiders,boxscore,37,21,536,2,342,0
27,9,Sun,2018-11-04,W,Kansas City Chiefs,@,Cleveland Browns,boxscore,37,21,499,1,388,1
28,1,Sun,2021-09-12,W,Houston Texans,,Jacksonville Jaguars,boxscore,37,21,449,0,395,3
29,14,Sun,2021-12-12,W,Los Angeles Chargers,,New York Giants,boxscore,37,21,423,0,316,2
1,7,Sat,1924-11-08,W,Frankford Yellow Jackets,,Kansas City Blues,boxscore,42,7,0,0,0,0
2,2,Sun,1935-09-22,W,New York Giants,@,Pittsburgh Pirates,boxscore,42,7,0,0,0,0
3,9,Sun,1944-11-12,W,Green Bay Packers,@,Cleveland Rams,boxscore,42,7,310,3,231,9
4,2,Mon,1948-09-06,W,Buffalo Bills,,Chicago Rockets,boxscore,42,7,384,4,290,9
5,10,Sun,1948-10-31,W,New York Yankees,,Chicago Rockets,boxscore,42,7,484,1,206,3
6,12,Sun,1948-12-05,W,Chicago Cardinals,,Green Bay Packers,boxscore,42,7,388,2,132,5
7,2,Sun,1949-09-04,W,San Francisco 49ers,,Chicago Hornets,boxscore,42,7,452,4,274,7
8,6,Sun,1949-10-02,W,Cleveland Browns,,Los Angeles Dons,boxscore,42,7,550,1,305,2
9,12,Sun,1954-12-12,W,Cleveland Browns,,Pittsburgh Steelers,boxscore,42,7,464,3,171,6
10,11,Sun,1957-12-08,W,Washington Redskins,,Philadelphia Eagles,boxscore,42,7,376,3,247,7
11,2,Sun,1960-10-02,W,Baltimore Colts,,Chicago Bears,boxscore,42,7,375,0,318,8
12,9,Sun,1964-11-08,W,Kansas City Chiefs,,Oakland Raiders,boxscore,42,7,350,3,169,5
13,13,Sun,1965-12-12,W,Los Angeles Rams,,Cleveland Browns,boxscore,42,7,469,1,119,1
14,3,Sun,1967-10-01,W,Cleveland Browns,@,New Orleans Saints,boxscore,42,7,421,4,266,5
15,2,Sun,1971-09-26,W,Dallas Cowboys,@,Philadelphia Eagles,boxscore,42,7,369,4,170,8
16,8,Sun,1974-11-03,W,Miami Dolphins,,Atlanta Falcons,boxscore,42,7,355,2,196,4
17,8,Mon,1979-10-22,W,Pittsburgh Steelers,,Denver Broncos,boxscore,42,7,530,3,329,3
18,2,Sun,1980-09-14,W,Philadelphia Eagles,@,Minnesota Vikings,boxscore,42,7,529,1,207,1
19,4,Sun,1986-09-28,W,Minnesota Vikings,,Green Bay Packers,boxscore,42,7,383,1,220,4
20,10,Sun,1988-11-06,W,Cincinnati Bengals,,Pittsburgh Steelers,boxscore,42,7,559,2,198,0
21,11,Sun,1989-11-19,W,Cincinnati Bengals,,Detroit Lions,boxscore,42,7,546,3,278,5
22,16,Sun,1990-12-23,W,New York Jets,,New England Patriots,boxscore,42,7,465,2,301,1
23,7,Sun,1991-10-13,W,Kansas City Chiefs,,Miami Dolphins,boxscore,42,7,452,0,345,2
24,4,Sun,1992-09-27,W,Minnesota Vikings,@,Cincinnati Bengals,boxscore,42,7,423,0,178,4
25,12,Mon,1993-11-22,W,San Francisco 49ers,,New Orleans Saints,boxscore,42,7,455,1,261,4
26,16,Sun,2008-12-21,W,New Orleans Saints,@,Detroit Lions,boxscore,42,7,532,1,255,2
27,17,Sun,2012-12-30,W,New York Giants,,Philadelphia Eagles,boxscore,42,7,397,0,317,1
28,16,Sun,2014-12-21,W,Dallas Cowboys,,Indianapolis Colts,boxscore,42,7,377,1,229,3
29,15,Sun,2017-12-17,W,Los Angeles Rams,@,Seattle Seahawks,boxscore,42,7,352,1,149,2
1,3,Sun,1920-10-10,W,Rock Island Independents,,Hammond Pros,boxscore,26,0,0,0,0,0
2,4,Sun,1922-10-22,W,Rock Island Independents,,Rochester Jeffersons,boxscore,26,0,0,0,0,0
3,6,Sun,1923-11-04,W,Chicago Bears,,Oorang Indians,boxscore,26,0,0,0,0,0
4,3,Sun,1924-10-12,W,Rock Island Independents,,Hammond Pros,boxscore,26,0,0,0,0,0
5,4,Sun,1924-10-19,W,Buffalo Bisons,,Rochester Jeffersons,boxscore,26,0,0,0,0,0
6,4,Sun,1926-10-10,W,Duluth Eskimos,@,Hammond Pros,boxscore,26,0,0,0,0,0
7,8,Sun,1926-11-07,W,Buffalo Rangers,,Columbus Tigers,boxscore,26,0,0,0,0,0
8,10,Sun,1928-11-25,W,Pottsville Maroons,,Green Bay Packers,boxscore,26,0,0,0,0,0
9,12,Sun,1929-12-08,W,Chicago Cardinals,@,Orange Tornadoes,boxscore,26,0,0,0,0,0
10,1,Sun,1931-09-13,W,Green Bay Packers,,Cleveland Indians,boxscore,26,0,0,0,0,0
11,11,Sun,1931-11-22,W,Chicago Bears,@,Brooklyn Dodgers,boxscore,26,0,0,0,0,0
12,9,Sun,1931-11-08,W,Green Bay Packers,,Staten Island Stapletons,boxscore,26,0,0,0,0,0
13,7,Sun,1932-10-30,W,Green Bay Packers,,Staten Island Stapletons,boxscore,26,0,0,0,0,0
14,10,Sun,1936-11-15,W,Chicago Bears,@,Boston Redskins,boxscore,26,0,0,0,0,0
15,5,Sun,1945-10-21,W,Detroit Lions,,Chicago Cardinals,boxscore,26,0,326,2,113,4
16,8,Sun,1968-11-03,W,Baltimore Colts,@,New York Giants,boxscore,26,0,328,1,215,3
17,2,Sun,1970-09-27,W,Minnesota Vikings,,New Orleans Saints,boxscore,26,0,291,2,131,4
18,12,Sun,1973-12-02,W,Los Angeles Rams,@,Chicago Bears,boxscore,26,0,386,2,100,2
19,4,Sun,1976-10-03,W,Denver Broncos,,San Diego Chargers,boxscore,26,0,311,2,240,3
20,7,Sun,1977-10-30,W,Chicago Bears,@,Green Bay Packers,boxscore,26,0,419,1,197,1
21,16,Sun,1989-12-24,W,San Francisco 49ers,,Chicago Bears,boxscore,26,0,314,1,289,5
22,4,Sun,1991-09-22,W,New Orleans Saints,,Minnesota Vikings,boxscore,26,0,343,2,151,3
23,9,Sun,1992-11-01,W,San Diego Chargers,,Indianapolis Colts,boxscore,26,0,398,3,99,2
24,3,Sun,1999-09-26,W,Buffalo Bills,,Philadelphia Eagles,boxscore,26,0,377,1,169,2
25,1,Sun,2006-09-10,W,Chicago Bears,@,Green Bay Packers,boxscore,26,0,361,1,267,3
26,6,Sun,2009-10-18,W,Green Bay Packers,,Detroit Lions,boxscore,26,0,435,2,149,3
27,13,Sun,2011-12-04,W,San Francisco 49ers,,St. Louis Rams,boxscore,26,0,389,0,157,2
28,3,Sun,2015-09-27,W,Seattle Seahawks,,Chicago Bears,boxscore,26,0,371,0,146,0
29,3,Sun,2021-09-26,W,Denver Broncos,,New York Jets,boxscore,26,0,343,1,162,2
1,1,Sun,1960-09-25,W,New York Giants,@,San Francisco 49ers,boxscore,21,19,278,2,335,1
2,12,Sun,1965-12-05,W,Dallas Cowboys,@,Philadelphia Eagles,boxscore,21,19,341,2,434,2
3,2,Sun,1969-09-21,W,Denver Broncos,,New York Jets,boxscore,21,19,292,3,370,3
4,12,Sun,1972-12-03,W,Oakland Raiders,@,San Diego Chargers,boxscore,21,19,298,3,440,2
5,3,Sun,1974-09-29,W,Green Bay Packers,,Detroit Lions,boxscore,21,19,354,3,290,0
6,3,Sun,1975-10-05,W,Cincinnati Bengals,@,Houston Oilers,boxscore,21,19,262,2,176,5
7,6,Sun,1978-10-08,W,Washington Redskins,@,Detroit Lions,boxscore,21,19,284,2,374,1
8,Division,Sun,1979-12-30,W,Los Angeles Rams,@,Dallas Cowboys,boxscore,21,19,361,2,280,1
9,15,Sun,1983-12-11,W,Denver Broncos,,Baltimore Colts,boxscore,21,19,352,2,388,1
10,5,Sun,1989-10-08,W,Philadelphia Eagles,,New York Giants,boxscore,21,19,243,0,323,1
11,13,Sun,1994-11-27,W,New York Giants,@,Washington Redskins,boxscore,21,19,291,1,313,1
12,7,Thu,1995-10-12,W,St. Louis Rams,,Atlanta Falcons,boxscore,21,19,451,2,192,0
13,16,Sun,1997-12-14,W,Baltimore Ravens,,Tennessee Oilers,boxscore,21,19,246,1,390,4
14,8,Sun,2000-10-22,W,New Orleans Saints,@,Atlanta Falcons,boxscore,21,19,402,1,278,0
15,8,Sun,2002-10-27,W,Houston Texans,@,Jacksonville Jaguars,boxscore,21,19,242,1,290,0
16,12,Sun,2002-11-24,W,Dallas Cowboys,,Jacksonville Jaguars,boxscore,21,19,405,3,326,3
17,1,Sun,2004-09-12,W,Atlanta Falcons,@,San Francisco 49ers,boxscore,21,19,227,1,359,2
18,5,Sun,2005-10-09,W,Denver Broncos,,Washington Redskins,boxscore,21,19,257,0,447,1
19,12,Sun,2005-11-27,W,New Orleans Saints,@,New York Jets,boxscore,21,19,269,0,360,0
20,14,Sun,2006-12-10,W,Philadelphia Eagles,@,Washington Redskins,boxscore,21,19,263,1,415,2
21,7,Sun,2007-10-21,W,Washington Redskins,,Arizona Cardinals,boxscore,21,19,160,1,364,3
22,16,Sun,2007-12-23,W,San Francisco 49ers,,Tampa Bay Buccaneers,boxscore,21,19,213,2,434,2
23,10,Sun,2008-11-09,W,Miami Dolphins,,Seattle Seahawks,boxscore,21,19,361,1,298,0
24,9,Sun,2008-11-02,W,Cincinnati Bengals,,Jacksonville Jaguars,boxscore,21,19,312,2,282,1
25,14,Sun,2011-12-11,W,Arizona Cardinals,,San Francisco 49ers,boxscore,21,19,325,3,233,0
26,10,Sun,2013-11-10,W,Detroit Lions,@,Chicago Bears,boxscore,21,19,364,1,338,1
27,17,Sun,2019-12-29,W,Chicago Bears,@,Minnesota Vikings,boxscore,21,19,337,1,300,3
28,3,Sun,2022-09-25,W,Miami Dolphins,,Buffalo Bills,boxscore,21,19,212,0,497,1
1,6,Sun,1943-10-24,W,New York Giants,,Phi/Pit Eagles/Steelers,boxscore,42,14,199,0,242,2
2,12,Sun,1948-12-05,W,Chicago Bears,@,Detroit Lions,boxscore,42,14,451,3,266,3
3,4,Sun,1949-09-18,W,San Francisco 49ers,,Los Angeles Dons,boxscore,42,14,408,6,267,6
4,12,Sun,1951-12-16,W,Los Angeles Rams,,Green Bay Packers,boxscore,42,14,396,3,403,4
5,9,Sun,1952-11-23,W,Green Bay Packers,,Dallas Texans,boxscore,42,14,300,7,153,4
6,11,Fri,1960-11-18,W,Boston Patriots,,Dallas Texans,boxscore,42,14,339,1,225,4
7,9,Sun,1963-11-10,W,New York Giants,,Philadelphia Eagles,boxscore,42,14,417,2,101,3
8,6,Sun,1964-10-18,W,San Diego Chargers,,Denver Broncos,boxscore,42,14,486,1,186,2
9,6,Sun,1964-10-18,W,Los Angeles Rams,,San Francisco 49ers,boxscore,42,14,291,3,438,7
10,15,Sat,1965-12-18,W,Boston Patriots,,Houston Oilers,boxscore,42,14,531,1,112,3
11,5,Sun,1968-10-13,W,Baltimore Colts,@,San Francisco 49ers,boxscore,42,14,278,1,392,4
12,13,Sun,1971-12-12,W,Dallas Cowboys,@,New York Giants,boxscore,42,14,439,3,247,4
13,1,Sun,1975-09-21,W,Buffalo Bills,,New York Jets,boxscore,42,14,361,0,261,5
14,11,Sun,1978-11-12,W,Dallas Cowboys,@,Green Bay Packers,boxscore,42,14,537,2,142,3
15,7,Sun,1979-10-14,W,New Orleans Saints,@,Tampa Bay Buccaneers,boxscore,42,14,397,1,374,4
16,16,Sun,1982-12-26,W,New York Jets,@,Minnesota Vikings,boxscore,42,14,324,1,484,3
17,15,Sun,1988-12-11,W,Seattle Seahawks,,Denver Broncos,boxscore,42,14,450,0,402,1
18,6,Sun,1991-10-06,W,Houston Oilers,,Denver Broncos,boxscore,42,14,378,2,363,3
19,17,Sun,1993-12-26,W,Cleveland Browns,@,Los Angeles Rams,boxscore,42,14,315,0,382,3
20,3,Sun,1994-09-18,W,Minnesota Vikings,@,Chicago Bears,boxscore,42,14,464,2,304,2
21,Wild Card,Sun,1996-12-29,W,Pittsburgh Steelers,,Indianapolis Colts,boxscore,42,14,407,3,146,2
22,2,Sun,2000-09-10,W,Denver Broncos,,Atlanta Falcons,boxscore,42,14,407,0,186,3
23,3,Sun,2003-09-21,W,Kansas City Chiefs,@,Houston Texans,boxscore,42,14,426,2,316,4
24,8,Sun,2004-10-31,W,San Diego Chargers,,Oakland Raiders,boxscore,42,14,448,1,281,3
25,14,Mon,2012-12-10,W,New England Patriots,,Houston Texans,boxscore,42,14,419,1,323,1
26,16,Sun,2013-12-22,W,Cincinnati Bengals,,Minnesota Vikings,boxscore,42,14,426,1,209,4
27,1,Sun,2015-09-13,W,Tennessee Titans,@,Tampa Bay Buccaneers,boxscore,42,14,309,1,273,2
28,14,Sun,2016-12-11,W,Atlanta Falcons,@,Los Angeles Rams,boxscore,42,14,286,0,312,5
1,6,Sun,1951-11-04,W,New York Giants,,New York Yanks,boxscore,37,31,289,3,286,3
2,5,Sun,1954-10-24,W,San Francisco 49ers,,Detroit Lions,boxscore,37,31,424,1,443,2
3,5,Sun,1973-10-14,W,Los Angeles Rams,,Dallas Cowboys,boxscore,37,31,383,3,264,5
4,2,Sun,1975-09-28,W,Dallas Cowboys,,St. Louis Cardinals,boxscore,37,31,448,2,432,3
5,Division,Sat,1977-12-24,W,Oakland Raiders,@,Baltimore Colts,boxscore,37,31,491,4,301,0
6,3,Sun,1980-09-21,W,New England Patriots,@,Seattle Seahawks,boxscore,37,31,474,1,433,2
7,15,Sat,1982-12-18,W,Los Angeles Raiders,,Los Angeles Rams,boxscore,37,31,431,4,272,2
8,2,Mon,1984-09-10,W,San Francisco 49ers,,Washington Redskins,boxscore,37,31,534,2,371,0
9,12,Sun,1986-11-23,W,Cleveland Browns,,Pittsburgh Steelers,boxscore,37,31,536,1,339,1
10,12,Thu,1986-11-20,W,Los Angeles Raiders,@,San Diego Chargers,boxscore,37,31,466,2,392,4
11,15,Sun,1986-12-14,W,Miami Dolphins,@,Los Angeles Rams,boxscore,37,31,506,2,372,1
12,6,Sun,1987-10-18,W,New York Jets,,Miami Dolphins,boxscore,37,31,477,5,414,6
13,9,Sun,1996-10-27,W,Baltimore Ravens,,St. Louis Rams,boxscore,37,31,478,4,486,4
14,11,Sun,1997-11-09,W,Seattle Seahawks,@,San Diego Chargers,boxscore,37,31,373,2,260,2
15,5,Sun,2001-10-14,W,San Francisco 49ers,@,Atlanta Falcons,boxscore,37,31,517,2,342,1
16,7,Sun,2001-10-28,W,Chicago Bears,,San Francisco 49ers,boxscore,37,31,364,3,350,2
17,1,Sun,2002-09-08,W,New York Jets,@,Buffalo Bills,boxscore,37,31,266,1,384,3
18,3,Sun,2002-09-22,W,Green Bay Packers,@,Detroit Lions,boxscore,37,31,442,3,271,5
19,4,Sun,2005-10-02,W,Philadelphia Eagles,@,Kansas City Chiefs,boxscore,37,31,396,2,353,4
20,5,Sun,2005-10-09,W,Seattle Seahawks,@,St. Louis Rams,boxscore,37,31,433,0,386,2
21,16,Sun,2006-12-24,W,St. Louis Rams,,Washington Redskins,boxscore,37,31,579,1,336,1
22,12,Sun,2007-11-25,W,San Francisco 49ers,@,Arizona Cardinals,boxscore,37,31,374,0,552,4
23,10,Sun,2012-11-11,W,New England Patriots,,Buffalo Bills,boxscore,37,31,347,0,481,3
24,5,Sun,2014-10-05,W,New Orleans Saints,,Tampa Bay Buccaneers,boxscore,37,31,511,3,314,1
25,2,Thu,2016-09-15,W,New York Jets,@,Buffalo Bills,boxscore,37,31,493,1,393,1
26,Conf. Champ,Sun,2019-01-20,W,New England Patriots,@,Kansas City Chiefs,boxscore,37,31,524,2,290,0
27,13,Sun,2019-12-01,W,Miami Dolphins,,Philadelphia Eagles,boxscore,37,31,409,1,386,1
28,16,Sun,2020-12-27,W,Cincinnati Bengals,@,Houston Texans,boxscore,37,31,540,0,488,1
1,12,Sun,1962-11-25,W,Houston Oilers,,San Diego Chargers,boxscore,33,27,275,7,394,3
2,5,Sun,1964-10-11,W,Denver Broncos,,Kansas City Chiefs,boxscore,33,27,282,1,293,4
3,3,Sun,1966-09-25,W,Washington Redskins,@,Pittsburgh Steelers,boxscore,33,27,320,2,278,6
4,14,Sun,1968-12-08,W,Oakland Raiders,,Denver Broncos,boxscore,33,27,497,6,267,5
5,8,Sun,1974-11-03,W,New York Giants,@,Kansas City Chiefs,boxscore,33,27,346,0,403,1
6,5,Sun,1979-09-30,W,New York Jets,,Miami Dolphins,boxscore,33,27,354,1,354,1
7,10,Sun,1980-11-09,W,Atlanta Falcons,@,St. Louis Cardinals,boxscore,33,27,563,2,415,5
8,13,Sun,1986-11-30,W,Philadelphia Eagles,@,Los Angeles Raiders,boxscore,33,27,347,2,379,4
9,11,Sun,1991-11-10,W,Pittsburgh Steelers,@,Cincinnati Bengals,boxscore,33,27,352,0,406,3
10,18,Sun,1994-01-02,W,New England Patriots,,Miami Dolphins,boxscore,33,27,397,2,349,0
11,14,Thu,1994-12-01,W,Minnesota Vikings,,Chicago Bears,boxscore,33,27,385,2,312,3
12,4,Sun,2002-09-29,W,Buffalo Bills,,Chicago Bears,boxscore,33,27,410,1,240,0
13,Wild Card,Sun,2004-01-04,W,Green Bay Packers,,Seattle Seahawks,boxscore,33,27,397,0,340,1
14,5,Sun,2004-10-10,W,St. Louis Rams,@,Seattle Seahawks,boxscore,33,27,441,3,391,0
15,12,Sun,2005-11-27,W,St. Louis Rams,@,Houston Texans,boxscore,33,27,429,1,412,2
16,11,Sun,2008-11-16,W,Indianapolis Colts,,Houston Texans,boxscore,33,27,474,0,356,1
17,7,Sun,2011-10-23,W,Green Bay Packers,@,Minnesota Vikings,boxscore,33,27,421,1,435,2
18,1,Mon,2013-09-09,W,Philadelphia Eagles,@,Washington Redskins,boxscore,33,27,443,2,382,3
19,9,Sun,2015-11-08,W,Philadelphia Eagles,@,Dallas Cowboys,boxscore,33,27,459,0,411,1
20,12,Mon,2015-11-30,W,Baltimore Ravens,@,Cleveland Browns,boxscore,33,27,336,2,338,0
21,1,Sun,2016-09-11,W,Kansas City Chiefs,,San Diego Chargers,boxscore,33,27,413,1,388,0
22,3,Sun,2017-09-24,W,Tennessee Titans,,Seattle Seahawks,boxscore,33,27,420,0,433,0
23,3,Sun,2019-09-22,W,New Orleans Saints,@,Seattle Seahawks,boxscore,33,27,265,1,514,1
24,14,Sun,2020-12-13,W,Kansas City Chiefs,@,Miami Dolphins,boxscore,33,27,448,4,367,1
25,15,Sun,2020-12-20,W,Chicago Bears,@,Minnesota Vikings,boxscore,33,27,397,1,407,1
26,1,Mon,2021-09-13,W,Las Vegas Raiders,,Baltimore Ravens,boxscore,33,27,491,1,406,2
27,14,Sun,2021-12-12,W,Tampa Bay Buccaneers,,Buffalo Bills,boxscore,33,27,488,0,466,1
1,6,Sat,1926-10-23,W,Brooklyn Lions,,Columbus Tigers,boxscore,20,12,0,0,0,0
2,5,Sun,1932-10-16,W,New York Giants,,Brooklyn Dodgers,boxscore,20,12,0,0,0,0
3,4,Sun,1935-10-06,W,New York Giants,@,Boston Redskins,boxscore,20,12,0,0,0,0
4,12,Sun,1970-12-06,W,Green Bay Packers,@,Pittsburgh Steelers,boxscore,20,12,317,4,274,6
5,Division,Sat,1971-12-25,W,Dallas Cowboys,@,Minnesota Vikings,boxscore,20,12,183,0,311,5
6,6,Sun,1976-10-17,W,Los Angeles Rams,,Chicago Bears,boxscore,20,12,279,4,325,4
7,9,Mon,1976-11-08,W,Cincinnati Bengals,,Los Angeles Rams,boxscore,20,12,299,2,342,4
8,2,Sun,1977-09-25,W,Baltimore Colts,@,New York Jets,boxscore,20,12,214,1,212,2
9,5,Sun,1984-09-30,W,Seattle Seahawks,@,Minnesota Vikings,boxscore,20,12,409,4,334,4
10,Division,Sat,1988-12-31,W,Chicago Bears,,Philadelphia Eagles,boxscore,20,12,341,4,430,3
11,10,Sun,1998-11-08,W,St. Louis Rams,@,Chicago Bears,boxscore,20,12,266,1,251,1
12,4,Sun,2000-09-24,W,Seattle Seahawks,@,San Diego Chargers,boxscore,20,12,269,2,303,2
13,9,Sun,2001-11-11,W,Green Bay Packers,@,Chicago Bears,boxscore,20,12,368,2,262,1
14,13,Thu,2002-11-28,W,New England Patriots,@,Detroit Lions,boxscore,20,12,349,1,292,3
15,15,Sun,2003-12-14,W,Oakland Raiders,,Baltimore Ravens,boxscore,20,12,265,0,319,3
16,5,Sun,2006-10-08,W,Carolina Panthers,,Cleveland Browns,boxscore,20,12,288,0,248,3
17,2,Mon,2007-09-17,W,Washington Redskins,@,Philadelphia Eagles,boxscore,20,12,337,1,340,0
18,4,Sun,2008-09-28,W,Cleveland Browns,@,Cincinnati Bengals,boxscore,20,12,261,2,211,5
19,15,Sun,2014-12-14,W,Baltimore Ravens,,Jacksonville Jaguars,boxscore,20,12,314,1,248,1
20,16,Sun,2014-12-21,W,Pittsburgh Steelers,,Kansas City Chiefs,boxscore,20,12,282,0,327,1
21,8,Sun,2017-10-29,W,New Orleans Saints,,Chicago Bears,boxscore,20,12,387,2,307,1
22,2,Sun,2018-09-16,W,Miami Dolphins,@,New York Jets,boxscore,20,12,257,2,362,3
23,15,Sun,2018-12-16,W,Baltimore Ravens,,Tampa Bay Buccaneers,boxscore,20,12,370,2,241,1
24,16,Sat,2020-12-26,W,San Francisco 49ers,@,Arizona Cardinals,boxscore,20,12,398,1,350,2
25,3,Sun,2022-09-25,W,Los Angeles Rams,@,Arizona Cardinals,boxscore,20,12,339,1,365,0
26,4,Sun,2022-10-02,W,New York Giants,,Chicago Bears,boxscore,20,12,333,2,304,3
27,14,Sun,2022-12-11,W,Buffalo Bills,,New York Jets,boxscore,20,12,232,0,309,2
1,4,Sun,1962-10-07,W,Cleveland Browns,,Dallas Cowboys,boxscore,19,10,231,2,239,2
2,15,Sat,1963-12-14,W,Buffalo Bills,@,New York Jets,boxscore,19,10,308,3,217,3
3,8,Sun,1970-11-08,W,Minnesota Vikings,@,Washington Redskins,boxscore,19,10,163,0,334,1
4,Division,Sun,1974-12-22,W,Los Angeles Rams,,Washington Redskins,boxscore,19,10,226,2,218,6
5,2,Sun,1979-09-09,W,Miami Dolphins,,Seattle Seahawks,boxscore,19,10,315,2,345,4
6,2,Sun,1981-09-13,W,Kansas City Chiefs,,Tampa Bay Buccaneers,boxscore,19,10,256,0,298,0
7,15,Sun,1981-12-13,W,Buffalo Bills,@,New England Patriots,boxscore,19,10,329,0,204,2
8,5,Sun,1985-10-06,W,Los Angeles Raiders,,Kansas City Chiefs,boxscore,19,10,361,0,262,1
9,8,Sun,1989-10-29,W,Phoenix Cardinals,@,Dallas Cowboys,boxscore,19,10,300,0,309,3
10,4,Sun,1993-09-26,W,Seattle Seahawks,@,Cincinnati Bengals,boxscore,19,10,305,2,354,3
11,8,Sun,1993-10-24,W,Buffalo Bills,@,New York Jets,boxscore,19,10,413,3,237,4
12,10,Sun,1995-11-05,W,New Orleans Saints,,St. Louis Rams,boxscore,19,10,321,2,224,2
13,7,Sun,1996-10-13,W,Philadelphia Eagles,@,New York Giants,boxscore,19,10,304,0,150,2
14,12,Sun,1997-11-16,W,New York Giants,,Arizona Cardinals,boxscore,19,10,373,0,399,3
15,17,Sun,1998-12-27,W,Baltimore Ravens,,Detroit Lions,boxscore,19,10,295,1,236,1
16,1,Sun,1999-09-12,W,New Orleans Saints,,Carolina Panthers,boxscore,19,10,255,0,246,3
17,11,Sun,1999-11-21,W,Tampa Bay Buccaneers,,Atlanta Falcons,boxscore,19,10,239,1,168,2
18,1,Sun,2002-09-08,W,Houston Texans,,Dallas Cowboys,boxscore,19,10,210,1,267,2
19,12,Sun,2003-11-23,W,Chicago Bears,@,Denver Broncos,boxscore,19,10,217,0,365,0
20,12,Thu,2006-11-23,W,Kansas City Chiefs,,Denver Broncos,boxscore,19,10,382,1,244,1
21,14,Sun,2007-12-09,W,Cincinnati Bengals,,St. Louis Rams,boxscore,19,10,370,2,241,2
22,2,Sun,2008-09-14,W,New England Patriots,@,New York Jets,boxscore,19,10,260,0,256,1
23,17,Sun,2017-01-01,W,New York Giants,@,Washington Redskins,boxscore,19,10,332,0,284,3
24,13,Sun,2017-12-03,W,Los Angeles Chargers,,Cleveland Browns,boxscore,19,10,429,0,291,2
25,16,Mon,2017-12-25,W,Philadelphia Eagles,,Oakland Raiders,boxscore,19,10,216,2,274,5
26,1,Sun,2022-09-11,W,Chicago Bears,,San Francisco 49ers,boxscore,19,10,204,1,331,2
27,7,Sun,2022-10-23,W,Tennessee Titans,,Indianapolis Colts,boxscore,19,10,254,1,292,3
1,12,Sat,1953-12-12,W,Los Angeles Rams,,Green Bay Packers,boxscore,33,17,463,9,239,4
2,8,Sun,1955-11-13,W,Philadelphia Eagles,,Cleveland Browns,boxscore,33,17,331,3,272,7
3,14,Sun,1963-12-15,W,New York Giants,,Pittsburgh Steelers,boxscore,33,17,423,4,400,5
4,14,Sun,1964-12-13,W,Houston Oilers,,New York Jets,boxscore,33,17,377,1,260,4
5,9,Sun,1967-11-12,W,Los Angeles Rams,,Philadelphia Eagles,boxscore,33,17,394,4,257,5
6,4,Sun,1969-10-12,W,Washington Redskins,,St. Louis Cardinals,boxscore,33,17,377,2,226,5
7,8,Sun,1969-11-09,W,Dallas Cowboys,,New Orleans Saints,boxscore,33,17,438,2,303,3
8,5,Sun,1974-10-13,W,Denver Broncos,,New Orleans Saints,boxscore,33,17,397,2,333,3
9,2,Sun,1975-09-28,W,Houston Oilers,,San Diego Chargers,boxscore,33,17,402,1,204,3
10,10,Sun,1975-11-23,W,Baltimore Colts,@,Miami Dolphins,boxscore,33,17,222,0,167,5
11,16,Sun,1980-12-21,W,Oakland Raiders,@,New York Giants,boxscore,33,17,311,1,291,5
12,4,Sun,1981-09-27,W,New York Jets,,Houston Oilers,boxscore,33,17,478,2,221,6
13,5,Sun,1981-10-04,W,New England Patriots,,Kansas City Chiefs,boxscore,33,17,451,2,327,4
14,11,Sun,1981-11-15,W,Oakland Raiders,@,Miami Dolphins,boxscore,33,17,304,0,306,2
15,11,Sun,1983-11-13,W,Washington Redskins,@,New York Giants,boxscore,33,17,278,0,306,4
16,16,Sun,1986-12-21,W,Minnesota Vikings,,New Orleans Saints,boxscore,33,17,395,1,267,6
17,7,Sun,1988-10-16,W,Washington Redskins,,Phoenix Cardinals,boxscore,33,17,386,1,381,2
18,14,Sun,1993-12-05,W,Houston Oilers,,Atlanta Falcons,boxscore,33,17,388,3,333,7
19,9,Sun,1999-11-07,W,Denver Broncos,@,San Diego Chargers,boxscore,33,17,241,0,273,4
20,13,Sun,1999-12-05,W,Detroit Lions,,Washington Redskins,boxscore,33,17,292,0,333,4
21,15,Sun,2004-12-19,W,Buffalo Bills,@,Cincinnati Bengals,boxscore,33,17,212,1,275,4
22,12,Sun,2010-11-28,W,Miami Dolphins,@,Oakland Raiders,boxscore,33,17,471,1,263,3
23,1,Sun,2011-09-11,W,San Francisco 49ers,,Seattle Seahawks,boxscore,33,17,209,0,219,3
24,9,Sun,2015-11-08,W,Buffalo Bills,,Miami Dolphins,boxscore,33,17,420,0,397,1
25,6,Sun,2017-10-15,W,Houston Texans,,Cleveland Browns,boxscore,33,17,340,1,247,3
26,17,Sun,2018-12-30,W,Indianapolis Colts,@,Tennessee Titans,boxscore,33,17,436,2,258,3
27,13,Sun,2022-12-04,W,San Francisco 49ers,,Miami Dolphins,boxscore,33,17,351,1,308,4
1,3,Sun,1922-10-15,W,Chicago Cardinals,,Green Bay Packers,boxscore,16,3,0,0,0,0
2,13,Sat,1968-12-07,W,Baltimore Colts,@,Green Bay Packers,boxscore,16,3,242,2,163,5
3,11,Thu,1970-11-26,W,Dallas Cowboys,,Green Bay Packers,boxscore,16,3,352,0,129,1
4,12,Sun,1970-12-06,W,Detroit Lions,,St. Louis Cardinals,boxscore,16,3,279,2,146,5
5,3,Sun,1971-10-03,W,Kansas City Chiefs,@,Denver Broncos,boxscore,16,3,159,3,222,5
6,Division,Sun,1972-12-24,W,Washington Redskins,,Green Bay Packers,boxscore,16,3,232,1,211,1
7,3,Sun,1973-09-30,W,Kansas City Chiefs,,Oakland Raiders,boxscore,16,3,233,1,149,4
8,13,Sun,1973-12-09,W,Baltimore Colts,,Miami Dolphins,boxscore,16,3,201,0,228,3
9,12,Sun,1978-11-19,W,Denver Broncos,,Green Bay Packers,boxscore,16,3,359,0,263,1
10,8,Sun,1980-10-26,W,Green Bay Packers,,Minnesota Vikings,boxscore,16,3,330,5,297,3
11,10,Sun,1992-11-08,W,Washington Redskins,@,Seattle Seahawks,boxscore,16,3,330,1,183,3
12,16,Sun,1992-12-20,W,Detroit Lions,,Chicago Bears,boxscore,16,3,399,4,242,4
13,6,Sun,1993-10-10,W,Pittsburgh Steelers,,San Diego Chargers,boxscore,16,3,304,0,138,3
14,10,Sun,1993-11-07,W,Phoenix Cardinals,,Philadelphia Eagles,boxscore,16,3,359,1,201,1
15,15,Sun,1996-12-08,W,Pittsburgh Steelers,,San Diego Chargers,boxscore,16,3,327,4,148,4
16,15,Sun,1998-12-13,W,Tampa Bay Buccaneers,,Pittsburgh Steelers,boxscore,16,3,253,1,166,5
17,12,Sun,1999-11-28,W,Tampa Bay Buccaneers,@,Seattle Seahawks,boxscore,16,3,156,0,259,6
18,14,Sun,2000-12-03,W,Carolina Panthers,,St. Louis Rams,boxscore,16,3,237,2,278,7
19,Conf. Champ,Sun,2001-01-14,W,Baltimore Ravens,@,Oakland Raiders,boxscore,16,3,282,2,191,5
20,15,Sun,2003-12-14,W,Tampa Bay Buccaneers,,Houston Texans,boxscore,16,3,398,0,107,0
21,6,Sun,2005-10-16,W,Baltimore Ravens,,Cleveland Browns,boxscore,16,3,351,1,186,3
22,13,Sun,2005-12-04,W,New England Patriots,,New York Jets,boxscore,16,3,397,0,164,1
23,15,Sun,2005-12-18,W,Chicago Bears,,Atlanta Falcons,boxscore,16,3,226,1,231,3
24,4,Sun,2007-09-30,W,New York Giants,,Philadelphia Eagles,boxscore,16,3,212,1,190,1
25,14,Sun,2008-12-07,W,Miami Dolphins,@,Buffalo Bills,boxscore,16,3,295,0,163,2
26,15,Sun,2016-12-18,W,New England Patriots,@,Denver Broncos,boxscore,16,3,313,0,309,3
27,10,Sun,2018-11-11,W,Washington Redskins,@,Tampa Bay Buccaneers,boxscore,16,3,286,0,501,4
1,10,Sun,1946-11-10,W,New York Yankees,,Los Angeles Dons,boxscore,17,12,130,1,210,2
2,4,Sun,1965-10-03,W,Buffalo Bills,,Oakland Raiders,boxscore,17,12,263,3,162,3
3,11,Sun,1968-11-24,W,St. Louis Cardinals,,Atlanta Falcons,boxscore,17,12,260,3,162,1
4,15,Sun,1978-12-10,W,Houston Oilers,@,New Orleans Saints,boxscore,17,12,244,0,297,1
5,1,Sun,1980-09-07,W,Tampa Bay Buccaneers,@,Cincinnati Bengals,boxscore,17,12,246,2,128,2
6,6,Sun,1980-10-12,W,Baltimore Colts,@,Buffalo Bills,boxscore,17,12,355,2,363,1
7,9,Sun,1983-10-30,W,Pittsburgh Steelers,,Tampa Bay Buccaneers,boxscore,17,12,338,7,236,0
8,10,Sun,1983-11-06,W,Tampa Bay Buccaneers,@,Minnesota Vikings,boxscore,17,12,275,2,247,1
9,15,Sun,1983-12-11,W,Seattle Seahawks,@,New York Giants,boxscore,17,12,183,1,440,5
10,14,Sun,1985-12-08,W,Washington Redskins,@,Philadelphia Eagles,boxscore,17,12,310,1,202,3
11,7,Sun,1986-10-19,W,Seattle Seahawks,,New York Giants,boxscore,17,12,218,2,307,4
12,3,Sun,1988-09-18,W,Cincinnati Bengals,@,Pittsburgh Steelers,boxscore,17,12,306,1,319,6
13,8,Sun,1990-10-28,W,New York Jets,@,Houston Oilers,boxscore,17,12,229,1,425,2
14,16,Sun,1990-12-23,W,Seattle Seahawks,,Denver Broncos,boxscore,17,12,213,1,246,2
15,17,Sun,1990-12-30,W,Los Angeles Raiders,,San Diego Chargers,boxscore,17,12,248,0,271,1
16,12,Sun,1993-11-21,W,New York Jets,,Cincinnati Bengals,boxscore,17,12,288,0,226,2
17,11,Sun,1996-11-10,W,Denver Broncos,,Chicago Bears,boxscore,17,12,284,0,346,3
18,2,Sun,1998-09-13,W,Atlanta Falcons,,Philadelphia Eagles,boxscore,17,12,245,0,284,0
19,2,Sun,1998-09-13,W,Pittsburgh Steelers,,Chicago Bears,boxscore,17,12,251,1,320,2
20,5,Sun,1998-10-04,W,Indianapolis Colts,,San Diego Chargers,boxscore,17,12,192,1,295,3
21,6,Sun,1998-10-11,W,Philadelphia Eagles,,Washington Redskins,boxscore,17,12,198,1,278,3
22,2,Sun,2005-09-18,W,St. Louis Rams,@,Arizona Cardinals,boxscore,17,12,297,1,379,2
23,4,Sun,2006-10-01,W,Buffalo Bills,,Minnesota Vikings,boxscore,17,12,298,0,330,2
24,4,Sun,2010-10-03,W,Washington Redskins,@,Philadelphia Eagles,boxscore,17,12,293,1,353,2
25,10,Sun,2019-11-10,W,Pittsburgh Steelers,,Los Angeles Rams,boxscore,17,12,273,2,306,4
26,13,Sun,2020-12-06,W,New York Giants,@,Seattle Seahawks,boxscore,17,12,290,1,327,2
1,Champ,Sun,1943-12-26,W,Chicago Bears,,Washington Redskins,boxscore,41,21,455,0,249,6
2,10,Sun,1944-11-19,W,Detroit Lions,,Chicago Bears,boxscore,41,21,324,3,314,4
3,5,Sun,1945-10-21,W,Cleveland Rams,@,Chicago Bears,boxscore,41,21,407,2,343,3
4,5,Fri,1947-09-26,W,Cleveland Browns,@,Chicago Rockets,boxscore,41,21,395,4,322,10
5,9,Sun,1947-11-16,W,Chicago Bears,@,Los Angeles Rams,boxscore,41,21,388,6,296,6
6,10,Sun,1949-11-27,W,Chicago Cardinals,,Green Bay Packers,boxscore,41,21,344,3,319,4
7,8,Sun,1950-11-05,W,Baltimore Colts,,Green Bay Packers,boxscore,41,21,506,5,289,7
8,4,Sun,1962-09-30,W,Dallas Texans,,Buffalo Bills,boxscore,41,21,551,2,235,3
9,9,Sun,1965-11-14,W,Baltimore Colts,@,Minnesota Vikings,boxscore,41,21,393,0,249,2
10,14,Sun,1967-12-03,W,Oakland Raiders,@,San Diego Chargers,boxscore,41,21,460,0,418,3
11,8,Sun,1968-11-03,W,Pittsburgh Steelers,@,Atlanta Falcons,boxscore,41,21,402,1,343,5
12,9,Sun,1971-11-14,W,Oakland Raiders,,Houston Oilers,boxscore,41,21,245,4,189,6
13,2,Sun,1977-09-25,W,Dallas Cowboys,,New York Giants,boxscore,41,21,444,1,161,5
14,13,Sun,1981-11-29,W,Cincinnati Bengals,@,Cleveland Browns,boxscore,41,21,356,0,349,3
15,12,Sun,1983-11-20,W,Dallas Cowboys,,Kansas City Chiefs,boxscore,41,21,421,2,434,3
16,16,Sun,1984-12-16,W,Tampa Bay Buccaneers,,New York Jets,boxscore,41,21,346,2,252,3
17,11,Sun,1985-11-17,W,Detroit Lions,,Minnesota Vikings,boxscore,41,21,365,2,311,5
18,4,Mon,1987-10-05,W,San Francisco 49ers,@,New York Giants,boxscore,41,21,433,1,231,4
19,Division,Sun,1999-01-10,W,Minnesota Vikings,,Arizona Cardinals,boxscore,41,21,416,1,316,3
20,17,Sun,2006-12-31,W,St. Louis Rams,@,Minnesota Vikings,boxscore,41,21,416,0,293,2
21,9,Sun,2009-11-08,W,Arizona Cardinals,@,Chicago Bears,boxscore,41,21,438,1,417,1
22,1,Sun,2012-09-09,W,Chicago Bears,,Indianapolis Colts,boxscore,41,21,428,1,356,5
23,16,Sat,2016-12-24,W,Washington Redskins,@,Chicago Bears,boxscore,41,21,478,0,458,5
24,8,Sun,2020-11-01,W,Indianapolis Colts,@,Detroit Lions,boxscore,41,21,366,0,326,2
25,3,Mon,2021-09-27,W,Dallas Cowboys,,Philadelphia Eagles,boxscore,41,21,380,1,367,2
26,16,Sun,2021-12-26,W,Cincinnati Bengals,,Baltimore Ravens,boxscore,41,21,575,0,334,1
1,6,Sun,1920-10-31,W,Hammond Pros,@,Logan Square,boxscore,14,9,0,0,0,0
2,13,Sun,1929-12-15,W,New York Giants,@,Chicago Bears,boxscore,14,9,,,,
3,12,Sun,1940-11-24,W,Brooklyn Dodgers,,Chicago Cardinals,boxscore,14,9,222,5,287,4
4,Champ,Sun,1946-12-22,W,Cleveland Browns,,New York Yankees,boxscore,14,9,325,1,146,2
5,8,Sun,1959-11-15,W,Pittsburgh Steelers,@,New York Giants,boxscore,14,9,322,3,187,3
6,11,Sun,1963-11-17,W,New York Jets,@,Denver Broncos,boxscore,14,9,347,0,215,1
7,3,Sun,1976-09-26,W,Buffalo Bills,@,Tampa Bay Buccaneers,boxscore,14,9,295,2,338,2
8,4,Sun,1978-09-24,W,Tampa Bay Buccaneers,,Atlanta Falcons,boxscore,14,9,176,1,217,3
9,5,Sun,1980-10-05,W,Green Bay Packers,,Cincinnati Bengals,boxscore,14,9,313,1,216,2
10,8,Sun,1980-10-26,W,Denver Broncos,@,New York Giants,boxscore,14,9,276,1,315,1
11,1,Sun,1982-09-12,W,Buffalo Bills,,Kansas City Chiefs,boxscore,14,9,259,0,229,2
12,11,Sun,1982-11-21,W,Dallas Cowboys,,Tampa Bay Buccaneers,boxscore,14,9,185,1,382,1
13,14,Sun,1983-12-04,W,Buffalo Bills,@,Kansas City Chiefs,boxscore,14,9,264,3,341,2
14,1,Sun,1985-09-08,W,San Diego Chargers,@,Buffalo Bills,boxscore,14,9,308,2,455,3
15,3,Sun,1986-09-21,W,New York Giants,@,Los Angeles Raiders,boxscore,14,9,334,2,318,2
16,15,Sun,1986-12-14,W,New Orleans Saints,@,Atlanta Falcons,boxscore,14,9,241,1,247,3
17,1,Sun,1990-09-09,W,Los Angeles Raiders,,Denver Broncos,boxscore,14,9,194,2,196,4
18,18,Fri,1993-12-31,W,Minnesota Vikings,@,Washington Redskins,boxscore,14,9,272,1,265,1
19,11,Sun,1994-11-13,W,Detroit Lions,,Tampa Bay Buccaneers,boxscore,14,9,342,0,343,0
20,5,Sun,1997-09-28,W,New York Giants,,New Orleans Saints,boxscore,14,9,264,2,266,2
21,16,Sun,2001-12-30,W,Buffalo Bills,@,New York Jets,boxscore,14,9,368,1,375,3
22,15,Sun,2008-12-14,W,Miami Dolphins,,San Francisco 49ers,boxscore,14,9,248,0,318,0
23,1,Thu,2010-09-09,W,New Orleans Saints,,Minnesota Vikings,boxscore,14,9,308,0,253,1
24,8,Mon,2013-10-28,W,Seattle Seahawks,@,St. Louis Rams,boxscore,14,9,135,0,339,2
25,13,Sun,2017-12-03,W,Minnesota Vikings,@,Atlanta Falcons,boxscore,14,9,312,0,275,0
26,16,Sun,2018-12-23,W,Chicago Bears,@,San Francisco 49ers,boxscore,14,9,325,2,279,1
1,2,Sun,1947-09-28,W,Chicago Cardinals,,Detroit Lions,boxscore,45,21,564,2,315,4
2,10,Sun,1947-11-23,W,Washington Redskins,,Chicago Cardinals,boxscore,45,21,488,2,353,7
3,12,Sun,1947-12-07,W,Chicago Cardinals,@,Philadelphia Eagles,boxscore,45,21,379,1,383,4
4,13,Sun,1948-12-12,W,Philadelphia Eagles,,Detroit Lions,boxscore,45,21,520,0,412,3
5,9,Sun,1949-11-20,W,Detroit Lions,@,New York Giants,boxscore,45,21,402,6,239,6
6,12,Sun,1950-12-03,W,Detroit Lions,@,Baltimore Colts,boxscore,45,21,565,6,311,7
7,13,Sun,1950-12-10,W,Cleveland Browns,@,Washington Redskins,boxscore,45,21,477,3,278,4
8,7,Sun,1951-11-11,W,Los Angeles Rams,,Chicago Cardinals,boxscore,45,21,518,2,342,4
9,11,Sun,1951-12-09,W,Chicago Bears,@,New York Yanks,boxscore,45,21,485,2,360,2
10,11,Sun,1952-12-07,W,Detroit Lions,,Chicago Bears,boxscore,45,21,428,2,208,7
11,11,Sun,1959-12-06,W,Detroit Lions,,Chicago Cardinals,boxscore,45,21,377,3,289,5
12,8,Sun,1961-11-05,W,Baltimore Colts,,Green Bay Packers,boxscore,45,21,407,3,225,1
13,12,Sun,1962-12-02,W,Dallas Cowboys,,Cleveland Browns,boxscore,45,21,398,1,295,2
14,12,Sun,1964-11-29,W,Green Bay Packers,@,Dallas Cowboys,boxscore,45,21,246,2,132,6
15,5,Sun,1965-10-17,W,San Francisco 49ers,@,Los Angeles Rams,boxscore,45,21,386,5,221,2
16,10,Sun,1970-11-22,W,Dallas Cowboys,@,Washington Redskins,boxscore,45,21,370,1,304,2
17,4,Sun,1972-10-08,W,New York Giants,,New Orleans Saints,boxscore,45,21,357,2,286,6
18,14,Sun,1972-12-17,W,Denver Broncos,,New England Patriots,boxscore,45,21,482,0,260,0
19,5,Sun,1988-10-02,W,Cincinnati Bengals,@,Los Angeles Raiders,boxscore,45,21,496,1,405,5
20,11,Sun,1993-11-14,W,San Francisco 49ers,@,Tampa Bay Buccaneers,boxscore,45,21,448,0,322,4
21,1,Sun,1994-09-04,W,Indianapolis Colts,,Houston Oilers,boxscore,45,21,288,2,374,3
22,12,Sun,2006-11-26,W,Indianapolis Colts,,Philadelphia Eagles,boxscore,45,21,420,1,300,3
23,8,Sun,2013-10-27,W,Denver Broncos,,Washington Redskins,boxscore,45,21,446,4,266,5
24,10,Mon,2014-11-10,W,Philadelphia Eagles,,Carolina Panthers,boxscore,45,21,365,0,317,5
25,13,Sun,2014-11-30,W,Houston Texans,,Tennessee Titans,boxscore,45,21,457,1,320,4
26,10,Mon,2017-11-13,W,Carolina Panthers,,Miami Dolphins,boxscore,45,21,548,0,313,1
1,11,Sun,1943-11-28,W,Chicago Bears,@,Chicago Cardinals,boxscore,35,24,440,4,202,4
2,5,Sun,1947-10-19,W,Pittsburgh Steelers,,Philadelphia Eagles,boxscore,35,24,406,1,343,3
3,6,Sat,1953-10-31,W,Green Bay Packers,@,Baltimore Colts,boxscore,35,24,404,2,268,2
4,12,Sun,1955-12-11,W,San Francisco 49ers,,Baltimore Colts,boxscore,35,24,325,1,327,2
5,12,Sun,1955-12-11,W,Cleveland Browns,,Chicago Cardinals,boxscore,35,24,326,3,239,3
6,6,Sun,1956-11-04,W,Chicago Bears,@,Los Angeles Rams,boxscore,35,24,370,1,264,5
7,12,Sun,1961-12-03,W,Philadelphia Eagles,@,Pittsburgh Steelers,boxscore,35,24,284,3,361,7
8,15,Sun,1961-12-17,W,Dallas Texans,,New York Titans,boxscore,35,24,325,4,255,4
9,5,Sun,1963-10-13,W,Cleveland Browns,@,New York Giants,boxscore,35,24,340,1,211,1
10,4,Sun,1965-10-10,W,Philadelphia Eagles,@,Dallas Cowboys,boxscore,35,24,396,0,298,3
11,1,Sun,1967-09-17,W,Philadelphia Eagles,,Washington Redskins,boxscore,35,24,426,2,388,1
12,7,Sun,1974-10-27,W,Oakland Raiders,@,San Francisco 49ers,boxscore,35,24,297,1,372,5
13,7,Sat,1975-11-01,W,New York Giants,,San Diego Chargers,boxscore,35,24,348,2,349,1
14,6,Sun,1979-10-07,W,Seattle Seahawks,@,San Francisco 49ers,boxscore,35,24,310,0,464,2
15,12,Sun,1981-11-22,W,St. Louis Cardinals,@,Baltimore Colts,boxscore,35,24,452,3,385,2
16,16,Sun,1981-12-20,W,Chicago Bears,,Denver Broncos,boxscore,35,24,281,2,298,3
17,3,Mon,1985-09-23,W,Los Angeles Rams,@,Seattle Seahawks,boxscore,35,24,357,5,314,5
18,8,Sun,1987-11-01,W,Miami Dolphins,,Pittsburgh Steelers,boxscore,35,24,478,3,315,1
19,13,Sun,1988-11-27,W,Denver Broncos,,Los Angeles Rams,boxscore,35,24,368,1,484,3
20,15,Sun,1997-12-07,W,Pittsburgh Steelers,,Denver Broncos,boxscore,35,24,476,2,320,1
21,15,Sun,2000-12-10,W,Philadelphia Eagles,@,Cleveland Browns,boxscore,35,24,391,2,418,4
22,5,Sun,2007-10-07,W,New York Giants,,New York Jets,boxscore,35,24,374,2,277,3
23,Division,Sun,2009-01-11,W,Pittsburgh Steelers,,San Diego Chargers,boxscore,35,24,342,0,290,2
24,Division,Sun,2011-01-16,W,Chicago Bears,,Seattle Seahawks,boxscore,35,24,437,1,276,0
25,6,Mon,2012-10-15,W,Denver Broncos,@,San Diego Chargers,boxscore,35,24,365,3,307,6
26,Conf. Champ,Sun,2020-01-19,W,Kansas City Chiefs,,Tennessee Titans,boxscore,35,24,404,0,295,0
1,8,Sun,1946-11-10,W,New York Giants,,Philadelphia Eagles,boxscore,45,17,341,4,273,5
2,3,Sun,1957-10-13,W,Baltimore Colts,@,Green Bay Packers,boxscore,45,17,369,3,192,7
3,2,Sat,1961-09-16,W,Boston Patriots,,Denver Broncos,boxscore,45,17,392,1,270,4
4,14,Sun,1964-12-13,W,Baltimore Colts,,Washington Redskins,boxscore,45,17,358,5,182,3
5,8,Sun,1968-11-03,W,St. Louis Cardinals,@,Philadelphia Eagles,boxscore,45,17,362,1,342,1
6,15,Sun,1968-12-15,W,Houston Oilers,,Boston Patriots,boxscore,45,17,390,4,126,5
7,12,Sun,1969-12-07,W,Atlanta Falcons,,New Orleans Saints,boxscore,45,17,376,1,287,2
8,13,Sun,1971-12-12,W,San Diego Chargers,,Denver Broncos,boxscore,45,17,498,1,330,3
9,7,Sun,1972-10-29,W,Oakland Raiders,,Los Angeles Rams,boxscore,45,17,362,0,317,7
10,11,Sun,1984-11-11,W,Green Bay Packers,,Minnesota Vikings,boxscore,45,17,513,1,272,2
11,4,Mon,1993-09-27,W,Pittsburgh Steelers,@,Atlanta Falcons,boxscore,45,17,368,1,220,6
12,13,Sun,1997-11-23,W,Green Bay Packers,,Dallas Cowboys,boxscore,45,17,409,1,213,2
13,14,Sun,2000-12-03,W,San Francisco 49ers,@,San Diego Chargers,boxscore,45,17,385,0,303,5
14,Division,Sun,2002-01-20,W,St. Louis Rams,,Green Bay Packers,boxscore,45,17,292,1,383,8
15,7,Sun,2003-10-19,W,New Orleans Saints,@,Atlanta Falcons,boxscore,45,17,506,1,238,1
16,15,Sun,2003-12-14,W,Kansas City Chiefs,,Detroit Lions,boxscore,45,17,521,0,334,2
17,12,Mon,2004-11-29,W,Green Bay Packers,,St. Louis Rams,boxscore,45,17,446,0,452,3
18,15,Sun,2004-12-19,W,Kansas City Chiefs,,Denver Broncos,boxscore,45,17,410,0,402,3
19,11,Sun,2005-11-20,W,Kansas City Chiefs,@,Houston Texans,boxscore,45,17,446,1,259,3
20,16,Sun,2010-12-26,W,Green Bay Packers,,New York Giants,boxscore,45,17,515,1,386,6
21,17,Sun,2012-01-01,W,New Orleans Saints,,Carolina Panthers,boxscore,45,17,617,1,301,2
22,3,Sun,2013-09-22,W,Seattle Seahawks,,Jacksonville Jaguars,boxscore,45,17,479,2,265,3
23,11,Sun,2015-11-22,W,Tampa Bay Buccaneers,@,Philadelphia Eagles,boxscore,45,17,521,1,383,4
24,5,Sun,2021-10-10,W,Tampa Bay Buccaneers,,Miami Dolphins,boxscore,45,17,558,0,301,2
25,10,Sun,2021-11-14,W,Buffalo Bills,@,New York Jets,boxscore,45,17,489,2,366,5
1,2,Sun,1956-10-07,W,San Francisco 49ers,,Los Angeles Rams,boxscore,33,30,219,1,432,7
2,5,Sun,1976-10-10,W,Kansas City Chiefs,@,Washington Redskins,boxscore,33,30,443,0,438,4
3,13,Sun,1979-11-25,W,Pittsburgh Steelers,,Cleveland Browns,boxscore,33,30,606,3,345,1
4,4,Mon,1984-09-24,W,Los Angeles Raiders,,San Diego Chargers,boxscore,33,30,397,2,343,1
5,18,Sun,1994-01-02,W,Los Angeles Raiders,,Denver Broncos,boxscore,33,30,398,1,471,0
6,17,Sat,1994-12-24,W,Cincinnati Bengals,,Philadelphia Eagles,boxscore,33,30,385,4,378,3
7,7,Sun,1995-10-15,W,New Orleans Saints,,Miami Dolphins,boxscore,33,30,335,2,381,5
8,15,Sun,1997-12-07,W,Miami Dolphins,,Detroit Lions,boxscore,33,30,391,1,424,5
9,15,Sun,2001-12-23,W,Atlanta Falcons,,Buffalo Bills,boxscore,33,30,489,2,398,0
10,10,Sun,2002-11-10,W,New England Patriots,@,Chicago Bears,boxscore,33,30,397,2,299,1
11,15,Sat,2004-12-18,W,Pittsburgh Steelers,@,New York Giants,boxscore,33,30,469,2,278,1
12,9,Sun,2007-11-04,W,Cleveland Browns,,Seattle Seahawks,boxscore,33,30,428,1,423,2
13,11,Sun,2007-11-18,W,Cleveland Browns,@,Baltimore Ravens,boxscore,33,30,380,2,368,4
14,2,Sun,2008-09-14,W,San Francisco 49ers,@,Seattle Seahawks,boxscore,33,30,365,1,351,3
15,13,Sun,2009-12-06,W,New Orleans Saints,@,Washington Redskins,boxscore,33,30,463,1,455,4
16,15,Sun,2010-12-19,W,Dallas Cowboys,,Washington Redskins,boxscore,33,30,434,0,341,3
17,2,Sun,2013-09-15,W,San Diego Chargers,@,Philadelphia Eagles,boxscore,33,30,539,2,522,0
18,5,Sun,2015-10-11,W,Cleveland Browns,@,Baltimore Ravens,boxscore,33,30,505,0,377,0
19,7,Sun,2016-10-23,W,San Diego Chargers,@,Atlanta Falcons,boxscore,33,30,426,2,386,1
20,4,Sun,2017-10-01,W,Carolina Panthers,@,New England Patriots,boxscore,33,30,444,2,373,0
21,6,Mon,2018-10-15,W,Green Bay Packers,,San Francisco 49ers,boxscore,33,30,521,0,401,3
22,13,Sun,2018-12-02,W,Los Angeles Chargers,@,Pittsburgh Steelers,boxscore,33,30,371,0,336,1
23,2,Sun,2020-09-20,W,Tennessee Titans,,Jacksonville Jaguars,boxscore,33,30,354,0,480,2
24,2,Sun,2021-09-19,W,Tennessee Titans,@,Seattle Seahawks,boxscore,33,30,532,1,397,0
25,10,Sun,2022-11-13,W,Minnesota Vikings,@,Buffalo Bills,boxscore,33,30,481,2,486,4
1,10,Sun,1947-11-02,W,San Francisco 49ers,@,Los Angeles Dons,boxscore,26,16,407,2,196,2
2,3,Sun,1962-09-23,W,Dallas Texans,@,Oakland Raiders,boxscore,26,16,285,1,236,4
3,8,Fri,1962-10-26,W,Boston Patriots,,Oakland Raiders,boxscore,26,16,430,3,279,1
4,12,Mon,1972-12-04,W,Los Angeles Rams,@,San Francisco 49ers,boxscore,26,16,313,0,304,3
5,10,Sun,1974-11-17,W,Pittsburgh Steelers,@,Cleveland Browns,boxscore,26,16,314,6,218,7
6,10,Mon,1986-11-10,W,Cleveland Browns,,Miami Dolphins,boxscore,26,16,558,2,353,2
7,5,Sun,1989-10-08,W,Cincinnati Bengals,@,Pittsburgh Steelers,boxscore,26,16,382,1,340,1
8,1,Sun,1996-09-01,W,St. Louis Rams,,Cincinnati Bengals,boxscore,26,16,209,3,242,5
9,17,Sat,1998-12-26,W,Minnesota Vikings,@,Tennessee Oilers,boxscore,26,16,338,1,354,0
10,7,Sun,1999-10-24,W,Seattle Seahawks,,Buffalo Bills,boxscore,26,16,385,0,352,3
11,9,Sun,2001-11-11,W,Denver Broncos,,San Diego Chargers,boxscore,26,16,338,1,243,5
12,15,Sat,2004-12-18,W,Washington Redskins,@,San Francisco 49ers,boxscore,26,16,337,1,254,4
13,12,Sun,2005-11-27,W,Kansas City Chiefs,,New England Patriots,boxscore,26,16,420,1,306,4
14,4,Sun,2007-09-30,W,Atlanta Falcons,,Houston Texans,boxscore,26,16,304,0,398,2
15,4,Sun,2011-10-02,W,San Diego Chargers,,Miami Dolphins,boxscore,26,16,411,0,248,2
16,8,Sun,2012-10-28,W,Oakland Raiders,@,Kansas City Chiefs,boxscore,26,16,344,1,299,4
17,3,Thu,2013-09-19,W,Kansas City Chiefs,@,Philadelphia Eagles,boxscore,26,16,394,0,431,5
18,Conf. Champ,Sun,2014-01-19,W,Denver Broncos,,New England Patriots,boxscore,26,16,507,0,320,0
19,2,Sun,2015-09-20,W,Minnesota Vikings,,Detroit Lions,boxscore,26,16,350,1,323,3
20,1,Sun,2017-09-10,W,Oakland Raiders,@,Tennessee Titans,boxscore,26,16,359,0,350,0
21,3,Sun,2017-09-24,W,Buffalo Bills,,Denver Broncos,boxscore,26,16,272,0,366,2
22,14,Sun,2017-12-10,W,San Francisco 49ers,@,Houston Texans,boxscore,26,16,416,1,311,1
23,13,Sun,2018-12-02,W,Baltimore Ravens,@,Atlanta Falcons,boxscore,26,16,366,1,131,1
24,1,Mon,2020-09-14,W,Pittsburgh Steelers,@,New York Giants,boxscore,26,16,349,1,291,2
25,4,Sun,2022-10-02,W,Arizona Cardinals,@,Carolina Panthers,boxscore,26,16,338,1,220,3
1,9,Sun,1936-11-08,W,Detroit Lions,,Pittsburgh Pirates,boxscore,28,3,0,0,0,0
2,3,Sat,1949-10-08,W,Philadelphia Eagles,,Chicago Cardinals,boxscore,28,3,376,2,213,3
3,8,Sun,1966-10-30,W,Minnesota Vikings,,San Francisco 49ers,boxscore,28,3,559,2,154,3
4,10,Sun,1969-11-16,W,Buffalo Bills,,Miami Dolphins,boxscore,28,3,309,1,248,1
5,10,Sun,1971-11-21,W,Detroit Lions,@,Chicago Bears,boxscore,28,3,256,3,118,4
6,3,Sun,1975-10-05,W,Minnesota Vikings,,Chicago Bears,boxscore,28,3,355,2,192,2
7,9,Sun,1975-11-16,W,Pittsburgh Steelers,,Kansas City Chiefs,boxscore,28,3,420,2,201,2
8,3,Sun,1978-09-17,W,Pittsburgh Steelers,@,Cincinnati Bengals,boxscore,28,3,447,4,179,2
9,3,Sun,1978-09-17,W,Oakland Raiders,@,Green Bay Packers,boxscore,28,3,420,4,196,3
10,16,Sun,1981-12-20,W,New York Jets,,Green Bay Packers,boxscore,28,3,393,4,84,3
11,1,Sun,1988-09-04,W,New England Patriots,,New York Jets,boxscore,28,3,343,2,179,2
12,Conf. Champ,Sun,1989-01-08,W,San Francisco 49ers,@,Chicago Bears,boxscore,28,3,406,1,267,2
13,3,Sun,1995-09-17,W,San Francisco 49ers,,New England Patriots,boxscore,28,3,363,1,302,4
14,12,Sun,1996-11-17,W,Pittsburgh Steelers,,Jacksonville Jaguars,boxscore,28,3,198,1,239,4
15,Division,Sun,1997-01-05,W,New England Patriots,,Pittsburgh Steelers,boxscore,28,3,346,2,213,2
16,8,Sun,1998-10-25,W,New York Jets,,Atlanta Falcons,boxscore,28,3,311,0,207,3
17,11,Sun,1998-11-15,W,Washington Redskins,,Philadelphia Eagles,boxscore,28,3,289,1,215,3
18,14,Sun,1999-12-12,W,Washington Redskins,,Arizona Cardinals,boxscore,28,3,406,2,173,4
19,4,Sun,2002-09-29,W,Jacksonville Jaguars,,New York Jets,boxscore,28,3,383,0,345,4
20,13,Sun,2003-11-30,W,Chicago Bears,,Arizona Cardinals,boxscore,28,3,422,1,197,3
21,5,Sun,2005-10-09,W,Indianapolis Colts,@,San Francisco 49ers,boxscore,28,3,365,3,177,5
22,6,Sun,2005-10-16,W,Chicago Bears,,Minnesota Vikings,boxscore,28,3,192,3,283,2
23,Wild Card,Sat,2006-01-07,W,New England Patriots,,Jacksonville Jaguars,boxscore,28,3,307,0,292,2
24,3,Sun,2010-09-26,W,Philadelphia Eagles,@,Jacksonville Jaguars,boxscore,28,3,373,0,191,1
25,6,Mon,2016-10-17,W,Arizona Cardinals,,New York Jets,boxscore,28,3,396,0,230,2
1,9,Sun,1940-11-03,W,Washington Redskins,,Pittsburgh Steelers,boxscore,37,10,371,0,289,1
2,5,Sun,1941-10-05,W,New York Giants,@,Pittsburgh Steelers,boxscore,37,10,207,3,177,6
3,2,Mon,1951-10-08,W,Detroit Lions,,New York Yanks,boxscore,37,10,307,1,258,3
4,2,Sat,1958-10-04,W,Chicago Cardinals,,Washington Redskins,boxscore,37,10,531,3,247,3
5,10,Sun,1961-11-19,W,Detroit Lions,@,Minnesota Vikings,boxscore,37,10,351,3,126,3
6,1,Sun,1965-09-12,W,Oakland Raiders,,Kansas City Chiefs,boxscore,37,10,288,1,154,3
7,6,Sat,1966-10-08,W,Kansas City Chiefs,,Denver Broncos,boxscore,37,10,379,1,212,2
8,9,Sun,1966-11-06,W,Baltimore Colts,,Washington Redskins,boxscore,37,10,520,2,272,4
9,3,Sun,1970-10-04,W,Los Angeles Rams,,San Diego Chargers,boxscore,37,10,277,1,147,4
10,13,Thu,1978-11-23,W,Dallas Cowboys,,Washington Redskins,boxscore,37,10,507,2,201,1
11,15,Sun,1978-12-10,W,San Diego Chargers,,Seattle Seahawks,boxscore,37,10,381,1,239,3
12,8,Sun,1985-10-27,W,Indianapolis Colts,,Green Bay Packers,boxscore,37,10,496,2,277,6
13,16,Sun,1985-12-22,W,New York Jets,,Cleveland Browns,boxscore,37,10,361,2,242,3
14,14,Sun,1986-12-07,W,Kansas City Chiefs,,Denver Broncos,boxscore,37,10,169,1,323,5
15,4,Sun,1987-10-04,W,New Orleans Saints,,Los Angeles Rams,boxscore,37,10,349,1,207,2
16,5,Sun,1992-10-04,W,Miami Dolphins,@,Buffalo Bills,boxscore,37,10,362,1,400,5
17,10,Sun,1995-11-05,W,Houston Oilers,@,Cleveland Browns,boxscore,37,10,277,1,367,5
18,17,Sat,1995-12-23,W,Detroit Lions,@,Tampa Bay Buccaneers,boxscore,37,10,406,1,314,4
19,15,Thu,1996-12-05,W,Indianapolis Colts,,Philadelphia Eagles,boxscore,37,10,361,0,330,3
20,17,Sun,1996-12-22,W,Washington Redskins,,Dallas Cowboys,boxscore,37,10,483,1,235,2
21,14,Sun,2011-12-11,W,New York Jets,,Kansas City Chiefs,boxscore,37,10,314,1,221,1
22,14,Sun,2011-12-11,W,San Diego Chargers,,Buffalo Bills,boxscore,37,10,366,1,281,3
23,7,Sun,2019-10-20,W,Los Angeles Rams,@,Atlanta Falcons,boxscore,37,10,381,0,224,3
24,7,Sun,2019-10-20,W,Dallas Cowboys,,Philadelphia Eagles,boxscore,37,10,402,1,283,4
25,17,Sun,2022-01-02,W,Green Bay Packers,,Minnesota Vikings,boxscore,37,10,481,0,206,0
1,7,Sun,1920-11-07,W,Buffalo All-Americans,,All Tonawanda,boxscore,35,0,0,0,0,0
2,6,Sun,1924-11-02,W,Cleveland Bulldogs,,Dayton Triangles,boxscore,35,0,0,0,0,0
3,6,Sun,1926-10-24,W,Green Bay Packers,,Racine Tornadoes,boxscore,35,0,0,0,0,0
4,10,Sat,1926-11-20,W,Frankford Yellow Jackets,,Dayton Triangles,boxscore,35,0,0,0,0,0
5,11,Sun,1926-11-28,W,Chicago Bears,,Canton Bulldogs,boxscore,35,0,0,0,0,0
6,2,Fri,1935-09-20,W,Detroit Lions,,Philadelphia Eagles,boxscore,35,0,0,0,0,0
7,9,Sun,1942-11-08,W,Chicago Bears,@,Brooklyn Dodgers,boxscore,35,0,424,2,120,4
8,4,Sat,1954-10-16,W,Detroit Lions,,Baltimore Colts,boxscore,35,0,372,2,213,3
9,11,Sun,1954-12-05,W,San Francisco 49ers,,Green Bay Packers,boxscore,35,0,449,0,271,2
10,4,Sun,1957-10-20,W,New York Giants,,Pittsburgh Steelers,boxscore,35,0,340,1,172,4
11,5,Sat,1960-10-08,W,Boston Patriots,@,Los Angeles Chargers,boxscore,35,0,353,1,200,5
12,4,Sun,1961-10-08,W,San Francisco 49ers,,Los Angeles Rams,boxscore,35,0,521,0,166,2
13,7,Sun,1970-11-01,W,Baltimore Colts,,Miami Dolphins,boxscore,35,0,239,1,383,4
14,15,Sun,1979-12-09,W,San Diego Chargers,@,New Orleans Saints,boxscore,35,0,400,0,231,2
15,14,Sun,1982-12-12,W,Atlanta Falcons,,New Orleans Saints,boxscore,35,0,329,4,91,6
16,16,Sun,1990-12-23,W,Pittsburgh Steelers,,Cleveland Browns,boxscore,35,0,329,2,158,9
17,1,Mon,1995-09-04,W,Dallas Cowboys,@,New York Giants,boxscore,35,0,461,1,211,1
18,17,Sun,1998-12-27,W,Tampa Bay Buccaneers,@,Cincinnati Bengals,boxscore,35,0,320,1,246,3
19,4,Mon,2001-10-08,W,St. Louis Rams,@,Detroit Lions,boxscore,35,0,378,1,334,3
20,12,Sun,2001-12-02,W,San Francisco 49ers,,Buffalo Bills,boxscore,35,0,409,0,191,5
21,16,Sun,2003-12-21,W,Baltimore Ravens,@,Cleveland Browns,boxscore,35,0,359,1,211,4
22,11,Sun,2006-11-19,W,New England Patriots,@,Green Bay Packers,boxscore,35,0,357,1,120,1
23,4,Sun,2009-10-04,W,San Francisco 49ers,,St. Louis Rams,boxscore,35,0,228,0,177,3
24,2,Sun,2021-09-19,W,Buffalo Bills,@,Miami Dolphins,boxscore,35,0,314,2,216,3
1,10,Sat,1924-11-29,W,Frankford Yellow Jackets,,Buffalo Bisons,boxscore,45,7,0,0,0,0
2,2,Sun,1948-09-26,W,Chicago Bears,@,Green Bay Packers,boxscore,45,7,297,1,186,6
3,1,Sun,1950-09-17,W,Detroit Lions,@,Green Bay Packers,boxscore,45,7,304,1,164,8
4,2,Sun,1950-09-24,W,Philadelphia Eagles,@,Chicago Cardinals,boxscore,45,7,439,4,265,12
5,7,Sun,1950-10-29,W,Cleveland Browns,,Pittsburgh Steelers,boxscore,45,7,533,1,349,8
6,11,Sun,1956-12-09,W,Detroit Lions,,Pittsburgh Steelers,boxscore,45,7,296,6,129,6
7,6,Sun,1960-10-30,W,Baltimore Colts,@,Dallas Cowboys,boxscore,45,7,493,1,147,6
8,4,Sun,1961-10-08,W,Green Bay Packers,,Baltimore Colts,boxscore,45,7,357,1,289,8
9,1,Sun,1962-09-16,W,Detroit Lions,,Pittsburgh Steelers,boxscore,45,7,395,0,173,2
10,8,Sun,1963-11-03,W,Detroit Lions,@,San Francisco 49ers,boxscore,45,7,509,3,133,4
11,1,Sat,1966-09-03,W,Houston Oilers,,Denver Broncos,boxscore,45,7,472,1,26,3
12,14,Sun,1970-12-20,W,Cincinnati Bengals,,Boston Patriots,boxscore,45,7,424,0,149,2
13,14,Sun,1970-12-20,W,Miami Dolphins,,Buffalo Bills,boxscore,45,7,325,1,197,4
14,15,Sat,1981-12-12,W,Detroit Lions,,Minnesota Vikings,boxscore,45,7,476,4,216,4
15,10,Sun,1983-11-06,W,Washington Redskins,,St. Louis Cardinals,boxscore,45,7,374,2,267,5
16,4,Sun,1993-09-26,W,New York Jets,,New England Patriots,boxscore,45,7,388,0,211,3
17,14,Sun,1996-12-01,W,New England Patriots,@,San Diego Chargers,boxscore,45,7,313,0,236,6
18,15,Sun,2003-12-14,W,New Orleans Saints,,New York Giants,boxscore,45,7,440,1,241,2
19,6,Sun,2006-10-15,W,Pittsburgh Steelers,,Kansas City Chiefs,boxscore,45,7,457,1,213,3
20,9,Sun,2010-11-07,W,Green Bay Packers,,Dallas Cowboys,boxscore,45,7,415,0,205,4
21,10,Mon,2011-11-14,W,Green Bay Packers,,Minnesota Vikings,boxscore,45,7,356,1,266,1
22,8,Sun,2012-10-28,W,New England Patriots,@,St. Louis Rams,boxscore,45,7,473,0,326,2
23,Conf. Champ,Sun,2015-01-18,W,New England Patriots,,Indianapolis Colts,boxscore,45,7,397,1,209,3
24,15,Sun,2017-12-17,W,Jacksonville Jaguars,,Houston Texans,boxscore,45,7,464,0,186,1
25,10,Sun,2021-11-14,W,New England Patriots,,Cleveland Browns,boxscore,45,7,452,0,217,1
1,2,Sat,1924-10-04,W,Frankford Yellow Jackets,,Kenosha Maroons,boxscore,31,6,0,0,0,0
2,4,Sun,1940-09-29,W,Green Bay Packers,,Chicago Cardinals,boxscore,31,6,332,3,224,6
3,7,Sun,1952-11-09,W,Detroit Lions,@,Pittsburgh Steelers,boxscore,31,6,391,0,192,3
4,4,Sun,1965-10-10,W,Chicago Bears,,Los Angeles Rams,boxscore,31,6,390,2,284,5
5,10,Sun,1970-11-22,W,Denver Broncos,@,New Orleans Saints,boxscore,31,6,452,1,263,3
6,3,Mon,1973-10-01,W,Detroit Lions,,Atlanta Falcons,boxscore,31,6,297,1,188,5
7,12,Sun,1984-11-18,W,Green Bay Packers,,Los Angeles Rams,boxscore,31,6,314,2,297,4
8,4,Sun,1988-09-25,W,Houston Oilers,,New England Patriots,boxscore,31,6,328,3,184,6
9,11,Mon,1988-11-14,W,Buffalo Bills,@,Miami Dolphins,boxscore,31,6,416,0,257,3
10,15,Sun,1991-12-08,W,Houston Oilers,,Pittsburgh Steelers,boxscore,31,6,350,2,232,4
11,12,Sun,1995-11-19,W,Atlanta Falcons,,St. Louis Rams,boxscore,31,6,440,0,351,3
12,1,Sun,1996-09-01,W,Denver Broncos,,New York Jets,boxscore,31,6,367,3,188,4
13,13,Sun,1996-11-24,W,Carolina Panthers,@,Houston Oilers,boxscore,31,6,254,1,271,4
14,2,Sun,1997-09-07,W,New England Patriots,@,Indianapolis Colts,boxscore,31,6,382,0,255,1
15,17,Sun,2000-01-02,W,Buffalo Bills,,Indianapolis Colts,boxscore,31,6,419,0,226,1
16,Division,Sun,2003-01-12,W,Tampa Bay Buccaneers,,San Francisco 49ers,boxscore,31,6,329,2,228,5
17,2,Sun,2003-09-14,W,Green Bay Packers,,Detroit Lions,boxscore,31,6,332,2,293,3
18,12,Sun,2007-11-25,W,New Orleans Saints,@,Carolina Panthers,boxscore,31,6,373,1,195,4
19,1,Sun,2010-09-12,W,Seattle Seahawks,,San Francisco 49ers,boxscore,31,6,242,1,263,2
20,6,Sun,2010-10-17,W,New Orleans Saints,@,Tampa Bay Buccaneers,boxscore,31,6,475,1,277,1
21,11,Sun,2012-11-18,W,Washington Redskins,,Philadelphia Eagles,boxscore,31,6,361,0,257,3
22,3,Sun,2019-09-22,W,Dallas Cowboys,,Miami Dolphins,boxscore,31,6,476,1,283,1
23,5,Sun,2019-10-06,W,Philadelphia Eagles,,New York Jets,boxscore,31,6,265,1,128,3
24,12,Thu,2021-11-25,W,Buffalo Bills,@,New Orleans Saints,boxscore,31,6,361,2,190,1
1,7,Sun,1934-10-21,W,Chicago Bears,,Cincinnati Reds,boxscore,41,7,0,0,0,0
2,1,Sun,1954-09-26,W,San Francisco 49ers,,Washington Redskins,boxscore,41,7,414,2,184,6
3,8,Sun,1960-11-13,W,Green Bay Packers,,Dallas Cowboys,boxscore,41,7,391,2,260,5
4,3,Sun,1967-10-01,W,Baltimore Colts,,San Francisco 49ers,boxscore,41,7,524,0,240,2
5,10,Sun,1967-11-19,W,Baltimore Colts,,Detroit Lions,boxscore,41,7,351,1,261,3
6,3,Sun,1968-09-29,W,Baltimore Colts,@,Pittsburgh Steelers,boxscore,41,7,276,1,213,4
7,6,Mon,1976-10-18,W,New England Patriots,,New York Jets,boxscore,41,7,475,1,309,2
8,11,Sun,1984-11-11,W,San Francisco 49ers,@,Cleveland Browns,boxscore,41,7,468,2,251,4
9,3,Sun,1990-09-23,W,Cincinnati Bengals,,New England Patriots,boxscore,41,7,346,2,302,5
10,4,Sun,1992-09-27,W,Buffalo Bills,@,New England Patriots,boxscore,41,7,490,1,265,3
11,6,Sun,1993-10-10,W,New York Giants,@,Washington Redskins,boxscore,41,7,415,0,304,4
12,1,Sun,1997-08-31,W,New England Patriots,,San Diego Chargers,boxscore,41,7,424,0,227,3
13,7,Sun,1998-10-18,W,Minnesota Vikings,,Washington Redskins,boxscore,41,7,435,1,177,1
14,16,Mon,2003-12-22,W,Green Bay Packers,@,Oakland Raiders,boxscore,41,7,548,0,298,3
15,16,Sun,2004-12-26,W,Buffalo Bills,@,San Francisco 49ers,boxscore,41,7,441,1,189,4
16,14,Sun,2007-12-09,W,Denver Broncos,,Kansas City Chiefs,boxscore,41,7,453,0,129,3
17,7,Mon,2008-10-20,W,New England Patriots,,Denver Broncos,boxscore,41,7,404,0,275,5
18,2,Sun,2010-09-19,W,Atlanta Falcons,,Arizona Cardinals,boxscore,41,7,444,1,267,3
19,9,Sun,2010-11-07,W,New York Giants,@,Seattle Seahawks,boxscore,41,7,487,1,162,3
20,1,Sun,2011-09-11,W,Buffalo Bills,@,Kansas City Chiefs,boxscore,41,7,364,1,213,3
21,7,Sun,2011-10-23,W,Houston Texans,@,Tennessee Titans,boxscore,41,7,518,0,148,2
22,16,Sun,2013-12-22,W,New England Patriots,@,Baltimore Ravens,boxscore,41,7,300,0,358,4
23,11,Sun,2019-11-17,W,Baltimore Ravens,,Houston Texans,boxscore,41,7,491,0,232,2
24,2,Mon,2022-09-19,W,Buffalo Bills,,Tennessee Titans,boxscore,41,7,414,0,187,4
1,3,Wed,1946-09-25,W,Chicago Rockets,,Buffalo Bisons,boxscore,38,35,402,2,396,3
2,5,Sun,1958-10-26,W,Green Bay Packers,,Philadelphia Eagles,boxscore,38,35,318,1,411,4
3,3,Sun,1965-10-03,W,Minnesota Vikings,@,Los Angeles Rams,boxscore,38,35,392,1,361,3
4,10,Sun,1980-11-09,W,New York Giants,,Dallas Cowboys,boxscore,38,35,462,2,394,5
5,14,Sun,1980-12-07,W,San Francisco 49ers,,New Orleans Saints,boxscore,38,35,430,0,519,3
6,6,Sun,1983-10-09,W,Buffalo Bills,@,Miami Dolphins,boxscore,38,35,483,2,488,2
7,2,Sun,1988-09-11,W,Houston Oilers,,Los Angeles Raiders,boxscore,38,35,406,3,158,2
8,2,Sun,1994-09-11,W,Buffalo Bills,@,New England Patriots,boxscore,38,35,466,4,467,5
9,4,Sun,1994-09-25,W,Minnesota Vikings,,Miami Dolphins,boxscore,38,35,458,0,473,4
10,16,Mon,2000-12-18,W,Tampa Bay Buccaneers,,St. Louis Rams,boxscore,38,35,446,2,388,3
11,5,Mon,2003-10-06,W,Indianapolis Colts,@,Tampa Bay Buccaneers,boxscore,38,35,455,2,457,1
12,17,Sat,2007-12-29,W,New England Patriots,@,New York Giants,boxscore,38,35,390,0,316,1
13,8,Sun,2010-10-31,W,Tampa Bay Buccaneers,@,Arizona Cardinals,boxscore,38,35,407,2,396,4
14,13,Sun,2010-12-05,W,Dallas Cowboys,@,Indianapolis Colts,boxscore,38,35,368,0,405,4
15,2,Sun,2011-09-18,W,Buffalo Bills,,Oakland Raiders,boxscore,38,35,481,1,454,2
16,13,Sun,2011-12-04,W,Green Bay Packers,@,New York Giants,boxscore,38,35,449,1,447,2
17,Division,Sat,2013-01-12,W,Baltimore Ravens,@,Denver Broncos,boxscore,38,35,479,1,398,3
18,16,Sat,2014-12-20,W,San Diego Chargers,@,San Francisco 49ers,boxscore,38,35,446,3,447,3
19,9,Sun,2015-11-08,W,Pittsburgh Steelers,,Oakland Raiders,boxscore,38,35,597,2,440,4
20,15,Sun,2015-12-20,W,Carolina Panthers,@,New York Giants,boxscore,38,35,480,1,406,2
21,11,Sun,2018-11-18,W,New York Giants,,Tampa Bay Buccaneers,boxscore,38,35,359,0,510,4
22,14,Sun,2019-12-08,W,Tampa Bay Buccaneers,,Indianapolis Colts,boxscore,38,35,542,4,309,1
23,16,Sun,2019-12-22,W,Miami Dolphins,,Cincinnati Bengals,boxscore,38,35,502,1,430,1
24,1,Sun,2022-09-11,W,Philadelphia Eagles,@,Detroit Lions,boxscore,38,35,455,0,386,1
1,12,Sun,1951-12-16,W,Cleveland Browns,@,Philadelphia Eagles,boxscore,24,9,243,4,73,2
2,4,Sun,1961-10-08,W,New York Giants,@,St. Louis Cardinals,boxscore,24,9,224,2,160,7
3,8,Sun,1970-11-08,W,Kansas City Chiefs,,Houston Oilers,boxscore,24,9,221,0,326,3
4,5,Sun,1983-10-02,W,Seattle Seahawks,@,Cleveland Browns,boxscore,24,9,259,1,405,4
5,9,Sun,1986-11-02,W,Cleveland Browns,@,Indianapolis Colts,boxscore,24,9,259,0,264,1
6,7,Sun,1990-10-21,W,Los Angeles Raiders,@,San Diego Chargers,boxscore,24,9,289,1,289,0
7,9,Sun,1990-11-04,W,New York Jets,,Dallas Cowboys,boxscore,24,9,187,0,321,2
8,5,Sun,1993-10-03,W,Kansas City Chiefs,,Los Angeles Raiders,boxscore,24,9,242,0,222,1
9,1,Sun,1996-09-01,W,Jacksonville Jaguars,,Pittsburgh Steelers,boxscore,24,9,313,2,187,2
10,13,Sun,1996-11-24,W,Green Bay Packers,@,St. Louis Rams,boxscore,24,9,243,2,230,3
11,7,Sun,1999-10-24,W,Detroit Lions,@,Carolina Panthers,boxscore,24,9,300,2,320,2
12,15,Sun,1999-12-19,W,Philadelphia Eagles,,New England Patriots,boxscore,24,9,295,3,350,7
13,13,Sun,2005-12-04,W,Washington Redskins,@,St. Louis Rams,boxscore,24,9,407,0,191,2
14,2,Sun,2008-09-14,W,Tampa Bay Buccaneers,,Atlanta Falcons,boxscore,24,9,311,1,234,2
15,4,Sun,2008-09-28,W,Carolina Panthers,,Atlanta Falcons,boxscore,24,9,401,0,268,0
16,14,Mon,2009-12-14,W,San Francisco 49ers,,Arizona Cardinals,boxscore,24,9,327,2,245,7
17,Wild Card,Sun,2013-01-06,W,Baltimore Ravens,,Indianapolis Colts,boxscore,24,9,439,2,419,2
18,11,Sun,2016-11-20,W,Pittsburgh Steelers,@,Cleveland Browns,boxscore,24,9,313,0,209,2
19,9,Sun,2018-11-04,W,Minnesota Vikings,,Detroit Lions,boxscore,24,9,283,2,209,1
20,9,Sun,2019-11-03,W,Buffalo Bills,,Washington Redskins,boxscore,24,9,268,0,243,0
21,11,Sun,2020-11-22,W,New Orleans Saints,,Atlanta Falcons,boxscore,24,9,376,1,248,2
22,3,Thu,2021-09-23,W,Carolina Panthers,@,Houston Texans,boxscore,24,9,407,0,193,0
23,1,Sun,2022-09-11,W,Baltimore Ravens,@,New York Jets,boxscore,24,9,274,1,380,2
24,4,Mon,2022-10-03,W,San Francisco 49ers,,Los Angeles Rams,boxscore,24,9,327,0,257,2
1,3,Sun,1924-10-12,T,Racine Legion,@,Chicago Bears,boxscore,10,10,0,0,0,0
2,9,Sun,1924-11-23,T,Racine Legion,@,Chicago Cardinals,boxscore,10,10,0,0,0,0
3,3,Sun,1935-09-29,T,Detroit Lions,,Chicago Cardinals,boxscore,10,10,0,0,0,0
4,5,Sun,1936-10-11,T,New York Giants,,Brooklyn Dodgers,boxscore,10,10,170,3,151,2
5,2,Sun,1940-09-15,T,Pittsburgh Steelers,,New York Giants,boxscore,10,10,197,3,215,2
6,9,Sun,1951-11-25,T,San Francisco 49ers,@,New York Yanks,boxscore,10,10,337,2,283,5
7,9,Sun,1956-11-25,T,San Francisco 49ers,@,Philadelphia Eagles,boxscore,10,10,285,4,290,4
8,7,Sun,1959-11-08,T,Pittsburgh Steelers,,Detroit Lions,boxscore,10,10,189,4,314,3
9,10,Sun,1964-11-15,T,New York Giants,@,St. Louis Cardinals,boxscore,10,10,212,3,143,3
10,3,Sun,1965-09-26,T,San Diego Chargers,,Kansas City Chiefs,boxscore,10,10,186,4,209,3
11,11,Sun,1965-11-21,T,Boston Patriots,,Kansas City Chiefs,boxscore,10,10,284,2,326,3
12,6,Sun,1966-10-16,T,Dallas Cowboys,@,St. Louis Cardinals,boxscore,10,10,326,4,175,0
13,9,Sun,1966-11-06,T,Detroit Lions,@,Chicago Bears,boxscore,10,10,255,1,282,0
14,9,Sun,1967-11-12,T,Minnesota Vikings,,Detroit Lions,boxscore,10,10,177,1,366,6
15,13,Sun,1967-12-10,T,Minnesota Vikings,@,Chicago Bears,boxscore,10,10,212,1,298,0
16,8,Sun,1970-11-08,T,Los Angeles Rams,,Atlanta Falcons,boxscore,10,10,364,3,194,1
17,1,Sun,1971-09-19,T,Miami Dolphins,@,Denver Broncos,boxscore,10,10,239,5,261,1
18,5,Sun,1973-10-14,T,Kansas City Chiefs,@,Green Bay Packers,boxscore,10,10,149,1,315,2
19,2,Sun,1976-09-19,T,Los Angeles Rams,@,Minnesota Vikings,boxscore,10,10,394,3,363,3
20,13,Sun,1978-11-26,T,Minnesota Vikings,@,Green Bay Packers,boxscore,10,10,293,5,318,3
21,7,Sun,1986-10-19,T,San Francisco 49ers,@,Atlanta Falcons,boxscore,10,10,254,3,356,5
22,14,Sun,1986-12-07,T,Philadelphia Eagles,,St. Louis Cardinals,boxscore,10,10,354,1,461,1
23,11,Sun,1989-11-19,T,Kansas City Chiefs,@,Cleveland Browns,boxscore,10,10,307,3,261,5
24,12,Sun,1997-11-16,T,Baltimore Ravens,,Philadelphia Eagles,boxscore,10,10,329,2,273,1
1,2,Sun,1953-10-04,W,San Francisco 49ers,,Los Angeles Rams,boxscore,31,30,296,3,387,2
2,2,Sat,1955-10-01,W,Washington Redskins,@,Philadelphia Eagles,boxscore,31,30,254,2,465,3
3,9,Sun,1962-11-11,W,Chicago Bears,,Minnesota Vikings,boxscore,31,30,347,8,290,3
4,10,Sun,1966-11-13,W,Dallas Cowboys,@,Washington Redskins,boxscore,31,30,515,3,341,0
5,11,Sun,1975-11-30,W,Washington Redskins,,Minnesota Vikings,boxscore,31,30,373,0,508,0
6,10,Sun,1980-11-09,W,Kansas City Chiefs,@,Seattle Seahawks,boxscore,31,30,297,4,322,5
7,2,Sun,1981-09-13,W,Cincinnati Bengals,@,New York Jets,boxscore,31,30,310,1,388,1
8,12,Mon,1981-11-23,W,Atlanta Falcons,,Minnesota Vikings,boxscore,31,30,342,3,460,5
9,1,Mon,1983-09-05,W,Dallas Cowboys,@,Washington Redskins,boxscore,31,30,356,0,447,1
10,15,Sat,1986-12-13,W,Denver Broncos,,Washington Redskins,boxscore,31,30,330,0,412,2
11,15,Sun,1989-12-17,W,Washington Redskins,@,Atlanta Falcons,boxscore,31,30,507,3,374,2
12,6,Sun,1999-10-17,W,Miami Dolphins,@,New England Patriots,boxscore,31,30,317,2,259,2
13,16,Sat,2004-12-25,W,Kansas City Chiefs,,Oakland Raiders,boxscore,31,30,433,2,300,1
14,3,Sun,2012-09-23,W,Baltimore Ravens,,New England Patriots,boxscore,31,30,503,1,396,0
15,2,Sun,2013-09-15,W,Chicago Bears,,Minnesota Vikings,boxscore,31,30,411,4,350,3
16,8,Sun,2013-10-27,W,Detroit Lions,,Dallas Cowboys,boxscore,31,30,623,4,268,0
17,7,Sun,2015-10-25,W,Washington Redskins,,Tampa Bay Buccaneers,boxscore,31,30,355,1,479,1
18,7,Thu,2017-10-19,W,Oakland Raiders,,Kansas City Chiefs,boxscore,31,30,505,0,425,0
19,3,Sun,2020-09-27,W,Tennessee Titans,@,Minnesota Vikings,boxscore,31,30,444,1,464,3
20,8,Sun,2020-11-01,W,Denver Broncos,,Los Angeles Chargers,boxscore,31,30,351,1,485,2
21,15,Sun,2021-12-19,W,Green Bay Packers,@,Baltimore Ravens,boxscore,31,30,346,0,354,0
22,2,Sun,2022-09-18,W,New York Jets,@,Cleveland Browns,boxscore,31,30,402,1,405,1
23,10,Sun,2022-11-13,W,Detroit Lions,@,Chicago Bears,boxscore,31,30,323,0,408,1
1,4,Sun,1932-10-09,W,Green Bay Packers,,Portsmouth Spartans,boxscore,15,10,0,0,0,0
2,13,Sun,1967-12-10,W,Washington Redskins,@,Pittsburgh Steelers,boxscore,15,10,246,3,280,5
3,2,Sun,1972-09-24,W,Cincinnati Bengals,,Pittsburgh Steelers,boxscore,15,10,269,4,205,3
4,11,Sun,1974-11-24,W,Buffalo Bills,@,Cleveland Browns,boxscore,15,10,197,0,277,3
5,6,Sun,1985-10-13,W,Denver Broncos,@,Indianapolis Colts,boxscore,15,10,351,1,237,3
6,5,Sun,1987-10-11,W,Houston Oilers,@,Cleveland Browns,boxscore,15,10,317,2,169,4
7,17,Sat,1994-12-24,W,New York Giants,,Dallas Cowboys,boxscore,15,10,249,0,183,1
8,5,Sun,1995-10-01,W,Philadelphia Eagles,@,New Orleans Saints,boxscore,15,10,302,1,200,1
9,5,Sun,1996-09-29,W,New York Giants,,Minnesota Vikings,boxscore,15,10,291,0,228,2
10,2,Sun,2000-09-10,W,Detroit Lions,,Washington Redskins,boxscore,15,10,244,2,333,4
11,3,Sun,2000-09-17,W,Atlanta Falcons,@,Carolina Panthers,boxscore,15,10,262,2,284,4
12,6,Sun,2000-10-08,W,Baltimore Ravens,@,Jacksonville Jaguars,boxscore,15,10,194,1,348,6
13,14,Sun,2001-12-16,W,Jacksonville Jaguars,@,Cleveland Browns,boxscore,15,10,282,3,220,2
14,17,Sun,2002-01-06,W,Detroit Lions,,Dallas Cowboys,boxscore,15,10,366,0,264,1
15,8,Sun,2004-10-31,W,Philadelphia Eagles,,Baltimore Ravens,boxscore,15,10,298,1,327,2
16,8,Sun,2005-10-30,W,San Francisco 49ers,,Tampa Bay Buccaneers,boxscore,15,10,208,0,275,3
17,1,Sun,2010-09-12,W,Miami Dolphins,@,Buffalo Bills,boxscore,15,10,296,0,166,0
18,2,Sun,2010-09-19,W,Cincinnati Bengals,,Baltimore Ravens,boxscore,15,10,253,0,259,4
19,10,Sun,2017-11-12,W,Tampa Bay Buccaneers,,New York Jets,boxscore,15,10,271,1,275,2
20,17,Sun,2017-12-31,W,Tennessee Titans,,Jacksonville Jaguars,boxscore,15,10,232,1,229,4
21,Division,Sat,2018-01-13,W,Philadelphia Eagles,,Atlanta Falcons,boxscore,15,10,334,2,281,0
22,8,Sun,2021-10-31,W,Pittsburgh Steelers,@,Cleveland Browns,boxscore,15,10,370,0,306,1
23,15,Sun,2021-12-19,W,Cincinnati Bengals,@,Denver Broncos,boxscore,15,10,249,0,292,1
1,8,Sun,1945-11-11,W,Detroit Lions,@,Chicago Bears,boxscore,35,28,326,5,333,2
2,11,Sun,1946-12-01,W,Chicago Cardinals,@,Chicago Bears,boxscore,35,28,297,4,374,5
3,5,Sun,1949-10-23,W,New York Giants,,Chicago Bears,boxscore,35,28,367,0,435,3
4,6,Sun,1949-10-02,W,Baltimore Colts,@,Buffalo Bills,boxscore,35,28,366,0,378,3
5,4,Sun,1953-10-18,W,San Francisco 49ers,@,Chicago Bears,boxscore,35,28,379,3,265,4
6,3,Sun,1958-10-12,W,Cleveland Browns,,Chicago Cardinals,boxscore,35,28,454,1,389,4
7,1,Sat,1960-09-24,W,Pittsburgh Steelers,@,Dallas Cowboys,boxscore,35,28,475,1,395,4
8,3,Sun,1961-09-24,W,New York Titans,,Denver Broncos,boxscore,35,28,203,3,286,2
9,14,Sun,1965-12-19,W,Detroit Lions,@,Philadelphia Eagles,boxscore,35,28,327,2,93,4
10,10,Sun,1974-11-17,W,Miami Dolphins,,Buffalo Bills,boxscore,35,28,382,2,271,2
11,16,Sat,1990-12-22,W,Indianapolis Colts,,Washington Redskins,boxscore,35,28,249,0,467,2
12,11,Sun,1995-11-12,W,Green Bay Packers,,Chicago Bears,boxscore,35,28,356,0,444,1
13,8,Sun,1996-10-20,W,Philadelphia Eagles,,Miami Dolphins,boxscore,35,28,419,1,347,1
14,8,Sun,1997-10-19,W,San Francisco 49ers,@,Atlanta Falcons,boxscore,35,28,438,1,292,0
15,11,Sun,1998-11-15,W,Dallas Cowboys,@,Arizona Cardinals,boxscore,35,28,354,0,480,2
16,10,Sun,1999-11-14,W,Philadelphia Eagles,,Washington Redskins,boxscore,35,28,236,1,424,6
17,7,Thu,2001-10-25,W,Indianapolis Colts,@,Kansas City Chiefs,boxscore,35,28,373,1,415,3
18,14,Sun,2004-12-12,W,New England Patriots,,Cincinnati Bengals,boxscore,35,28,351,0,478,3
19,8,Sun,2006-10-29,W,Kansas City Chiefs,,Seattle Seahawks,boxscore,35,28,499,3,240,2
20,7,Sun,2012-10-21,W,New Orleans Saints,@,Tampa Bay Buccaneers,boxscore,35,28,458,1,513,0
21,13,Sun,2013-12-01,W,Denver Broncos,@,Kansas City Chiefs,boxscore,35,28,535,2,452,1
22,13,Sun,2015-12-06,W,Philadelphia Eagles,@,New England Patriots,boxscore,35,28,248,1,427,2
23,2,Sun,2016-09-18,W,Atlanta Falcons,@,Oakland Raiders,boxscore,35,28,528,1,454,0