Rk,Week,Day,Date,,Winner/tie,,Loser/tie,,PtsW,PtsL,YdsW,TOW,YdsL,TOL
1,5,Sun,1924-10-26,W,Buffalo Bisons,,Akron Pros,boxscore,17,13,0,0,0,0
2,10,Sun,1934-11-11,W,Detroit Lions,@,Chicago Cardinals,boxscore,17,13,0,0,0,0
3,6,Sun,1935-10-20,W,Pittsburgh Pirates,,Chicago Cardinals,boxscore,17,13,0,0,0,0
4,9,Mon,1939-11-06,W,Brooklyn Dodgers,,Pittsburgh Pirates,boxscore,17,13,284,0,252,5
5,8,Sun,1941-10-26,W,Washington Redskins,,Cleveland Rams,boxscore,17,13,141,2,177,2
6,4,Sun,1942-10-04,W,Green Bay Packers,@,Chicago Cardinals,boxscore,17,13,229,4,200,7
7,6,Sun,1950-10-22,W,New York Giants,,Cleveland Browns,boxscore,17,13,217,4,130,7
8,9,Sun,1951-11-25,W,Pittsburgh Steelers,@,Philadelphia Eagles,boxscore,17,13,323,3,300,5
9,2,Sun,1953-10-04,W,Chicago Bears,@,Green Bay Packers,boxscore,17,13,220,4,270,5
10,10,Sun,1954-11-28,W,Baltimore Colts,,San Francisco 49ers,boxscore,17,13,297,3,325,2
11,6,Sun,1956-11-04,W,Detroit Lions,@,San Francisco 49ers,boxscore,17,13,283,3,246,3
12,1,Sun,1957-09-29,W,Los Angeles Rams,,Philadelphia Eagles,boxscore,17,13,270,1,188,2
13,11,Sun,1957-12-08,W,San Francisco 49ers,,Baltimore Colts,boxscore,17,13,326,2,370,3
14,7,Sun,1960-11-06,W,New York Giants,@,Cleveland Browns,boxscore,17,13,314,2,95,3
15,6,Sun,1960-10-16,W,New York Titans,@,Buffalo Bills,boxscore,17,13,291,5,204,4
16,Champ,Mon,1960-12-26,W,Philadelphia Eagles,,Green Bay Packers,boxscore,17,13,296,3,401,1
17,1,Sun,1961-09-17,W,Detroit Lions,@,Green Bay Packers,boxscore,17,13,266,1,294,2
18,8,Sun,1961-11-05,W,Pittsburgh Steelers,@,Cleveland Browns,boxscore,17,13,356,2,252,2
19,10,Sun,1962-11-18,W,Green Bay Packers,,Baltimore Colts,boxscore,17,13,116,2,382,3
20,13,Sun,1962-12-09,W,New York Giants,,Cleveland Browns,boxscore,17,13,314,1,236,0
21,2,Sat,1963-09-14,W,San Diego Chargers,,Boston Patriots,boxscore,17,13,240,2,303,2
22,7,Sun,1967-10-29,W,Baltimore Colts,@,Washington Redskins,boxscore,17,13,351,2,322,3
23,11,Sun,1967-11-26,W,Green Bay Packers,@,Chicago Bears,boxscore,17,13,245,0,249,3
24,10,Sun,1971-11-21,W,Pittsburgh Steelers,,New York Giants,boxscore,17,13,175,0,419,3
25,4,Sun,1972-10-08,W,Dallas Cowboys,,Pittsburgh Steelers,boxscore,17,13,367,4,272,2
26,5,Sun,1973-10-14,W,Minnesota Vikings,@,San Francisco 49ers,boxscore,17,13,220,1,430,5
27,1,Sun,1974-09-15,W,San Francisco 49ers,@,New Orleans Saints,boxscore,17,13,214,3,278,4
28,5,Mon,1974-10-14,W,Detroit Lions,,San Francisco 49ers,boxscore,17,13,229,1,310,3
29,12,Sun,1974-12-01,W,Kansas City Chiefs,@,St. Louis Cardinals,boxscore,17,13,240,2,252,3
30,7,Sun,1975-11-02,W,Houston Oilers,@,Kansas City Chiefs,boxscore,17,13,325,2,345,4
31,12,Sun,1976-11-28,W,Cleveland Browns,,Miami Dolphins,boxscore,17,13,311,5,324,0
32,3,Sun,1977-10-02,W,Detroit Lions,,Philadelphia Eagles,boxscore,17,13,235,1,330,3
33,4,Sun,1979-09-23,W,Philadelphia Eagles,@,New York Giants,boxscore,17,13,326,3,229,2
34,4,Sun,1979-09-23,W,Pittsburgh Steelers,,Baltimore Colts,boxscore,17,13,392,4,285,2
35,5,Sun,1979-09-30,W,Tampa Bay Buccaneers,@,Chicago Bears,boxscore,17,13,373,3,234,3
36,9,Sun,1980-11-02,W,Detroit Lions,,San Francisco 49ers,boxscore,17,13,411,6,241,2
37,11,Sun,1980-11-16,W,Miami Dolphins,,San Francisco 49ers,boxscore,17,13,378,3,289,2
38,14,Thu,1981-12-03,W,Houston Oilers,,Cleveland Browns,boxscore,17,13,154,1,367,2
39,1,Sun,1983-09-04,W,Kansas City Chiefs,,Seattle Seahawks,boxscore,17,13,365,1,308,2
40,6,Sun,1983-10-09,W,Philadelphia Eagles,@,New York Giants,boxscore,17,13,304,0,378,2
41,2,Sun,1984-09-09,W,New Orleans Saints,,Tampa Bay Buccaneers,boxscore,17,13,333,0,264,0
42,11,Sun,1984-11-11,W,New Orleans Saints,@,Atlanta Falcons,boxscore,17,13,322,1,280,1
43,9,Sun,1985-11-03,W,New England Patriots,,Miami Dolphins,boxscore,17,13,380,4,236,4
44,4,Sun,1986-09-28,W,Los Angeles Raiders,,San Diego Chargers,boxscore,17,13,377,5,256,4
45,8,Sun,1986-10-26,W,Miami Dolphins,@,Indianapolis Colts,boxscore,17,13,340,0,303,1
46,10,Sun,1986-11-09,W,Los Angeles Raiders,@,Dallas Cowboys,boxscore,17,13,246,4,313,6
47,5,Sun,1987-10-11,W,San Diego Chargers,@,Tampa Bay Buccaneers,boxscore,17,13,385,3,201,1
48,2,Sun,1988-09-11,W,Chicago Bears,@,Indianapolis Colts,boxscore,17,13,326,1,173,3
49,13,Sun,1988-11-27,W,Cleveland Browns,@,Washington Redskins,boxscore,17,13,324,1,227,2
50,2,Sun,1990-09-16,W,Los Angeles Raiders,@,Seattle Seahawks,boxscore,17,13,326,0,344,1
51,7,Sun,1990-10-21,W,Dallas Cowboys,@,Tampa Bay Buccaneers,boxscore,17,13,223,1,331,5
52,9,Sun,1990-11-04,W,Los Angeles Rams,,Houston Oilers,boxscore,17,13,316,1,366,2
53,13,Sun,1990-12-02,W,Dallas Cowboys,,New Orleans Saints,boxscore,17,13,274,1,283,1
54,15,Sat,1990-12-15,W,Buffalo Bills,@,New York Giants,boxscore,17,13,264,0,313,0
55,3,Sun,1991-09-15,W,Detroit Lions,,Miami Dolphins,boxscore,17,13,353,1,226,0
56,8,Sun,1991-10-20,W,Houston Oilers,@,Miami Dolphins,boxscore,17,13,282,4,275,5
57,9,Sun,1991-10-27,W,Washington Redskins,@,New York Giants,boxscore,17,13,254,1,271,1
58,Wild Card,Sun,1991-12-29,W,Dallas Cowboys,@,Chicago Bears,boxscore,17,13,288,0,372,3
59,1,Sun,1992-09-06,W,Denver Broncos,,Los Angeles Raiders,boxscore,17,13,200,3,313,5
60,11,Sun,1992-11-15,W,Houston Oilers,@,Minnesota Vikings,boxscore,17,13,342,4,170,1
61,12,Sun,1992-11-22,W,Minnesota Vikings,,Cleveland Browns,boxscore,17,13,141,3,275,4
62,16,Sun,1992-12-20,W,Philadelphia Eagles,,Washington Redskins,boxscore,17,13,299,1,364,3
63,2,Sun,1993-09-12,W,Los Angeles Raiders,@,Seattle Seahawks,boxscore,17,13,264,1,232,3
64,12,Sun,1993-11-21,W,Miami Dolphins,,New England Patriots,boxscore,17,13,344,0,349,1
65,14,Sun,1993-12-05,W,Cleveland Browns,,New Orleans Saints,boxscore,17,13,314,4,127,0
66,12,Sun,1994-11-20,W,Indianapolis Colts,@,Cincinnati Bengals,boxscore,17,13,237,0,353,2
67,Conf. Champ,Sun,1995-01-15,W,San Diego Chargers,@,Pittsburgh Steelers,boxscore,17,13,226,1,415,1
68,2,Sun,1995-09-10,W,St. Louis Rams,,New Orleans Saints,boxscore,17,13,322,0,308,2
69,11,Sun,1995-11-12,W,Oakland Raiders,@,New York Giants,boxscore,17,13,299,1,267,1
70,13,Sun,1995-11-26,W,Cincinnati Bengals,@,Jacksonville Jaguars,boxscore,17,13,323,3,291,2
71,1,Sun,1996-09-01,W,Minnesota Vikings,,Detroit Lions,boxscore,17,13,311,0,435,5
72,4,Sun,1996-09-22,W,Seattle Seahawks,@,Tampa Bay Buccaneers,boxscore,17,13,322,1,217,1
73,6,Sun,1996-10-06,W,New Orleans Saints,,Jacksonville Jaguars,boxscore,17,13,197,1,382,2
74,1,Sun,1999-09-12,W,New York Giants,@,Tampa Bay Buccaneers,boxscore,17,13,107,0,254,5
75,16,Sun,2000-12-17,W,New York Giants,@,Dallas Cowboys,boxscore,17,13,225,1,145,3
76,14,Sat,2001-12-15,W,New York Giants,,Arizona Cardinals,boxscore,17,13,244,0,285,1
77,17,Sun,2002-01-06,W,Philadelphia Eagles,@,Tampa Bay Buccaneers,boxscore,17,13,296,2,236,2
78,10,Sun,2002-11-10,W,San Francisco 49ers,,Kansas City Chiefs,boxscore,17,13,323,1,256,0
79,13,Sun,2003-11-30,W,Houston Texans,,Atlanta Falcons,boxscore,17,13,236,1,243,1
80,4,Sun,2004-10-03,W,Cleveland Browns,,Washington Redskins,boxscore,17,13,280,1,265,2
81,4,Sun,2005-10-02,W,Tampa Bay Buccaneers,,Detroit Lions,boxscore,17,13,353,4,226,1
82,14,Sun,2005-12-11,W,Washington Redskins,@,Arizona Cardinals,boxscore,17,13,231,3,302,4
83,17,Sun,2006-01-01,W,Indianapolis Colts,,Arizona Cardinals,boxscore,17,13,218,1,413,2
84,10,Sun,2006-11-12,W,Cleveland Browns,@,Atlanta Falcons,boxscore,17,13,236,2,343,3
85,10,Sun,2006-11-12,W,Denver Broncos,@,Oakland Raiders,boxscore,17,13,264,3,244,2
86,11,Sun,2006-11-19,W,Kansas City Chiefs,,Oakland Raiders,boxscore,17,13,292,0,326,1
87,12,Sun,2006-11-26,W,New England Patriots,,Chicago Bears,boxscore,17,13,352,5,324,4
88,12,Sun,2006-11-26,W,Washington Redskins,,Carolina Panthers,boxscore,17,13,253,1,264,2
89,17,Sun,2010-01-03,W,Tennessee Titans,@,Seattle Seahawks,boxscore,17,13,304,2,309,1
90,1,Sun,2010-09-12,W,Arizona Cardinals,@,St. Louis Rams,boxscore,17,13,378,4,325,4
91,12,Sun,2010-11-28,W,Minnesota Vikings,@,Washington Redskins,boxscore,17,13,299,0,216,1
92,6,Sun,2011-10-16,W,Pittsburgh Steelers,,Jacksonville Jaguars,boxscore,17,13,370,0,209,0
93,11,Thu,2011-11-17,W,Denver Broncos,,New York Jets,boxscore,17,13,229,1,318,2
94,17,Sun,2012-01-01,W,Chicago Bears,@,Minnesota Vikings,boxscore,17,13,209,3,301,3
95,5,Sun,2012-10-07,W,Miami Dolphins,@,Cincinnati Bengals,boxscore,17,13,279,2,298,3
96,7,Sun,2012-10-21,W,Indianapolis Colts,,Cleveland Browns,boxscore,17,13,321,1,319,0
97,12,Thu,2013-11-21,W,New Orleans Saints,@,Atlanta Falcons,boxscore,17,13,374,0,355,1
98,16,Sun,2013-12-22,W,Carolina Panthers,,New Orleans Saints,boxscore,17,13,222,1,365,2
99,10,Sun,2014-11-09,W,Kansas City Chiefs,@,Buffalo Bills,boxscore,17,13,278,1,364,3
100,12,Sun,2014-11-23,W,San Francisco 49ers,,Washington Redskins,boxscore,17,13,312,3,213,1
101,16,Sun,2014-12-21,W,Carolina Panthers,,Cleveland Browns,boxscore,17,13,404,2,228,1
102,12,Thu,2015-11-26,W,Chicago Bears,@,Green Bay Packers,boxscore,17,13,290,0,365,2
103,16,Sun,2015-12-27,W,Kansas City Chiefs,,Cleveland Browns,boxscore,17,13,258,1,368,1
104,4,Sun,2016-10-02,W,Los Angeles Rams,@,Arizona Cardinals,boxscore,17,13,288,1,420,5
105,2,Sun,2020-09-20,W,Chicago Bears,,New York Giants,boxscore,17,13,304,2,295,2
106,16,Sun,2021-12-26,W,Las Vegas Raiders,,Denver Broncos,boxscore,17,13,342,3,158,0