Rk,Week,Day,Date,,Winner/tie,,Loser/tie,,PtsW,PtsL,YdsW,TOW,YdsL,TOL
1,11,Sun,1932-11-27,W,Green Bay Packers,@,Staten Island Stapletons,boxscore,21,3,0,0,0,0
2,4,Sun,1934-09-30,W,Chicago Bears,@,Cincinnati Reds,boxscore,21,3,0,0,0,0
3,8,Sun,1934-10-28,W,Brooklyn Dodgers,,Pittsburgh Pirates,boxscore,21,3,0,0,0,0
4,3,Tue,1937-09-21,W,Cleveland Rams,@,Philadelphia Eagles,boxscore,21,3,0,0,0,0
5,13,Sun,1941-11-30,W,Detroit Lions,,Chicago Cardinals,boxscore,21,3,187,3,235,7
6,1,Fri,1948-08-27,W,New York Yankees,@,Brooklyn Dodgers,boxscore,21,3,333,3,233,2
7,3,Sun,1954-10-10,W,Detroit Lions,,Los Angeles Rams,boxscore,21,3,374,3,358,4
8,13,Sun,1969-12-14,W,Green Bay Packers,@,Chicago Bears,boxscore,21,3,363,3,196,2
9,7,Sun,1972-10-29,W,New Orleans Saints,,Philadelphia Eagles,boxscore,21,3,432,1,209,3
10,5,Sun,1973-10-14,W,Washington Redskins,@,New York Giants,boxscore,21,3,148,3,230,6
11,3,Sun,1974-09-29,W,Cincinnati Bengals,@,San Francisco 49ers,boxscore,21,3,373,2,226,3
12,8,Sun,1979-10-21,W,Tampa Bay Buccaneers,,Green Bay Packers,boxscore,21,3,313,1,299,4
13,14,Sun,1981-12-06,W,San Francisco 49ers,@,Cincinnati Bengals,boxscore,21,3,325,1,345,6
14,14,Sun,1989-12-10,W,Kansas City Chiefs,@,Green Bay Packers,boxscore,21,3,381,3,208,2
15,6,Sun,1991-10-06,W,Pittsburgh Steelers,@,Indianapolis Colts,boxscore,21,3,292,3,189,2
16,1,Sun,1992-09-06,W,Cincinnati Bengals,@,Seattle Seahawks,boxscore,21,3,269,2,202,2
17,13,Sun,1994-11-27,W,Pittsburgh Steelers,@,Los Angeles Raiders,boxscore,21,3,306,0,179,2
18,17,Mon,1998-12-28,W,Jacksonville Jaguars,,Pittsburgh Steelers,boxscore,21,3,297,0,361,3
19,Wild Card,Sun,2000-12-31,W,Philadelphia Eagles,,Tampa Bay Buccaneers,boxscore,21,3,277,1,199,1
20,Wild Card,Sun,2000-12-31,W,Baltimore Ravens,,Denver Broncos,boxscore,21,3,240,0,177,1
21,1,Sun,2001-09-09,W,Jacksonville Jaguars,,Pittsburgh Steelers,boxscore,21,3,299,0,281,4
22,14,Mon,2010-12-13,W,New York Giants,@,Minnesota Vikings,boxscore,21,3,395,2,164,1
23,7,Sun,2022-10-23,W,Carolina Panthers,,Tampa Bay Buccaneers,boxscore,21,3,343,0,322,0
1,8,Sun,1924-11-16,W,Frankford Yellow Jackets,@,Cleveland Bulldogs,boxscore,12,7,0,0,0,0
2,4,Sat,1925-10-10,W,Frankford Yellow Jackets,,Canton Bulldogs,boxscore,12,7,0,0,0,0
3,13,Sun,1926-12-12,W,Kansas City Cowboys,,Duluth Eskimos,boxscore,12,7,0,0,0,0
4,2,Sun,1927-09-25,W,Green Bay Packers,,Cleveland Bulldogs,boxscore,12,7,0,0,0,0
5,9,Sun,1929-11-17,W,Boston Bulldogs,,Buffalo Bisons,boxscore,12,7,0,0,0,0
6,2,Thu,1939-09-14,W,Brooklyn Dodgers,,Pittsburgh Pirates,boxscore,12,7,250,1,215,3
7,13,Sun,1939-12-03,W,Green Bay Packers,@,Detroit Lions,boxscore,12,7,263,1,153,4
8,6,Sun,1948-10-24,W,Philadelphia Eagles,,Chicago Bears,boxscore,12,7,175,3,223,4
9,11,Fri,1964-11-20,W,Boston Patriots,,Denver Broncos,boxscore,12,7,296,5,214,4
10,8,Sun,1965-11-07,W,Detroit Lions,@,Green Bay Packers,boxscore,12,7,180,4,68,3
11,2,Sun,1973-09-23,W,Oakland Raiders,,Miami Dolphins,boxscore,12,7,250,1,195,2
12,10,Sun,1977-11-20,W,San Diego Chargers,,Oakland Raiders,boxscore,12,7,310,2,142,1
13,14,Sun,1982-12-12,W,Washington Redskins,@,St. Louis Cardinals,boxscore,12,7,292,1,356,3
14,6,Sun,1983-10-09,W,Baltimore Colts,,New England Patriots,boxscore,12,7,302,2,403,4
15,12,Sun,1993-11-21,W,Los Angeles Raiders,@,San Diego Chargers,boxscore,12,7,428,2,154,1
16,9,Sun,1999-11-07,W,New York Jets,,Arizona Cardinals,boxscore,12,7,295,0,206,1
17,15,Sun,2004-12-19,W,Philadelphia Eagles,,Dallas Cowboys,boxscore,12,7,328,3,237,2
18,17,Sun,2005-01-02,W,Arizona Cardinals,,Tampa Bay Buccaneers,boxscore,12,7,222,1,249,4
19,1,Sun,2009-09-13,W,Denver Broncos,@,Cincinnati Bengals,boxscore,12,7,302,0,307,2
20,7,Mon,2011-10-24,W,Jacksonville Jaguars,,Baltimore Ravens,boxscore,12,7,205,1,146,2
21,1,Sun,2013-09-08,W,Seattle Seahawks,@,Carolina Panthers,boxscore,12,7,370,1,253,2
22,14,Sun,2017-12-10,W,Arizona Cardinals,,Tennessee Titans,boxscore,12,7,261,0,204,2
23,6,Thu,2022-10-13,W,Washington Commanders,@,Chicago Bears,boxscore,12,7,214,0,391,2
1,13,Sun,1941-11-30,W,Green Bay Packers,@,Washington Redskins,boxscore,22,17,388,4,331,5
2,1,Sat,1983-09-03,W,Philadelphia Eagles,@,San Francisco 49ers,boxscore,22,17,281,1,336,3
3,Division,Sun,1987-01-04,W,Denver Broncos,,New England Patriots,boxscore,22,17,441,2,271,0
4,3,Sun,1988-09-18,W,Los Angeles Rams,@,Los Angeles Raiders,boxscore,22,17,313,1,408,1
5,10,Sun,1991-11-03,W,Buffalo Bills,,New England Patriots,boxscore,22,17,388,4,265,3
6,10,Sun,1994-11-06,W,New York Jets,,Buffalo Bills,boxscore,22,17,268,1,282,2
7,2,Sun,1999-09-19,W,Oakland Raiders,@,Minnesota Vikings,boxscore,22,17,402,1,354,3
8,9,Sun,2004-11-07,W,Buffalo Bills,,New York Jets,boxscore,22,17,341,0,282,2
9,15,Sun,2010-12-19,W,New York Jets,@,Pittsburgh Steelers,boxscore,22,17,276,0,378,0
10,4,Sun,2011-10-02,W,Kansas City Chiefs,,Minnesota Vikings,boxscore,22,17,350,0,341,1
11,10,Sun,2011-11-13,W,Seattle Seahawks,,Baltimore Ravens,boxscore,22,17,327,0,323,3
12,14,Sun,2011-12-11,W,New Orleans Saints,@,Tennessee Titans,boxscore,22,17,437,0,373,0
13,3,Sun,2012-09-23,W,Jacksonville Jaguars,@,Indianapolis Colts,boxscore,22,17,333,0,437,1
14,17,Sun,2012-12-30,W,Tampa Bay Buccaneers,@,Atlanta Falcons,boxscore,22,17,366,1,278,0
15,5,Sun,2014-10-05,W,San Francisco 49ers,,Kansas City Chiefs,boxscore,22,17,357,0,265,1
16,9,Sun,2014-11-02,W,Cleveland Browns,,Tampa Bay Buccaneers,boxscore,22,17,330,2,365,2
17,10,Thu,2015-11-12,W,Buffalo Bills,@,New York Jets,boxscore,22,17,280,0,318,4
18,17,Sun,2016-01-03,W,Buffalo Bills,,New York Jets,boxscore,22,17,295,1,300,3
19,12,Sun,2016-11-27,W,New England Patriots,@,New York Jets,boxscore,22,17,377,0,333,2
20,14,Sun,2016-12-11,W,Houston Texans,@,Indianapolis Colts,boxscore,22,17,316,1,348,3
21,11,Sun,2020-11-22,W,Cleveland Browns,,Philadelphia Eagles,boxscore,22,17,324,1,315,3
22,Division,Sun,2021-01-17,W,Kansas City Chiefs,,Cleveland Browns,boxscore,22,17,438,1,308,2
23,8,Sun,2022-10-30,W,New England Patriots,@,New York Jets,boxscore,22,17,288,1,387,3
1,4,Sun,1948-10-10,W,Chicago Bears,,Los Angeles Rams,boxscore,42,21,413,2,300,5
2,10,Sun,1948-11-21,W,Philadelphia Eagles,,Washington Redskins,boxscore,42,21,575,3,254,2
3,9,Sun,1951-11-25,W,Cleveland Browns,,Chicago Bears,boxscore,42,21,516,4,237,2
4,10,Sun,1961-11-19,W,New York Giants,,Pittsburgh Steelers,boxscore,42,21,425,2,305,4
5,12,Sun,1961-12-03,W,Minnesota Vikings,,Los Angeles Rams,boxscore,42,21,441,4,348,5
6,11,Sun,1965-11-28,W,Cleveland Browns,@,Pittsburgh Steelers,boxscore,42,21,360,0,358,0
7,12,Sat,1969-12-06,W,San Francisco 49ers,,Chicago Bears,boxscore,42,21,360,0,368,4
8,16,Sun,1978-12-17,W,St. Louis Cardinals,,Atlanta Falcons,boxscore,42,21,427,2,311,6
9,12,Sun,1979-11-18,W,Houston Oilers,,Cincinnati Bengals,boxscore,42,21,485,3,306,6
10,9,Sun,1981-11-01,W,Washington Redskins,,St. Louis Cardinals,boxscore,42,21,361,1,449,4
11,16,Sun,1981-12-20,W,Seattle Seahawks,,Cleveland Browns,boxscore,42,21,292,4,452,10
12,12,Sun,1984-11-18,W,Denver Broncos,,Minnesota Vikings,boxscore,42,21,435,2,314,5
13,16,Sun,1984-12-16,W,Kansas City Chiefs,@,San Diego Chargers,boxscore,42,21,399,0,443,0
14,7,Sun,1987-10-25,W,San Diego Chargers,,Kansas City Chiefs,boxscore,42,21,391,2,371,5
15,14,Sun,2007-12-09,W,Seattle Seahawks,,Arizona Cardinals,boxscore,42,21,349,0,355,5
16,12,Sun,2013-11-24,W,St. Louis Rams,,Chicago Bears,boxscore,42,21,406,0,424,3
17,14,Sun,2014-12-07,W,Pittsburgh Steelers,@,Cincinnati Bengals,boxscore,42,21,543,0,408,2
18,16,Mon,2016-12-26,W,Dallas Cowboys,,Detroit Lions,boxscore,42,21,375,0,319,2
19,14,Sun,2019-12-08,W,Tennessee Titans,@,Oakland Raiders,boxscore,42,21,552,1,355,1
20,15,Thu,2019-12-12,W,Baltimore Ravens,,New York Jets,boxscore,42,21,430,0,310,2
21,2,Sun,2020-09-20,W,Green Bay Packers,,Detroit Lions,boxscore,42,21,488,0,307,1
22,Wild Card,Sun,2022-01-16,W,Kansas City Chiefs,,Pittsburgh Steelers,boxscore,42,21,478,2,257,1
23,9,Sun,2022-11-06,W,Cincinnati Bengals,,Carolina Panthers,boxscore,42,21,464,0,228,3
1,3,Sun,1947-10-05,W,Washington Redskins,,Pittsburgh Steelers,boxscore,27,26,384,3,373,1
2,2,Sun,1955-10-02,W,Los Angeles Rams,,Pittsburgh Steelers,boxscore,27,26,346,3,258,3
3,4,Sun,1973-10-07,W,Buffalo Bills,,Philadelphia Eagles,boxscore,27,26,276,1,451,1
4,13,Sun,1975-12-14,W,Houston Oilers,@,Oakland Raiders,boxscore,27,26,260,3,377,6
5,7,Sun,1977-10-30,W,New Orleans Saints,,Los Angeles Rams,boxscore,27,26,343,2,376,3
6,15,Sun,1979-12-09,W,New York Jets,,New England Patriots,boxscore,27,26,281,0,320,1
7,8,Sun,1980-10-26,W,Cleveland Browns,,Pittsburgh Steelers,boxscore,27,26,439,4,393,1
8,2,Sun,1987-09-20,W,San Francisco 49ers,@,Cincinnati Bengals,boxscore,27,26,261,1,292,1
9,7,Sun,1987-10-25,W,Chicago Bears,@,Tampa Bay Buccaneers,boxscore,27,26,300,4,285,0
10,11,Sun,1988-11-13,W,Philadelphia Eagles,@,Pittsburgh Steelers,boxscore,27,26,358,3,361,1
11,9,Sun,1989-11-05,W,New York Jets,@,New England Patriots,boxscore,27,26,486,0,453,1
12,16,Sun,1996-12-15,W,Arizona Cardinals,,Washington Redskins,boxscore,27,26,299,2,329,1
13,13,Sun,2004-12-05,W,Cincinnati Bengals,@,Baltimore Ravens,boxscore,27,26,453,2,356,2
14,10,Sun,2006-11-12,W,Baltimore Ravens,@,Tennessee Titans,boxscore,27,26,421,2,367,1
15,16,Sat,2010-12-25,W,Arizona Cardinals,,Dallas Cowboys,boxscore,27,26,271,0,382,3
16,14,Sun,2013-12-08,W,New England Patriots,,Cleveland Browns,boxscore,27,26,484,2,494,0
17,15,Sun,2013-12-15,W,Atlanta Falcons,,Washington Redskins,boxscore,27,26,243,2,476,7
18,1,Sun,2015-09-13,W,Dallas Cowboys,,New York Giants,boxscore,27,26,436,3,288,0
19,10,Sun,2015-11-15,W,New England Patriots,@,New York Giants,boxscore,27,26,406,2,422,1
20,15,Sun,2016-12-18,W,Baltimore Ravens,,Philadelphia Eagles,boxscore,27,26,340,2,328,1
21,5,Sun,2020-10-11,W,Seattle Seahawks,,Minnesota Vikings,boxscore,27,26,314,1,449,2
22,1,Sun,2022-09-11,W,New Orleans Saints,@,Atlanta Falcons,boxscore,27,26,385,1,416,2
1,5,Sun,1920-10-24,W,Buffalo All-Americans,,Toledo Maroons,boxscore,38,0,0,0,0,0
2,3,Sun,1921-10-09,W,Buffalo All-Americans,,Columbus Panhandles,boxscore,38,0,0,0,0,0
3,1,Sun,1922-10-01,W,Canton Bulldogs,,Louisville Brecks,boxscore,38,0,0,0,0,0
4,8,Sun,1934-10-28,W,Detroit Lions,@,Cincinnati Reds,boxscore,38,0,0,0,0,0
5,10,Sun,1936-11-15,W,Detroit Lions,,New York Giants,boxscore,38,0,397,3,196,8
6,6,Sun,1944-10-22,W,Philadelphia Eagles,,Boston Yanks,boxscore,38,0,291,1,111,3
7,9,Sat,1953-11-21,W,Philadelphia Eagles,,Chicago Cardinals,boxscore,38,0,491,4,111,4
8,9,Mon,1970-11-16,W,St. Louis Cardinals,@,Dallas Cowboys,boxscore,38,0,392,1,243,6
9,1,Sun,1973-09-16,W,Washington Redskins,,San Diego Chargers,boxscore,38,0,211,2,135,7
10,8,Sun,1975-11-09,W,Minnesota Vikings,,Atlanta Falcons,boxscore,38,0,279,0,60,8
11,1,Mon,1978-09-04,W,Dallas Cowboys,,Baltimore Colts,boxscore,38,0,583,3,181,3
12,16,Sun,1981-12-20,W,Philadelphia Eagles,,St. Louis Cardinals,boxscore,38,0,444,5,211,6
13,Division,Sat,1982-01-02,W,Dallas Cowboys,,Tampa Bay Buccaneers,boxscore,38,0,345,0,222,4
14,8,Sun,1987-11-01,W,New Orleans Saints,@,Atlanta Falcons,boxscore,38,0,410,0,183,5
15,3,Sun,1992-09-20,W,Buffalo Bills,,Indianapolis Colts,boxscore,38,0,380,2,140,3
16,17,Sun,1993-12-26,W,New England Patriots,,Indianapolis Colts,boxscore,38,0,400,0,136,1
17,1,Sun,1998-09-06,W,Seattle Seahawks,@,Philadelphia Eagles,boxscore,38,0,406,0,174,3
18,17,Sun,2002-01-06,W,San Francisco 49ers,@,New Orleans Saints,boxscore,38,0,407,1,126,6
19,2,Sun,2003-09-14,W,Seattle Seahawks,@,Arizona Cardinals,boxscore,38,0,323,0,286,6
20,7,Sun,2009-10-25,W,New York Jets,@,Oakland Raiders,boxscore,38,0,447,0,263,4
21,3,Sun,2013-09-22,W,Carolina Panthers,,New York Giants,boxscore,38,0,402,2,150,3
22,14,Sun,2015-12-13,W,Carolina Panthers,,Atlanta Falcons,boxscore,38,0,424,0,230,4
1,4,Sun,1920-10-17,W,Chicago Tigers,,Detroit Heralds,boxscore,12,0,0,0,0,0
2,1,Sun,1923-09-30,W,Green Bay Packers,,Minneapolis Marines,boxscore,12,0,0,0,0,0
3,4,Sun,1923-10-21,W,Green Bay Packers,,Milwaukee Badgers,boxscore,12,0,0,0,0,0
4,4,Sun,1925-10-11,W,Rock Island Independents,@,Duluth Kelleys,boxscore,12,0,0,0,0,0
5,5,Sun,1927-10-16,W,Chicago Bears,,New York Yankees,boxscore,12,0,0,0,0,0
6,3,Sun,1929-10-06,W,Staten Island Stapletons,,Dayton Triangles,boxscore,12,0,0,0,0,0
7,9,Sun,1929-11-17,W,Green Bay Packers,@,Chicago Cardinals,boxscore,12,0,0,0,0,0
8,12,Sat,1929-12-07,W,New York Giants,@,Frankford Yellow Jackets,boxscore,12,0,0,0,0,0
9,2,Wed,1930-09-24,W,Portsmouth Spartans,,Brooklyn Dodgers,boxscore,12,0,0,0,0,0
10,5,Sun,1930-10-12,W,New York Giants,@,Chicago Bears,boxscore,12,0,0,0,0,0
11,10,Sun,1930-11-16,W,Chicago Bears,@,New York Giants,boxscore,12,0,0,0,0,0
12,7,Sun,1940-10-20,W,New York Giants,,Pittsburgh Steelers,boxscore,12,0,300,6,148,4
13,5,Sat,1963-10-05,W,Buffalo Bills,,Oakland Raiders,boxscore,12,0,275,3,143,3
14,12,Thu,1968-11-28,W,Philadelphia Eagles,@,Detroit Lions,boxscore,12,0,161,1,168,4
15,12,Sun,1980-11-23,W,San Francisco 49ers,,New York Giants,boxscore,12,0,326,3,131,1
16,1,Sun,1983-09-04,W,Miami Dolphins,@,Buffalo Bills,boxscore,12,0,177,1,258,2
17,5,Sun,1988-10-02,W,Denver Broncos,@,San Diego Chargers,boxscore,12,0,291,1,190,2
18,4,Sun,1992-09-27,W,Denver Broncos,@,Cleveland Browns,boxscore,12,0,300,1,216,3
19,17,Sun,1995-12-24,W,New Orleans Saints,@,New York Jets,boxscore,12,0,239,0,206,3
20,5,Sun,2000-10-01,W,Baltimore Ravens,@,Cleveland Browns,boxscore,12,0,348,1,230,4
21,11,Sun,2003-11-16,W,New England Patriots,,Dallas Cowboys,boxscore,12,0,268,1,291,3
22,14,Sun,2003-12-07,W,New England Patriots,,Miami Dolphins,boxscore,12,0,228,1,134,3
1,3,Sun,1938-09-25,W,Washington Redskins,,Cleveland Rams,boxscore,37,13,0,0,0,0
2,3,Sat,1953-10-10,W,Cleveland Browns,,Philadelphia Eagles,boxscore,37,13,416,3,415,5
3,1,Sun,1961-09-17,W,Minnesota Vikings,,Chicago Bears,boxscore,37,13,336,1,270,5
4,13,Sun,1973-12-09,W,Buffalo Bills,,New England Patriots,boxscore,37,13,324,0,390,4
5,9,Sun,1979-10-28,W,Cincinnati Bengals,,Philadelphia Eagles,boxscore,37,13,290,0,260,4
6,14,Sun,1981-12-06,W,Dallas Cowboys,@,Baltimore Colts,boxscore,37,13,464,2,238,3
7,17,Sun,1983-01-02,W,Kansas City Chiefs,,New York Jets,boxscore,37,13,355,1,308,2
8,9,Sun,1984-10-28,W,New York Giants,,Washington Redskins,boxscore,37,13,424,1,327,2
9,4,Sun,1990-09-30,W,New York Jets,@,New England Patriots,boxscore,37,13,499,2,258,4
10,15,Mon,1991-12-09,W,Miami Dolphins,,Cincinnati Bengals,boxscore,37,13,358,0,355,2
11,12,Sun,1993-11-21,W,Denver Broncos,,Pittsburgh Steelers,boxscore,37,13,364,0,349,3
12,8,Sun,1994-10-23,W,Cleveland Browns,,Cincinnati Bengals,boxscore,37,13,240,1,221,1
13,17,Mon,1995-12-25,W,Dallas Cowboys,@,Arizona Cardinals,boxscore,37,13,474,3,285,3
14,11,Sun,1996-11-10,W,Miami Dolphins,,Indianapolis Colts,boxscore,37,13,307,0,293,2
15,5,Sun,2002-10-06,W,San Francisco 49ers,,St. Louis Rams,boxscore,37,13,386,0,313,2
16,2,Sun,2003-09-14,W,Denver Broncos,@,San Diego Chargers,boxscore,37,13,382,0,303,1
17,4,Sun,2003-09-28,W,St. Louis Rams,,Arizona Cardinals,boxscore,37,13,401,1,161,3
18,3,Sun,2008-09-21,W,Seattle Seahawks,,St. Louis Rams,boxscore,37,13,407,1,240,2
19,11,Sun,2010-11-21,W,Baltimore Ravens,@,Carolina Panthers,boxscore,37,13,378,2,270,2
20,10,Sun,2011-11-13,W,Chicago Bears,,Detroit Lions,boxscore,37,13,216,1,393,6
21,16,Sun,2013-12-22,W,Denver Broncos,@,Houston Texans,boxscore,37,13,511,0,240,2
22,10,Sun,2015-11-15,W,Chicago Bears,@,St. Louis Rams,boxscore,37,13,397,2,285,2
1,13,Sun,1960-12-04,W,Los Angeles Chargers,@,Oakland Raiders,boxscore,41,17,399,0,392,4
2,7,Sun,1969-11-02,W,Baltimore Colts,,Washington Redskins,boxscore,41,17,359,2,357,4
3,13,Sat,1974-12-07,W,Dallas Cowboys,,Cleveland Browns,boxscore,41,17,469,1,257,5
4,13,Sun,1978-11-26,W,Buffalo Bills,,New York Giants,boxscore,41,17,465,1,321,1
5,13,Sun,1983-11-27,W,Los Angeles Rams,,Buffalo Bills,boxscore,41,17,355,1,345,5
6,9,Sun,1988-10-30,W,Houston Oilers,,Washington Redskins,boxscore,41,17,336,2,250,6
7,16,Mon,1992-12-21,W,Dallas Cowboys,@,Atlanta Falcons,boxscore,41,17,435,0,373,3
8,16,Sun,1994-12-18,W,New England Patriots,@,Buffalo Bills,boxscore,41,17,377,0,326,5
9,14,Sun,1996-12-01,W,Minnesota Vikings,,Arizona Cardinals,boxscore,41,17,412,0,280,3
10,4,Sun,2005-10-02,W,San Diego Chargers,@,New England Patriots,boxscore,41,17,431,0,303,2
11,15,Sun,2005-12-18,W,Cincinnati Bengals,@,Detroit Lions,boxscore,41,17,426,2,270,4
12,12,Sun,2007-11-25,W,Minnesota Vikings,@,New York Giants,boxscore,41,17,251,0,309,4
13,5,Sun,2008-10-05,W,Arizona Cardinals,,Buffalo Bills,boxscore,41,17,373,0,287,4
14,10,Sun,2009-11-15,W,Tennessee Titans,,Buffalo Bills,boxscore,41,17,378,1,296,2
15,4,Sun,2014-09-28,W,Indianapolis Colts,,Tennessee Titans,boxscore,41,17,498,1,261,3
16,10,Sun,2014-11-09,W,Denver Broncos,@,Oakland Raiders,boxscore,41,17,471,2,222,3
17,5,Sun,2018-10-07,W,Pittsburgh Steelers,,Atlanta Falcons,boxscore,41,17,381,1,324,1
18,15,Sun,2018-12-16,W,Minnesota Vikings,,Miami Dolphins,boxscore,41,17,418,1,193,0
19,2,Sun,2019-09-15,W,San Francisco 49ers,@,Cincinnati Bengals,boxscore,41,17,571,1,316,1
20,16,Sun,2020-12-27,W,Chicago Bears,@,Jacksonville Jaguars,boxscore,41,17,391,1,279,2
21,7,Sun,2021-10-24,W,Cincinnati Bengals,@,Baltimore Ravens,boxscore,41,17,520,1,393,0
22,18,Sun,2022-01-09,W,Tampa Bay Buccaneers,,Carolina Panthers,boxscore,41,17,409,0,317,2
1,7,Sun,1921-11-06,W,Chicago Staleys,,Detroit Tigers,boxscore,20,9,0,0,0,0
2,4,Sun,1956-10-21,W,Washington Redskins,,Cleveland Browns,boxscore,20,9,235,3,216,4
3,4,Sun,1975-10-12,W,Pittsburgh Steelers,,Denver Broncos,boxscore,20,9,327,2,277,4
4,13,Sun,1976-12-05,W,Minnesota Vikings,,Green Bay Packers,boxscore,20,9,413,3,144,0
5,2,Sun,1990-09-16,W,Pittsburgh Steelers,,Houston Oilers,boxscore,20,9,123,0,309,4
6,6,Sun,1991-10-06,W,New York Giants,,Phoenix Cardinals,boxscore,20,9,368,1,307,2
7,9,Sun,1991-10-27,W,Seattle Seahawks,,San Diego Chargers,boxscore,20,9,202,2,320,0
8,9,Sun,1995-10-29,W,Philadelphia Eagles,,St. Louis Rams,boxscore,20,9,274,1,328,4
9,9,Sun,1996-10-27,W,Philadelphia Eagles,,Carolina Panthers,boxscore,20,9,359,1,300,2
10,17,Sun,1996-12-22,W,Buffalo Bills,,Kansas City Chiefs,boxscore,20,9,335,3,249,3
11,17,Sun,1997-12-21,W,Jacksonville Jaguars,@,Oakland Raiders,boxscore,20,9,417,0,300,1
12,5,Sun,1998-10-04,W,New York Jets,,Miami Dolphins,boxscore,20,9,289,1,153,3
13,15,Sun,2006-12-17,W,San Diego Chargers,,Kansas City Chiefs,boxscore,20,9,353,2,241,2
14,16,Sat,2006-12-23,W,Kansas City Chiefs,@,Oakland Raiders,boxscore,20,9,292,1,307,5
15,7,Sun,2009-10-25,W,Buffalo Bills,@,Carolina Panthers,boxscore,20,9,167,0,425,4
16,10,Sun,2011-11-13,W,Miami Dolphins,,Washington Redskins,boxscore,20,9,303,2,246,2
17,3,Sun,2014-09-21,W,New Orleans Saints,,Minnesota Vikings,boxscore,20,9,396,0,247,0
18,1,Sun,2015-09-13,W,Carolina Panthers,@,Jacksonville Jaguars,boxscore,20,9,263,1,265,3
19,11,Sun,2020-11-22,W,Washington Football Team,,Cincinnati Bengals,boxscore,20,9,325,1,272,2
20,16,Sun,2020-12-27,W,Seattle Seahawks,,Los Angeles Rams,boxscore,20,9,292,0,334,1
21,5,Sun,2021-10-10,W,Chicago Bears,@,Las Vegas Raiders,boxscore,20,9,252,0,259,1
22,13,Sun,2021-12-05,W,Miami Dolphins,,New York Giants,boxscore,20,9,297,0,250,1
1,12,Sun,1946-11-24,W,Cleveland Browns,,Buffalo Bisons,boxscore,42,17,455,2,256,3
2,10,Sun,1951-12-02,W,Los Angeles Rams,@,Chicago Bears,boxscore,42,17,496,3,351,0
3,4,Sun,1956-10-21,W,Green Bay Packers,,Los Angeles Rams,boxscore,42,17,492,0,385,5
4,11,Sun,1957-12-08,W,Los Angeles Rams,,Green Bay Packers,boxscore,42,17,599,3,307,1
5,3,Sun,1962-09-23,W,Houston Oilers,@,San Diego Chargers,boxscore,42,17,432,1,337,3
6,14,Sun,1962-12-16,W,Baltimore Colts,,Minnesota Vikings,boxscore,42,17,576,7,217,2
7,8,Sun,1969-11-09,W,St. Louis Cardinals,,New York Giants,boxscore,42,17,403,0,343,1
8,7,Sun,1975-11-02,W,Oakland Raiders,@,Denver Broncos,boxscore,42,17,328,4,327,3
9,14,Sun,1975-12-21,W,Chicago Bears,@,New Orleans Saints,boxscore,42,17,458,3,197,5
10,4,Sun,1976-10-03,W,Baltimore Colts,,Tampa Bay Buccaneers,boxscore,42,17,458,2,89,1
11,16,Mon,1983-12-19,W,San Francisco 49ers,,Dallas Cowboys,boxscore,42,17,294,1,365,5
12,7,Sun,1991-10-13,W,Washington Redskins,,Cleveland Browns,boxscore,42,17,398,1,389,2
13,Wild Card,Sat,1997-12-27,W,Denver Broncos,,Jacksonville Jaguars,boxscore,42,17,511,2,237,2
14,16,Sun,2001-12-30,W,St. Louis Rams,,Indianapolis Colts,boxscore,42,17,483,1,261,1
15,17,Sun,2002-12-29,W,New York Jets,,Green Bay Packers,boxscore,42,17,337,0,322,1
16,14,Sun,2006-12-10,W,New Orleans Saints,@,Dallas Cowboys,boxscore,42,17,536,0,347,2
17,16,Fri,2009-12-25,W,San Diego Chargers,@,Tennessee Titans,boxscore,42,17,425,1,270,3
18,17,Sun,2013-12-29,W,New Orleans Saints,,Tampa Bay Buccaneers,boxscore,42,17,468,0,290,1
19,7,Sun,2014-10-19,W,Denver Broncos,,San Francisco 49ers,boxscore,42,17,419,0,310,1
20,5,Sun,2015-10-11,W,Arizona Cardinals,@,Detroit Lions,boxscore,42,17,345,0,435,6
21,2,Sun,2017-09-17,W,Denver Broncos,,Dallas Cowboys,boxscore,42,17,380,2,268,2
22,17,Sun,2018-12-30,W,Buffalo Bills,,Miami Dolphins,boxscore,42,17,381,1,225,4
1,8,Sat,1926-11-06,W,Frankford Yellow Jackets,,Chicago Cardinals,boxscore,33,7,0,0,0,0
2,5,Sun,1943-10-17,W,Washington Redskins,@,Green Bay Packers,boxscore,33,7,299,5,176,5
3,6,Sun,1946-10-27,W,Pittsburgh Steelers,@,Boston Yanks,boxscore,33,7,281,1,190,5
4,8,Sun,1956-11-18,W,Washington Redskins,,New York Giants,boxscore,33,7,391,1,249,5
5,6,Sun,1959-11-01,W,San Francisco 49ers,,Detroit Lions,boxscore,33,7,394,4,183,3
6,6,Sun,1961-10-22,W,Green Bay Packers,@,Minnesota Vikings,boxscore,33,7,467,1,328,7
7,12,Sun,1972-12-03,W,Green Bay Packers,,Detroit Lions,boxscore,33,7,309,1,189,6
8,13,Sun,1973-12-09,W,Pittsburgh Steelers,,Houston Oilers,boxscore,33,7,320,4,83,9
9,1,Sun,1974-09-15,W,Cincinnati Bengals,,Cleveland Browns,boxscore,33,7,342,2,203,1
10,4,Sun,1976-10-03,W,Chicago Bears,,Washington Redskins,boxscore,33,7,392,0,119,5
11,3,Sun,1986-09-21,W,Denver Broncos,@,Philadelphia Eagles,boxscore,33,7,328,1,273,2
12,5,Mon,1986-10-06,W,Seattle Seahawks,,San Diego Chargers,boxscore,33,7,512,3,271,5
13,15,Sun,1989-12-17,W,Detroit Lions,,Tampa Bay Buccaneers,boxscore,33,7,382,2,225,5
14,3,Sun,1997-09-14,W,San Francisco 49ers,,New Orleans Saints,boxscore,33,7,304,1,260,8
15,9,Sun,1999-11-07,W,Carolina Panthers,,Philadelphia Eagles,boxscore,33,7,381,0,249,5
16,2,Sun,2003-09-14,W,Indianapolis Colts,,Tennessee Titans,boxscore,33,7,291,0,236,2
17,17,Sun,2010-01-03,W,Green Bay Packers,@,Arizona Cardinals,boxscore,33,7,345,1,187,3
18,3,Sun,2014-09-21,W,Cincinnati Bengals,,Tennessee Titans,boxscore,33,7,300,1,326,2
19,10,Sun,2017-11-12,W,Los Angeles Rams,,Houston Texans,boxscore,33,7,443,0,283,4
20,14,Sun,2017-12-10,W,Chicago Bears,@,Cincinnati Bengals,boxscore,33,7,482,0,234,2
21,5,Sun,2019-10-06,W,New England Patriots,@,Washington Redskins,boxscore,33,7,442,1,223,2
22,17,Sun,2021-01-03,W,New Orleans Saints,@,Carolina Panthers,boxscore,33,7,347,0,320,5
1,8,Sun,1961-10-29,W,Houston Oilers,@,Buffalo Bills,boxscore,28,16,510,4,351,4
2,11,Sun,1964-11-22,W,Washington Redskins,,Dallas Cowboys,boxscore,28,16,366,3,196,5
3,12,Sun,1966-11-27,W,Green Bay Packers,@,Minnesota Vikings,boxscore,28,16,304,1,322,2
4,14,Sun,1966-12-11,W,Minnesota Vikings,@,Detroit Lions,boxscore,28,16,317,3,282,2
5,5,Sun,1972-10-15,W,Oakland Raiders,,Buffalo Bills,boxscore,28,16,396,2,295,1
6,12,Sun,1976-11-28,W,New York Giants,,Seattle Seahawks,boxscore,28,16,279,4,244,3
7,4,Sun,1978-09-24,W,Seattle Seahawks,,Detroit Lions,boxscore,28,16,245,1,261,0
8,7,Sun,1979-10-14,W,Houston Oilers,@,Baltimore Colts,boxscore,28,16,247,2,189,4
9,14,Sun,1985-12-08,W,St. Louis Cardinals,,New Orleans Saints,boxscore,28,16,383,0,287,2
10,3,Sun,1992-09-20,W,Cleveland Browns,@,Los Angeles Raiders,boxscore,28,16,231,0,464,5
11,7,Sun,2000-10-15,W,Minnesota Vikings,@,Chicago Bears,boxscore,28,16,368,1,294,0
12,10,Mon,2001-11-19,W,Minnesota Vikings,,New York Giants,boxscore,28,16,359,3,358,2
13,16,Sun,2002-12-22,W,Oakland Raiders,,Denver Broncos,boxscore,28,16,322,2,324,3
14,2,Sun,2004-09-19,W,Detroit Lions,,Houston Texans,boxscore,28,16,266,1,386,3
15,13,Sun,2007-12-02,W,St. Louis Rams,,Atlanta Falcons,boxscore,28,16,409,2,435,3
16,14,Sun,2009-12-13,W,Indianapolis Colts,,Denver Broncos,boxscore,28,16,312,3,357,1
17,2,Mon,2011-09-19,W,New York Giants,,St. Louis Rams,boxscore,28,16,323,1,367,2
18,17,Sun,2012-12-30,W,Indianapolis Colts,,Houston Texans,boxscore,28,16,265,0,352,2
19,14,Sun,2016-12-11,W,Carolina Panthers,,San Diego Chargers,boxscore,28,16,272,1,278,5
20,10,Sun,2018-11-11,W,Cleveland Browns,,Atlanta Falcons,boxscore,28,16,427,1,382,2
21,1,Sun,2021-09-12,W,Seattle Seahawks,@,Indianapolis Colts,boxscore,28,16,381,1,336,1
22,9,Sun,2021-11-07,W,Tennessee Titans,@,Los Angeles Rams,boxscore,28,16,194,1,347,2
1,3,Sun,1949-10-09,W,Los Angeles Rams,@,Chicago Bears,boxscore,31,16,336,4,327,8
2,Champ,Sun,1959-12-27,W,Baltimore Colts,,New York Giants,boxscore,31,16,280,0,323,3
3,1,Sat,1979-09-01,W,Tampa Bay Buccaneers,,Detroit Lions,boxscore,31,16,334,1,231,3
4,4,Sun,1979-09-23,W,Miami Dolphins,,Chicago Bears,boxscore,31,16,389,1,240,2
5,6,Sun,1980-10-12,W,Philadelphia Eagles,@,New York Giants,boxscore,31,16,329,2,161,2
6,Division,Sat,1981-01-03,W,Philadelphia Eagles,,Minnesota Vikings,boxscore,31,16,305,3,215,8
7,2,Sun,1985-09-15,W,Minnesota Vikings,@,Tampa Bay Buccaneers,boxscore,31,16,262,2,349,5
8,16,Sun,1985-12-22,W,San Francisco 49ers,,Dallas Cowboys,boxscore,31,16,421,3,419,4
9,4,Sun,1986-09-28,W,San Francisco 49ers,@,Miami Dolphins,boxscore,31,16,314,1,437,4
10,11,Sun,1986-11-16,W,New York Jets,,Indianapolis Colts,boxscore,31,16,360,4,408,6
11,4,Mon,1990-10-01,W,Seattle Seahawks,,Cincinnati Bengals,boxscore,31,16,352,2,230,2
12,14,Sun,1993-12-05,W,Kansas City Chiefs,@,Seattle Seahawks,boxscore,31,16,337,0,365,4
13,5,Sun,1995-10-01,W,Pittsburgh Steelers,,San Diego Chargers,boxscore,31,16,261,1,327,4
14,5,Sun,1996-09-29,W,Washington Redskins,,New York Jets,boxscore,31,16,396,0,443,1
15,9,Sun,1996-10-27,W,Washington Redskins,,Indianapolis Colts,boxscore,31,16,388,1,298,1
16,13,Sun,1998-11-29,W,Denver Broncos,@,San Diego Chargers,boxscore,31,16,322,4,367,6
17,9,Sun,1999-11-07,W,Tampa Bay Buccaneers,@,New Orleans Saints,boxscore,31,16,381,2,303,3
18,5,Sun,2000-10-01,W,Miami Dolphins,@,Cincinnati Bengals,boxscore,31,16,302,2,350,1
19,10,Sun,2005-11-13,W,Seattle Seahawks,,St. Louis Rams,boxscore,31,16,417,2,353,2
20,11,Sun,2006-11-19,W,Cincinnati Bengals,@,New Orleans Saints,boxscore,31,16,385,1,595,4
21,10,Sun,2010-11-14,W,Tampa Bay Buccaneers,,Carolina Panthers,boxscore,31,16,421,2,300,1
22,6,Sun,2013-10-13,W,Dallas Cowboys,,Washington Redskins,boxscore,31,16,213,1,433,2
1,5,Sun,1920-10-24,T,Dayton Triangles,,Canton Bulldogs,boxscore,20,20,0,0,0,0
2,11,Sun,1935-11-24,T,Detroit Lions,@,Chicago Bears,boxscore,20,20,0,0,0,0
3,8,Sun,1961-11-05,T,San Francisco 49ers,,Detroit Lions,boxscore,20,20,326,2,402,3
4,12,Sun,1963-12-01,T,Pittsburgh Steelers,,Philadelphia Eagles,boxscore,20,20,374,5,221,3
5,12,Sun,1964-11-29,T,Oakland Raiders,@,Denver Broncos,boxscore,20,20,373,6,265,2
6,12,Thu,1965-11-25,T,San Diego Chargers,,Buffalo Bills,boxscore,20,20,361,5,241,3
7,1,Sun,1966-09-11,T,San Francisco 49ers,,Minnesota Vikings,boxscore,20,20,307,1,298,1
8,5,Sun,1967-10-15,T,Washington Redskins,@,Atlanta Falcons,boxscore,20,20,415,3,323,2
9,6,Sun,1967-10-22,T,Minnesota Vikings,,Baltimore Colts,boxscore,20,20,310,0,343,1
10,10,Sun,1968-11-17,T,San Francisco 49ers,,Los Angeles Rams,boxscore,20,20,338,4,399,3
11,11,Sun,1968-11-24,T,New Orleans Saints,@,Detroit Lions,boxscore,20,20,262,3,274,2
12,4,Sat,1969-10-04,T,Oakland Raiders,@,Miami Dolphins,boxscore,20,20,280,2,214,2
13,10,Sun,1969-11-16,T,Houston Oilers,@,Denver Broncos,boxscore,20,20,454,5,212,2
14,5,Sun,1970-10-18,T,San Francisco 49ers,,New Orleans Saints,boxscore,20,20,337,4,283,4
15,2,Sun,1971-09-26,T,Los Angeles Rams,,Atlanta Falcons,boxscore,20,20,317,3,437,1
16,7,Sun,1971-10-31,T,Oakland Raiders,,Kansas City Chiefs,boxscore,20,20,252,2,248,2
17,6,Sun,1972-10-22,T,San Francisco 49ers,,New Orleans Saints,boxscore,20,20,340,3,367,2
18,12,Sun,1973-12-02,T,Kansas City Chiefs,,Cleveland Browns,boxscore,20,20,345,3,265,4
19,15,Sun,1982-12-19,T,Green Bay Packers,@,Baltimore Colts,boxscore,20,20,362,2,295,1
20,8,Mon,1983-10-24,T,New York Giants,@,St. Louis Cardinals,boxscore,20,20,274,3,384,3
21,1,Sun,2022-09-11,T,Houston Texans,,Indianapolis Colts,boxscore,20,20,299,1,517,2
22,13,Sun,2022-12-04,T,Washington Commanders,@,New York Giants,boxscore,20,20,411,1,316,1
1,6,Sun,1931-10-18,W,Chicago Bears,,Chicago Cardinals,boxscore,26,13,0,0,0,0
2,13,Sun,1944-12-10,W,Philadelphia Eagles,,Cleveland Rams,boxscore,26,13,317,5,216,7
3,2,Sun,1968-09-22,W,Minnesota Vikings,@,Green Bay Packers,boxscore,26,13,242,1,242,2
4,4,Sun,1969-10-05,W,Kansas City Chiefs,@,Denver Broncos,boxscore,26,13,350,0,212,1
5,3,Sun,1970-10-04,W,Denver Broncos,,Kansas City Chiefs,boxscore,26,13,240,1,121,5
6,6,Sun,1975-10-26,W,Kansas City Chiefs,,Denver Broncos,boxscore,26,13,303,1,352,4
7,8,Mon,1981-10-26,W,Pittsburgh Steelers,,Houston Oilers,boxscore,26,13,363,1,307,3
8,13,Sun,1982-12-05,W,Chicago Bears,,New England Patriots,boxscore,26,13,342,3,249,4
9,16,Sun,1982-12-26,W,San Francisco 49ers,@,Kansas City Chiefs,boxscore,26,13,370,3,275,2
10,12,Sun,1986-11-23,W,Los Angeles Rams,,New Orleans Saints,boxscore,26,13,239,2,312,5
11,2,Sun,1990-09-16,W,San Francisco 49ers,,Washington Redskins,boxscore,26,13,487,1,328,0
12,15,Sun,1990-12-16,W,Tampa Bay Buccaneers,,Minnesota Vikings,boxscore,26,13,345,2,433,8
13,16,Sun,1991-12-15,W,Atlanta Falcons,,Seattle Seahawks,boxscore,26,13,271,1,235,3
14,15,Sun,2000-12-10,W,Green Bay Packers,,Detroit Lions,boxscore,26,13,330,2,293,5
15,5,Sun,2002-10-06,W,Miami Dolphins,,New England Patriots,boxscore,26,13,319,1,245,3
16,16,Sun,2004-12-26,W,New Orleans Saints,,Atlanta Falcons,boxscore,26,13,369,2,267,3
17,15,Sun,2006-12-17,W,New York Jets,@,Minnesota Vikings,boxscore,26,13,391,2,307,1
18,2,Sun,2011-09-18,W,Tennessee Titans,,Baltimore Ravens,boxscore,26,13,432,1,229,3
19,14,Thu,2012-12-06,W,Denver Broncos,@,Oakland Raiders,boxscore,26,13,428,1,324,2
20,16,Sun,2013-12-22,W,San Diego Chargers,,Oakland Raiders,boxscore,26,13,344,3,265,2
21,Wild Card,Sat,2018-01-06,W,Atlanta Falcons,@,Los Angeles Rams,boxscore,26,13,322,0,361,2
1,9,Sun,1925-11-15,W,New York Giants,,Providence Steam Roller,boxscore,13,12,0,0,0,0
2,9,Sun,1930-11-09,W,Green Bay Packers,@,Chicago Bears,boxscore,13,12,0,0,0,0
3,7,Sun,1931-10-25,W,Frankford Yellow Jackets,@,Chicago Bears,boxscore,13,12,0,0,0,0
4,11,Sun,1947-11-09,W,Cleveland Browns,,Brooklyn Dodgers,boxscore,13,12,261,3,273,0
5,13,Sun,1988-11-27,W,New York Giants,@,New Orleans Saints,boxscore,13,12,219,5,255,5
6,15,Sun,1988-12-11,W,Chicago Bears,,Detroit Lions,boxscore,13,12,250,1,310,2
7,4,Sun,1989-10-01,W,Los Angeles Rams,@,San Francisco 49ers,boxscore,13,12,287,0,367,1
8,1,Mon,1990-09-10,W,San Francisco 49ers,@,New Orleans Saints,boxscore,13,12,237,2,268,5
9,9,Sun,1997-10-26,W,Philadelphia Eagles,,Dallas Cowboys,boxscore,13,12,274,0,244,0
10,4,Sun,1998-09-27,W,Oakland Raiders,@,Dallas Cowboys,boxscore,13,12,288,0,275,3
11,7,Sun,1998-10-18,W,Chicago Bears,,Dallas Cowboys,boxscore,13,12,299,2,236,1
12,9,Sun,2000-10-29,W,Atlanta Falcons,,Carolina Panthers,boxscore,13,12,281,3,209,4
13,7,Sun,2001-10-28,W,New York Jets,@,Carolina Panthers,boxscore,13,12,358,4,162,1
14,12,Sun,2002-11-24,W,Baltimore Ravens,,Tennessee Titans,boxscore,13,12,199,2,402,4
15,3,Sun,2003-09-21,W,Cleveland Browns,@,San Francisco 49ers,boxscore,13,12,251,2,265,1
16,16,Sat,2005-12-24,W,Detroit Lions,@,New Orleans Saints,boxscore,13,12,279,1,273,1
17,15,Sun,2008-12-14,W,Houston Texans,,Tennessee Titans,boxscore,13,12,375,1,281,2
18,10,Sun,2011-11-13,W,St. Louis Rams,@,Cleveland Browns,boxscore,13,12,281,2,335,1
19,8,Sun,2015-11-01,W,Seattle Seahawks,@,Dallas Cowboys,boxscore,13,12,323,1,220,0
20,5,Sun,2018-10-07,W,Buffalo Bills,,Tennessee Titans,boxscore,13,12,223,1,221,3
21,2,Sun,2019-09-15,W,Houston Texans,,Jacksonville Jaguars,boxscore,13,12,263,0,281,1
1,10,Sun,1923-12-02,W,Columbus Tigers,,Dayton Triangles,boxscore,30,3,0,0,0,0
2,2,Sun,1936-09-20,W,Chicago Bears,@,Green Bay Packers,boxscore,30,3,0,0,0,0
3,3,Sat,1964-09-26,W,Buffalo Bills,,San Diego Chargers,boxscore,30,3,272,2,248,3
4,10,Sun,1967-11-19,W,Chicago Bears,,St. Louis Cardinals,boxscore,30,3,461,3,230,9
5,2,Sun,1971-09-26,W,Washington Redskins,@,New York Giants,boxscore,30,3,427,0,156,2
6,14,Sun,1973-12-16,W,Dallas Cowboys,@,St. Louis Cardinals,boxscore,30,3,459,1,141,4
7,3,Mon,1974-09-30,W,Washington Redskins,,Denver Broncos,boxscore,30,3,345,1,159,3
8,11,Sun,1979-11-11,W,Pittsburgh Steelers,@,Kansas City Chiefs,boxscore,30,3,355,2,127,3
9,14,Sun,1981-12-06,W,St. Louis Cardinals,,New Orleans Saints,boxscore,30,3,290,1,176,3
10,Conf. Champ,Sun,1990-01-14,W,San Francisco 49ers,,Los Angeles Rams,boxscore,30,3,442,2,156,3
11,13,Thu,1992-11-26,W,Dallas Cowboys,,New York Giants,boxscore,30,3,299,1,207,1
12,4,Sun,1994-09-25,W,Green Bay Packers,,Tampa Bay Buccaneers,boxscore,30,3,401,0,231,3
13,1,Sun,2001-09-09,W,San Diego Chargers,,Washington Redskins,boxscore,30,3,255,4,161,4
14,3,Sun,2002-09-22,W,Miami Dolphins,,New York Jets,boxscore,30,3,394,0,189,4
15,3,Sun,2002-09-22,W,Atlanta Falcons,,Cincinnati Bengals,boxscore,30,3,306,0,191,2
16,12,Sun,2002-11-24,W,Miami Dolphins,,San Diego Chargers,boxscore,30,3,413,0,144,2
17,6,Sun,2003-10-12,W,New York Jets,,Buffalo Bills,boxscore,30,3,233,0,193,4
18,10,Sun,2005-11-13,W,Jacksonville Jaguars,,Baltimore Ravens,boxscore,30,3,338,0,163,3
19,10,Sun,2005-11-13,W,Carolina Panthers,,New York Jets,boxscore,30,3,220,2,214,6
20,6,Mon,2010-10-18,W,Tennessee Titans,@,Jacksonville Jaguars,boxscore,30,3,324,0,249,4
21,10,Sun,2011-11-13,W,Tennessee Titans,@,Carolina Panthers,boxscore,30,3,383,1,279,2
1,13,Sun,1939-12-03,W,Cleveland Rams,,Philadelphia Eagles,boxscore,35,13,102,0,175,3
2,14,Sun,1947-11-30,W,New York Yankees,,Buffalo Bills,boxscore,35,13,360,1,202,5
3,11,Sun,1961-11-26,W,Philadelphia Eagles,,Dallas Cowboys,boxscore,35,13,454,4,358,3
4,5,Sat,1964-10-10,W,New York Jets,,Oakland Raiders,boxscore,35,13,313,2,406,5
5,3,Sun,1967-10-01,W,Los Angeles Rams,@,Dallas Cowboys,boxscore,35,13,356,1,272,4
6,10,Sun,1967-11-05,W,Buffalo Bills,,Miami Dolphins,boxscore,35,13,310,3,127,2
7,9,Sun,1974-11-10,W,Oakland Raiders,,Detroit Lions,boxscore,35,13,512,0,248,2
8,14,Sat,1975-12-20,W,Minnesota Vikings,@,Buffalo Bills,boxscore,35,13,387,2,309,5
9,13,Sun,1977-12-11,W,Oakland Raiders,,Minnesota Vikings,boxscore,35,13,306,3,214,7
10,15,Sat,1978-12-09,W,Pittsburgh Steelers,,Baltimore Colts,boxscore,35,13,373,3,129,5
11,7,Sun,1987-10-25,W,Seattle Seahawks,@,Los Angeles Raiders,boxscore,35,13,293,2,250,3
12,5,Sun,1993-10-03,W,Denver Broncos,,Indianapolis Colts,boxscore,35,13,454,2,271,2
13,13,Sun,1995-11-26,W,Green Bay Packers,,Tampa Bay Buccaneers,boxscore,35,13,369,0,325,0
14,15,Mon,1998-12-14,W,San Francisco 49ers,,Detroit Lions,boxscore,35,13,409,1,380,2
15,6,Sun,2001-10-21,W,Minnesota Vikings,,Green Bay Packers,boxscore,35,13,377,2,234,1
16,10,Sun,2002-11-10,W,Indianapolis Colts,@,Philadelphia Eagles,boxscore,35,13,446,1,374,2
17,5,Sun,2003-10-05,W,Green Bay Packers,,Seattle Seahawks,boxscore,35,13,336,0,343,2
18,6,Sun,2003-10-12,W,Tampa Bay Buccaneers,@,Washington Redskins,boxscore,35,13,379,0,275,3
19,2,Sun,2007-09-16,W,Green Bay Packers,@,New York Giants,boxscore,35,13,368,1,325,2
20,2,Sun,2012-09-16,W,Miami Dolphins,,Oakland Raiders,boxscore,35,13,452,0,396,1
21,8,Sun,2022-10-30,W,Philadelphia Eagles,,Pittsburgh Steelers,boxscore,35,13,401,0,302,2
1,12,Sun,1954-12-12,W,Washington Redskins,,Chicago Cardinals,boxscore,37,20,464,5,264,7
2,1,Sun,1967-09-17,W,New York Giants,@,St. Louis Cardinals,boxscore,37,20,336,0,358,6
3,12,Sun,1970-12-06,W,Miami Dolphins,,Boston Patriots,boxscore,37,20,301,2,243,0
4,10,Sun,1971-11-21,W,Philadelphia Eagles,@,St. Louis Cardinals,boxscore,37,20,267,2,333,8
5,10,Sun,1972-11-19,W,Oakland Raiders,@,Denver Broncos,boxscore,37,20,337,2,208,3
6,11,Thu,1972-11-23,W,Detroit Lions,,New York Jets,boxscore,37,20,385,0,394,1
7,7,Sun,1987-10-25,W,Philadelphia Eagles,,Dallas Cowboys,boxscore,37,20,237,1,294,3
8,7,Sun,1989-10-22,W,San Francisco 49ers,,New England Patriots,boxscore,37,20,494,0,325,2
9,15,Sun,1993-12-12,W,Dallas Cowboys,@,Minnesota Vikings,boxscore,37,20,356,0,270,1
10,Wild Card,Sun,1995-12-31,W,Green Bay Packers,,Atlanta Falcons,boxscore,37,20,307,0,360,2
11,9,Sun,1999-11-07,W,Seattle Seahawks,,Cincinnati Bengals,boxscore,37,20,360,2,397,2
12,7,Sun,2002-10-20,W,St. Louis Rams,,Seattle Seahawks,boxscore,37,20,478,2,290,3
13,16,Sun,2004-12-26,W,Carolina Panthers,@,Tampa Bay Buccaneers,boxscore,37,20,348,0,345,3
14,15,Sun,2006-12-17,W,Denver Broncos,@,Arizona Cardinals,boxscore,37,20,362,2,295,2
15,2,Sun,2007-09-16,W,Dallas Cowboys,@,Miami Dolphins,boxscore,37,20,352,0,334,5
16,Division,Sun,2012-01-15,W,New York Giants,@,Green Bay Packers,boxscore,37,20,420,1,388,4
17,4,Sun,2012-09-30,W,San Diego Chargers,@,Kansas City Chiefs,boxscore,37,20,293,1,349,6
18,9,Sun,2019-11-03,W,Baltimore Ravens,,New England Patriots,boxscore,37,20,372,2,342,2
19,11,Sun,2019-11-17,W,Buffalo Bills,@,Miami Dolphins,boxscore,37,20,424,0,303,1
20,Conf. Champ,Sun,2020-01-19,W,San Francisco 49ers,,Green Bay Packers,boxscore,37,20,354,0,358,3
21,4,Sun,2021-10-03,W,Arizona Cardinals,@,Los Angeles Rams,boxscore,37,20,465,0,401,2
1,9,Sun,1994-10-30,W,Detroit Lions,@,New York Giants,boxscore,28,25,329,3,344,1
2,9,Sun,1994-10-30,W,Indianapolis Colts,,New York Jets,boxscore,28,25,330,5,256,1
3,15,Sat,1995-12-09,W,San Diego Chargers,,Arizona Cardinals,boxscore,28,25,380,6,282,1
4,4,Sun,1996-09-22,W,New England Patriots,,Jacksonville Jaguars,boxscore,28,25,353,2,442,2
5,9,Sun,1996-10-27,W,New England Patriots,,Buffalo Bills,boxscore,28,25,417,1,337,1
6,13,Sun,1996-11-24,W,Jacksonville Jaguars,@,Baltimore Ravens,boxscore,28,25,374,2,460,2
7,8,Sun,1997-10-19,W,Oakland Raiders,,Denver Broncos,boxscore,28,25,324,2,441,1
8,12,Sun,1998-11-22,W,Detroit Lions,@,Tampa Bay Buccaneers,boxscore,28,25,300,0,428,2
9,15,Sun,1998-12-13,W,Washington Redskins,@,Carolina Panthers,boxscore,28,25,409,0,365,3
10,17,Sat,2000-12-23,W,New York Giants,,Jacksonville Jaguars,boxscore,28,25,373,1,327,2
11,1,Sun,2002-09-08,W,Indianapolis Colts,@,Jacksonville Jaguars,boxscore,28,25,307,2,343,2
12,5,Sun,2002-10-06,W,Jacksonville Jaguars,,Philadelphia Eagles,boxscore,28,25,267,0,406,0
13,3,Sun,2004-09-26,W,New Orleans Saints,@,St. Louis Rams,boxscore,28,25,462,0,403,1
14,15,Sun,2004-12-19,W,Jacksonville Jaguars,@,Green Bay Packers,boxscore,28,25,312,2,444,5
15,1,Sun,2005-09-11,W,San Francisco 49ers,,St. Louis Rams,boxscore,28,25,217,2,405,1
16,13,Sun,2007-12-02,W,Indianapolis Colts,,Jacksonville Jaguars,boxscore,28,25,342,1,411,2
17,7,Sun,2016-10-23,W,Miami Dolphins,,Buffalo Bills,boxscore,28,25,454,0,267,0
18,9,Thu,2019-10-31,W,San Francisco 49ers,@,Arizona Cardinals,boxscore,28,25,411,0,357,0
19,18,Sun,2022-01-09,W,Tennessee Titans,@,Houston Texans,boxscore,28,25,405,0,353,0
20,4,Sun,2022-10-02,W,Minnesota Vikings,@,New Orleans Saints,boxscore,28,25,344,1,338,2
21,12,Thu,2022-11-24,W,Buffalo Bills,@,Detroit Lions,boxscore,28,25,401,1,326,2
1,11,Sat,1954-12-04,W,Baltimore Colts,@,Los Angeles Rams,boxscore,22,21,221,1,259,9
2,13,Sun,1961-12-10,W,San Francisco 49ers,,Green Bay Packers,boxscore,22,21,396,2,330,2
3,1,Sun,1979-09-02,W,Dallas Cowboys,@,St. Louis Cardinals,boxscore,22,21,455,1,342,2
4,13,Sun,1980-11-30,W,San Diego Chargers,,Philadelphia Eagles,boxscore,22,21,403,2,263,1
5,9,Sun,1983-10-30,W,Baltimore Colts,@,Philadelphia Eagles,boxscore,22,21,306,0,284,5
6,10,Sun,1994-11-06,W,Miami Dolphins,,Indianapolis Colts,boxscore,22,21,372,2,213,1
7,12,Sun,1994-11-20,W,Seattle Seahawks,,Tampa Bay Buccaneers,boxscore,22,21,294,3,332,2
8,Division,Sun,1995-01-08,W,San Diego Chargers,,Miami Dolphins,boxscore,22,21,466,3,282,0
9,10,Mon,1996-11-04,W,Denver Broncos,@,Oakland Raiders,boxscore,22,21,312,1,321,0
10,16,Sun,1997-12-14,W,Seattle Seahawks,@,Oakland Raiders,boxscore,22,21,381,2,275,2
11,4,Sun,1999-10-03,W,Seattle Seahawks,,Oakland Raiders,boxscore,22,21,276,1,383,1
12,15,Sun,1999-12-19,W,New York Jets,@,Dallas Cowboys,boxscore,22,21,355,2,347,2
13,15,Sun,2008-12-14,W,San Diego Chargers,@,Kansas City Chiefs,boxscore,22,21,394,3,277,2
14,13,Sun,2009-12-06,W,Miami Dolphins,,New England Patriots,boxscore,22,21,416,1,448,2
15,2,Sun,2011-09-18,W,Washington Redskins,,Arizona Cardinals,boxscore,22,21,455,2,324,2
16,14,Sun,2013-12-08,W,Green Bay Packers,,Atlanta Falcons,boxscore,22,21,334,2,285,2
17,8,Sun,2014-10-26,W,Detroit Lions,@,Atlanta Falcons,boxscore,22,21,385,1,291,1
18,16,Sat,2016-12-24,W,San Francisco 49ers,@,Los Angeles Rams,boxscore,22,21,323,2,177,2
19,Wild Card,Sat,2018-01-06,W,Tennessee Titans,@,Kansas City Chiefs,boxscore,22,21,397,2,325,0
20,14,Sun,2019-12-08,W,New York Jets,,Miami Dolphins,boxscore,22,21,374,1,362,1
21,7,Thu,2020-10-22,W,Philadelphia Eagles,,New York Giants,boxscore,22,21,442,1,325,3
1,3,Fri,1946-09-20,T,New York Yankees,@,Chicago Rockets,boxscore,17,17,238,3,227,1
2,15,Sun,1946-12-15,T,Los Angeles Dons,,Chicago Rockets,boxscore,17,17,197,5,226,2
3,9,Sun,1955-11-20,T,Los Angeles Rams,@,Baltimore Colts,boxscore,17,17,419,2,332,4
4,9,Sun,1956-11-25,T,New York Giants,,Chicago Bears,boxscore,17,17,261,3,244,4
5,10,Sun,1960-11-27,T,St. Louis Cardinals,,Cleveland Browns,boxscore,17,17,322,6,274,2
6,5,Sun,1962-10-14,T,Washington Redskins,@,St. Louis Cardinals,boxscore,17,17,321,1,309,2
7,11,Sun,1963-11-24,T,Pittsburgh Steelers,,Chicago Bears,boxscore,17,17,291,1,328,3
8,12,Sun,1963-12-01,T,Minnesota Vikings,@,Chicago Bears,boxscore,17,17,202,4,221,3
9,2,Sat,1964-09-19,T,Los Angeles Rams,,Detroit Lions,boxscore,17,17,309,2,187,4
10,4,Sat,1964-10-03,T,San Diego Chargers,@,New York Jets,boxscore,17,17,293,4,320,2
11,7,Sun,1966-10-16,T,San Diego Chargers,@,Buffalo Bills,boxscore,17,17,219,0,320,2
12,1,Sun,1967-09-17,T,Green Bay Packers,,Detroit Lions,boxscore,17,17,306,5,233,1
13,3,Sun,1969-10-05,T,Washington Redskins,@,San Francisco 49ers,boxscore,17,17,304,2,271,1
14,12,Sun,1969-12-07,T,Detroit Lions,@,Baltimore Colts,boxscore,17,17,245,0,289,4
15,7,Sun,1970-11-01,T,Oakland Raiders,@,Kansas City Chiefs,boxscore,17,17,278,0,321,2
16,9,Sun,1970-11-15,T,Baltimore Colts,,Buffalo Bills,boxscore,17,17,345,1,271,2
17,13,Sun,1970-12-13,T,San Diego Chargers,@,Denver Broncos,boxscore,17,17,231,1,264,3
18,3,Sun,1972-10-01,T,San Diego Chargers,@,Oakland Raiders,boxscore,17,17,345,3,232,1
19,8,Sun,1973-11-04,T,Denver Broncos,@,St. Louis Cardinals,boxscore,17,17,294,1,261,2
20,2,Sun,1987-09-20,T,Green Bay Packers,,Denver Broncos,boxscore,17,17,234,1,478,6
21,5,Sun,1988-10-02,T,New York Jets,,Kansas City Chiefs,boxscore,17,17,542,4,385,2
1,2,Sun,1921-10-02,W,Akron Pros,,Cincinnati Celts,boxscore,41,0,0,0,0,0
2,8,Sun,1923-11-18,W,Canton Bulldogs,,Oorang Indians,boxscore,41,0,0,0,0,0
3,2,Sun,1929-09-29,W,Providence Steam Roller,,Dayton Triangles,boxscore,41,0,0,0,0,0
4,4,Sun,1929-10-13,W,Boston Bulldogs,,Dayton Triangles,boxscore,41,0,0,0,0,0
5,6,Sun,1934-10-14,W,Green Bay Packers,,Cincinnati Reds,boxscore,41,0,0,0,0,0
6,3,Sun,1948-09-12,W,San Francisco 49ers,,New York Yankees,boxscore,41,0,267,2,199,6
7,15,Sun,1961-12-17,W,Boston Patriots,@,San Diego Chargers,boxscore,41,0,295,3,192,6
8,6,Sun,1967-10-08,W,Kansas City Chiefs,,Miami Dolphins,boxscore,41,0,335,0,206,6
9,6,Sun,1973-10-21,W,Atlanta Falcons,@,San Diego Chargers,boxscore,41,0,338,2,177,5
10,14,Mon,1987-12-14,W,San Francisco 49ers,,Chicago Bears,boxscore,41,0,331,1,263,6
11,16,Sun,1997-12-14,W,Indianapolis Colts,,Miami Dolphins,boxscore,41,0,401,1,183,2
12,2,Sun,2000-09-10,W,Tampa Bay Buccaneers,,Chicago Bears,boxscore,41,0,327,0,165,4
13,Conf. Champ,Sun,2001-01-14,W,New York Giants,,Minnesota Vikings,boxscore,41,0,518,2,114,5
14,12,Sun,2002-11-24,W,Atlanta Falcons,@,Carolina Panthers,boxscore,41,0,426,1,122,6
15,Wild Card,Sat,2003-01-04,W,New York Jets,,Indianapolis Colts,boxscore,41,0,396,0,176,3
16,16,Sat,2005-12-24,W,Pittsburgh Steelers,@,Cleveland Browns,boxscore,41,0,457,1,186,1
17,4,Sun,2006-10-01,W,Kansas City Chiefs,,San Francisco 49ers,boxscore,41,0,333,0,165,4
18,5,Sun,2006-10-08,W,Jacksonville Jaguars,,New York Jets,boxscore,41,0,312,0,177,4
19,5,Sun,2009-10-11,W,Seattle Seahawks,,Jacksonville Jaguars,boxscore,41,0,379,0,199,2
20,15,Sun,2012-12-16,W,New Orleans Saints,,Tampa Bay Buccaneers,boxscore,41,0,447,0,386,5
1,7,Sun,1937-10-17,W,Green Bay Packers,@,Cleveland Rams,boxscore,35,10,0,0,0,0
2,12,Sun,1947-12-07,W,New York Giants,,Washington Redskins,boxscore,35,10,348,0,288,4
3,1,Sat,1950-09-16,W,Cleveland Browns,@,Philadelphia Eagles,boxscore,35,10,448,4,248,5
4,5,Sun,1958-10-26,W,Baltimore Colts,,Washington Redskins,boxscore,35,10,390,2,183,3
5,6,Sat,1962-10-13,W,Buffalo Bills,,San Diego Chargers,boxscore,35,10,439,3,115,4
6,12,Sun,1965-12-05,W,New York Giants,,Pittsburgh Steelers,boxscore,35,10,414,2,184,6
7,Super Bowl,Sun,1967-01-15,W,Green Bay Packers,N,Kansas City Chiefs,boxscore,35,10,358,1,239,1
8,15,Sun,1980-12-14,W,Atlanta Falcons,,San Francisco 49ers,boxscore,35,10,463,1,310,3
9,14,Sun,1983-12-04,W,Dallas Cowboys,@,Seattle Seahawks,boxscore,35,10,418,2,216,4
10,9,Sun,1984-10-28,W,Pittsburgh Steelers,,Atlanta Falcons,boxscore,35,10,314,3,296,3
11,13,Sun,1993-11-28,W,San Francisco 49ers,@,Los Angeles Rams,boxscore,35,10,539,1,300,1
12,13,Sun,1996-11-24,W,Buffalo Bills,,New York Jets,boxscore,35,10,348,2,341,5
13,14,Sun,1996-12-01,W,Houston Oilers,@,New York Jets,boxscore,35,10,385,1,264,3
14,10,Sun,1999-11-14,W,St. Louis Rams,,Carolina Panthers,boxscore,35,10,363,2,377,3
15,11,Sun,2004-11-21,W,Carolina Panthers,,Arizona Cardinals,boxscore,35,10,317,1,399,4
16,14,Sun,2004-12-12,W,Atlanta Falcons,,Oakland Raiders,boxscore,35,10,354,0,296,3
17,8,Sun,2007-10-28,W,San Diego Chargers,,Houston Texans,boxscore,35,10,237,0,367,5
18,6,Sun,2013-10-13,W,Carolina Panthers,@,Minnesota Vikings,boxscore,35,10,367,0,290,2
19,9,Sun,2016-11-06,W,Dallas Cowboys,@,Cleveland Browns,boxscore,35,10,423,0,222,0
20,13,Sun,2022-12-04,W,Philadelphia Eagles,,Tennessee Titans,boxscore,35,10,453,0,209,0
1,6,Fri,1947-10-03,W,Brooklyn Dodgers,@,Chicago Rockets,boxscore,35,31,319,0,414,3
2,11,Sun,1947-11-30,W,New York Giants,,Chicago Cardinals,boxscore,35,31,429,2,496,4
3,6,Sun,1957-11-03,W,San Francisco 49ers,,Detroit Lions,boxscore,35,31,379,3,416,0
4,15,Sun,1963-12-15,W,Oakland Raiders,,Denver Broncos,boxscore,35,31,333,1,383,1
5,9,Sun,1977-11-13,W,Pittsburgh Steelers,,Cleveland Browns,boxscore,35,31,420,4,421,4
6,Super Bowl,Sun,1979-01-21,W,Pittsburgh Steelers,N,Dallas Cowboys,boxscore,35,31,357,3,330,3
7,6,Sun,1984-10-07,W,Tampa Bay Buccaneers,,Minnesota Vikings,boxscore,35,31,314,0,543,5
8,7,Sun,1988-10-16,W,Indianapolis Colts,,Tampa Bay Buccaneers,boxscore,35,31,349,2,483,2
9,9,Sun,1989-11-05,W,Houston Oilers,,Detroit Lions,boxscore,35,31,455,4,351,2
10,13,Sun,1989-12-03,W,Los Angeles Rams,@,Dallas Cowboys,boxscore,35,31,403,3,303,4
11,1,Sun,1991-09-01,W,Buffalo Bills,,Miami Dolphins,boxscore,35,31,582,2,396,1
12,14,Sun,1991-12-01,W,Atlanta Falcons,,Green Bay Packers,boxscore,35,31,352,1,393,2
13,14,Sun,1998-12-06,W,Denver Broncos,,Kansas City Chiefs,boxscore,35,31,476,3,266,1
14,13,Sun,2008-11-30,W,Carolina Panthers,@,Green Bay Packers,boxscore,35,31,298,1,438,2
15,15,Thu,2009-12-17,W,Indianapolis Colts,@,Jacksonville Jaguars,boxscore,35,31,369,1,345,1
16,6,Sun,2010-10-17,W,Houston Texans,,Kansas City Chiefs,boxscore,35,31,421,0,417,0
17,2,Sun,2011-09-18,W,Atlanta Falcons,,Philadelphia Eagles,boxscore,35,31,318,2,447,3
18,Division,Sat,2015-01-10,W,New England Patriots,,Baltimore Ravens,boxscore,35,31,422,1,428,2
19,5,Sun,2017-10-08,W,Green Bay Packers,@,Dallas Cowboys,boxscore,35,31,342,1,408,3
20,11,Sun,2020-11-22,W,Kansas City Chiefs,@,Las Vegas Raiders,boxscore,35,31,460,1,364,1
1,3,Sun,1923-10-14,W,Canton Bulldogs,,Dayton Triangles,boxscore,30,0,0,0,0,0
2,6,Sun,1924-11-02,W,Columbus Tigers,,Akron Pros,boxscore,30,0,0,0,0,0
3,4,Sat,1926-10-09,W,Frankford Yellow Jackets,,Buffalo Rangers,boxscore,30,0,0,0,0,0
4,12,Sun,1936-11-29,W,Boston Redskins,,Pittsburgh Pirates,boxscore,30,0,237,6,32,3
5,7,Sun,1937-10-17,W,Detroit Lions,,Brooklyn Dodgers,boxscore,30,0,279,1,131,6
6,11,Sun,1949-12-04,W,Washington Redskins,,Green Bay Packers,boxscore,30,0,319,0,227,4
7,9,Sun,1958-11-23,W,New York Giants,,Washington Redskins,boxscore,30,0,359,4,215,4
8,10,Sun,1964-11-15,W,Washington Redskins,@,Pittsburgh Steelers,boxscore,30,0,286,3,267,5
9,12,Sun,1972-12-03,W,Pittsburgh Steelers,,Cleveland Browns,boxscore,30,0,337,1,126,3
10,1,Sun,1974-09-15,W,Pittsburgh Steelers,,Baltimore Colts,boxscore,30,0,392,2,166,4
11,5,Sun,1976-10-10,W,New Orleans Saints,,Atlanta Falcons,boxscore,30,0,312,2,168,7
12,12,Sun,1983-11-20,W,Cleveland Browns,@,New England Patriots,boxscore,30,0,227,1,190,5
13,1,Sun,1986-09-07,W,Seattle Seahawks,,Pittsburgh Steelers,boxscore,30,0,374,2,146,5
14,3,Sun,1992-09-20,W,Philadelphia Eagles,,Denver Broncos,boxscore,30,0,388,0,82,1
15,2,Sun,1993-09-12,W,Houston Oilers,,Kansas City Chiefs,boxscore,30,0,247,2,206,5
16,15,Sun,1997-12-07,W,Kansas City Chiefs,,Oakland Raiders,boxscore,30,0,418,0,93,1
17,7,Sun,2002-10-20,W,Atlanta Falcons,,Carolina Panthers,boxscore,30,0,393,0,205,1
18,12,Sun,2006-11-26,W,Cincinnati Bengals,@,Cleveland Browns,boxscore,30,0,388,1,203,5
19,15,Sun,2014-12-14,W,Cincinnati Bengals,@,Cleveland Browns,boxscore,30,0,347,1,107,2
20,Wild Card,Sat,2016-01-09,W,Kansas City Chiefs,@,Houston Texans,boxscore,30,0,314,1,226,5
1,6,Sun,1949-10-30,W,New York Giants,@,Chicago Cardinals,boxscore,41,38,320,2,390,3
2,3,Sun,1971-10-03,W,Detroit Lions,,Atlanta Falcons,boxscore,41,38,318,2,342,5
3,Division,Sat,1982-01-02,W,San Diego Chargers,@,Miami Dolphins,boxscore,41,38,564,4,472,3
4,1,Sun,1983-09-04,W,Green Bay Packers,@,Houston Oilers,boxscore,41,38,479,2,498,2
5,15,Sun,1983-12-11,W,San Diego Chargers,,Kansas City Chiefs,boxscore,41,38,476,2,537,3
6,7,Sun,1985-10-20,W,Miami Dolphins,,Tampa Bay Buccaneers,boxscore,41,38,446,2,476,1
7,3,Sun,1989-09-24,W,Los Angeles Rams,,Green Bay Packers,boxscore,41,38,440,2,442,5
8,9,Sun,1990-11-04,W,Washington Redskins,@,Detroit Lions,boxscore,41,38,676,4,351,1
9,Wild Card,Sun,1993-01-03,W,Buffalo Bills,,Houston Oilers,boxscore,41,38,366,1,429,2
10,12,Sun,1997-11-16,W,Indianapolis Colts,,Green Bay Packers,boxscore,41,38,467,1,441,3
11,17,Sun,2000-01-02,W,Oakland Raiders,@,Kansas City Chiefs,boxscore,41,38,408,2,429,1
12,16,Sun,2001-12-30,W,Cleveland Browns,@,Tennessee Titans,boxscore,41,38,409,1,452,2
13,3,Sun,2002-09-22,W,New England Patriots,,Kansas City Chiefs,boxscore,41,38,496,1,349,3
14,15,Sun,2003-12-14,W,Cincinnati Bengals,,San Francisco 49ers,boxscore,41,38,393,0,502,3
15,7,Sun,2006-10-22,W,Atlanta Falcons,,Pittsburgh Steelers,boxscore,41,38,399,2,473,3
16,12,Sun,2013-11-24,W,San Diego Chargers,@,Kansas City Chiefs,boxscore,41,38,491,0,395,2
17,13,Sun,2015-12-06,W,Carolina Panthers,@,New Orleans Saints,boxscore,41,38,497,3,334,1
18,6,Sun,2016-10-16,W,New Orleans Saints,,Carolina Panthers,boxscore,41,38,523,1,406,2
19,8,Sun,2017-10-29,W,Seattle Seahawks,,Houston Texans,boxscore,41,38,479,1,509,3
20,17,Sun,2021-01-03,W,Tennessee Titans,@,Houston Texans,boxscore,41,38,492,1,457,1
1,11,Sun,1944-11-26,W,Green Bay Packers,@,Chi/Pit Cards/Steelers,boxscore,35,20,277,1,157,4
2,5,Sun,1948-09-26,W,Baltimore Colts,,Brooklyn Dodgers,boxscore,35,20,331,4,311,5
3,2,Sun,1952-10-05,W,Green Bay Packers,,Washington Redskins,boxscore,35,20,420,3,278,4
4,12,Sun,1959-12-13,W,Pittsburgh Steelers,,Chicago Cardinals,boxscore,35,20,307,1,164,4
5,8,Sun,1963-11-03,W,Dallas Cowboys,,Washington Redskins,boxscore,35,20,221,3,468,7
6,4,Sun,1964-10-04,W,Baltimore Colts,,Los Angeles Rams,boxscore,35,20,389,0,257,1
7,5,Sun,1964-10-11,W,Washington Redskins,,Philadelphia Eagles,boxscore,35,20,434,2,221,3
8,6,Sun,1965-10-24,W,Baltimore Colts,,Los Angeles Rams,boxscore,35,20,356,2,226,3
9,5,Sun,1970-10-18,W,St. Louis Cardinals,@,Philadelphia Eagles,boxscore,35,20,299,2,278,3
10,14,Sat,1970-12-19,W,Baltimore Colts,,New York Jets,boxscore,35,20,457,2,212,0
11,6,Sun,1974-10-20,W,Baltimore Colts,@,New York Jets,boxscore,35,20,355,0,188,3
12,13,Mon,1976-12-06,W,Oakland Raiders,,Cincinnati Bengals,boxscore,35,20,445,1,358,3
13,Division,Sat,1976-12-18,W,Minnesota Vikings,,Washington Redskins,boxscore,35,20,384,2,365,2
14,4,Sun,1985-09-29,W,Los Angeles Raiders,@,New England Patriots,boxscore,35,20,296,2,287,4
15,5,Sun,1991-09-29,W,Buffalo Bills,,Chicago Bears,boxscore,35,20,422,1,353,1
16,Wild Card,Sun,1995-12-31,W,Indianapolis Colts,@,San Diego Chargers,boxscore,35,20,333,1,429,4
17,2,Sun,2002-09-15,W,New Orleans Saints,,Green Bay Packers,boxscore,35,20,357,2,357,4
18,16,Sat,2005-12-24,W,Washington Redskins,,New York Giants,boxscore,35,20,380,1,332,1
19,12,Sun,2018-11-25,W,Cleveland Browns,@,Cincinnati Bengals,boxscore,35,20,342,0,372,2
20,7,Sun,2020-10-25,W,Green Bay Packers,@,Houston Texans,boxscore,35,20,379,0,365,1
1,4,Sun,1935-10-06,W,Brooklyn Dodgers,,Detroit Lions,boxscore,12,10,0,0,0,0
2,7,Sun,1936-10-25,W,Chicago Bears,,Detroit Lions,boxscore,12,10,0,0,0,0
3,6,Sun,1952-11-02,W,Green Bay Packers,,Philadelphia Eagles,boxscore,12,10,253,6,74,5
4,5,Sun,1960-10-23,W,St. Louis Cardinals,,Dallas Cowboys,boxscore,12,10,306,3,175,2
5,8,Sun,1960-11-13,W,Detroit Lions,,Los Angeles Rams,boxscore,12,10,232,3,245,3
6,3,Sun,1973-09-30,W,Cleveland Browns,,New York Giants,boxscore,12,10,239,3,123,3
7,5,Sun,1975-10-19,W,Kansas City Chiefs,@,San Diego Chargers,boxscore,12,10,356,1,216,2
8,9,Sun,1979-10-28,W,Tampa Bay Buccaneers,@,Minnesota Vikings,boxscore,12,10,360,1,330,1
9,12,Sun,1986-11-23,W,Chicago Bears,,Green Bay Packers,boxscore,12,10,300,5,195,3
10,3,Sun,1988-09-18,W,New York Giants,@,Dallas Cowboys,boxscore,12,10,278,2,366,2
11,9,Sun,1988-10-30,W,Los Angeles Rams,@,New Orleans Saints,boxscore,12,10,332,0,242,2
12,13,Sun,1994-11-27,W,New England Patriots,@,Indianapolis Colts,boxscore,12,10,336,1,290,2
13,10,Sun,2003-11-09,W,Detroit Lions,,Chicago Bears,boxscore,12,10,248,0,199,1
14,11,Sun,2003-11-16,W,Houston Texans,@,Buffalo Bills,boxscore,12,10,245,1,335,1
15,14,Sun,2005-12-11,W,Denver Broncos,,Baltimore Ravens,boxscore,12,10,318,1,323,4
16,7,Sun,2007-10-21,W,Kansas City Chiefs,@,Oakland Raiders,boxscore,12,10,290,1,268,2
17,6,Sun,2008-10-12,W,Minnesota Vikings,,Detroit Lions,boxscore,12,10,392,3,212,1
18,1,Sun,2016-09-11,W,Seattle Seahawks,,Miami Dolphins,boxscore,12,10,352,2,214,0
19,16,Sat,2016-12-24,W,Houston Texans,,Cincinnati Bengals,boxscore,12,10,250,0,294,1
20,4,Sun,2019-09-29,W,New Orleans Saints,,Dallas Cowboys,boxscore,12,10,266,1,257,3
1,7,Sun,1942-10-25,W,Chicago Bears,,Philadelphia Eagles,boxscore,45,14,378,4,83,3
2,9,Sun,1950-11-12,W,Los Angeles Rams,@,Green Bay Packers,boxscore,45,14,370,5,297,9
3,8,Sun,1953-11-15,W,Philadelphia Eagles,,Baltimore Colts,boxscore,45,14,497,8,222,6
4,12,Sun,1953-12-13,W,San Francisco 49ers,,Baltimore Colts,boxscore,45,14,597,4,136,3
5,9,Sun,1959-11-22,W,Baltimore Colts,,San Francisco 49ers,boxscore,45,14,439,3,133,4
6,10,Sun,1959-11-29,W,New York Giants,,Washington Redskins,boxscore,45,14,477,4,130,4
7,9,Sun,1961-11-12,W,Detroit Lions,@,St. Louis Cardinals,boxscore,45,14,372,1,214,4
8,12,Sun,1961-11-26,W,Houston Oilers,,Denver Broncos,boxscore,45,14,311,6,159,8
9,3,Sun,1963-09-29,W,Minnesota Vikings,,San Francisco 49ers,boxscore,45,14,396,2,237,5
10,14,Sun,1963-12-08,W,Buffalo Bills,,New York Jets,boxscore,45,14,370,0,168,4
11,6,Sun,1966-10-16,W,Baltimore Colts,,Detroit Lions,boxscore,45,14,420,2,293,4
12,6,Sun,1978-10-08,W,New York Jets,,Buffalo Bills,boxscore,45,14,278,1,322,4
13,15,Sat,1978-12-09,W,Detroit Lions,,Minnesota Vikings,boxscore,45,14,507,2,235,3
14,6,Sun,1981-10-11,W,San Francisco 49ers,,Dallas Cowboys,boxscore,45,14,440,1,192,4
15,10,Sun,1990-11-11,W,Buffalo Bills,,Phoenix Cardinals,boxscore,45,14,360,2,127,4
16,1,Sun,1991-09-01,W,Denver Broncos,,Cincinnati Bengals,boxscore,45,14,471,0,246,4
17,4,Sun,2006-10-01,W,Dallas Cowboys,@,Tennessee Titans,boxscore,45,14,396,1,229,3
18,Division,Sat,2010-01-16,W,New Orleans Saints,,Arizona Cardinals,boxscore,45,14,418,0,359,2
19,4,Thu,2014-09-25,W,New York Giants,@,Washington Redskins,boxscore,45,14,449,1,329,6
20,12,Thu,2015-11-26,W,Detroit Lions,,Philadelphia Eagles,boxscore,45,14,430,0,227,1
1,2,Sun,1955-10-02,W,Cleveland Browns,@,San Francisco 49ers,boxscore,38,3,357,0,139,2
2,13,Sun,1964-12-06,W,San Diego Chargers,,New York Jets,boxscore,38,3,466,2,113,4
3,2,Sun,1970-09-27,W,Detroit Lions,,Cincinnati Bengals,boxscore,38,3,285,0,140,4
4,4,Sun,1980-09-28,W,Pittsburgh Steelers,,Chicago Bears,boxscore,38,3,443,2,200,7
5,9,Sun,1987-11-08,W,Cleveland Browns,,Atlanta Falcons,boxscore,38,3,365,1,243,2
6,11,Sun,1993-11-14,W,Houston Oilers,@,Cincinnati Bengals,boxscore,38,3,462,4,165,2
7,17,Sun,1993-12-26,W,Dallas Cowboys,,Washington Redskins,boxscore,38,3,380,1,198,2
8,6,Sun,1994-10-09,W,Dallas Cowboys,,Arizona Cardinals,boxscore,38,3,351,0,221,5
9,17,Sun,1997-12-21,W,Denver Broncos,,San Diego Chargers,boxscore,38,3,451,1,203,1
10,Division,Sat,1999-01-09,W,Denver Broncos,,Miami Dolphins,boxscore,38,3,424,0,252,3
11,9,Sun,2002-11-03,W,Cincinnati Bengals,@,Houston Texans,boxscore,38,3,390,0,268,2
12,1,Sun,2008-09-07,W,Philadelphia Eagles,,St. Louis Rams,boxscore,38,3,522,0,166,0
13,17,Sun,2012-12-30,W,Denver Broncos,,Kansas City Chiefs,boxscore,38,3,488,1,119,0
14,12,Mon,2014-11-24,W,Buffalo Bills,,New York Jets,boxscore,38,3,336,0,218,1
15,17,Sun,2018-12-30,W,New England Patriots,,New York Jets,boxscore,38,3,375,0,239,3
16,9,Sun,2020-11-08,W,New Orleans Saints,@,Tampa Bay Buccaneers,boxscore,38,3,420,2,194,3
17,17,Sun,2021-01-03,W,Baltimore Ravens,@,Cincinnati Bengals,boxscore,38,3,525,1,195,2
18,1,Sun,2021-09-12,W,New Orleans Saints,,Green Bay Packers,boxscore,38,3,322,0,229,3
19,7,Sun,2021-10-24,W,Tampa Bay Buccaneers,,Chicago Bears,boxscore,38,3,408,1,311,5
20,5,Sun,2022-10-09,W,Buffalo Bills,,Pittsburgh Steelers,boxscore,38,3,552,2,364,2
1,6,Sun,1939-10-15,W,Chicago Bears,,Chicago Cardinals,boxscore,44,7,408,5,296,8
2,1,Wed,1948-09-22,W,Los Angeles Rams,,Detroit Lions,boxscore,44,7,407,4,276,7
3,7,Sun,1960-11-06,W,St. Louis Cardinals,,Washington Redskins,boxscore,44,7,499,2,178,4
4,5,Fri,1962-10-05,W,Denver Broncos,,Oakland Raiders,boxscore,44,7,303,5,197,6
5,6,Sun,1966-10-16,W,San Francisco 49ers,@,Atlanta Falcons,boxscore,44,7,504,1,215,4
6,11,Sun,1967-11-26,W,New York Giants,,Philadelphia Eagles,boxscore,44,7,444,0,172,4
7,7,Sun,1977-10-30,W,Cleveland Browns,,Kansas City Chiefs,boxscore,44,7,526,3,256,6
8,8,Sun,1977-11-06,W,Oakland Raiders,,Seattle Seahawks,boxscore,44,7,397,0,177,4
9,14,Sun,1979-12-02,W,Philadelphia Eagles,,Detroit Lions,boxscore,44,7,384,2,180,1
10,7,Sun,1980-10-19,W,San Diego Chargers,,New York Giants,boxscore,44,7,567,3,206,3
11,4,Sun,1984-09-23,W,Miami Dolphins,,Indianapolis Colts,boxscore,44,7,399,1,223,4
12,4,Sun,1986-09-28,W,Chicago Bears,@,Cincinnati Bengals,boxscore,44,7,476,2,338,5
13,14,Sun,1988-12-04,W,New York Giants,,Phoenix Cardinals,boxscore,44,7,301,1,158,5
14,13,Sun,2000-11-26,W,Baltimore Ravens,,Cleveland Browns,boxscore,44,7,461,2,112,3
15,2,Sun,2002-09-15,W,New England Patriots,@,New York Jets,boxscore,44,7,432,2,200,2
16,9,Sun,2007-11-04,W,Detroit Lions,,Denver Broncos,boxscore,44,7,376,1,303,4
17,5,Sun,2009-10-11,W,New York Giants,,Oakland Raiders,boxscore,44,7,483,1,124,3
18,17,Sun,2010-01-03,W,Minnesota Vikings,,New York Giants,boxscore,44,7,487,0,181,2
19,10,Sun,2011-11-13,W,Dallas Cowboys,,Buffalo Bills,boxscore,44,7,433,0,271,4
20,3,Sun,2017-09-24,W,Jacksonville Jaguars,,Baltimore Ravens,boxscore,44,7,410,0,186,3
1,9,Sat,1924-11-22,W,Frankford Yellow Jackets,,Milwaukee Badgers,boxscore,21,6,0,0,0,0
2,3,Wed,1933-10-04,W,Boston Redskins,@,Pittsburgh Pirates,boxscore,21,6,0,0,0,0
3,Champ,Sun,1936-12-13,W,Green Bay Packers,@,Boston Redskins,boxscore,21,6,232,3,147,3
4,3,Sun,1945-10-07,W,Philadelphia Eagles,,Chicago Cardinals,boxscore,21,6,240,0,213,0
5,8,Sun,1948-11-07,W,Chicago Bears,@,Los Angeles Rams,boxscore,21,6,328,2,242,1
6,11,Sun,1966-11-20,W,Los Angeles Rams,,Minnesota Vikings,boxscore,21,6,228,1,186,4
7,11,Sun,1968-11-17,W,San Diego Chargers,@,Buffalo Bills,boxscore,21,6,282,5,151,1
8,8,Sun,1976-10-31,W,Cincinnati Bengals,,Cleveland Browns,boxscore,21,6,385,3,319,2
9,14,Sun,1978-12-03,W,Denver Broncos,@,Oakland Raiders,boxscore,21,6,192,1,279,5
10,4,Sun,1979-09-23,W,Tampa Bay Buccaneers,,Los Angeles Rams,boxscore,21,6,249,3,186,4
11,6,Sun,1985-10-13,W,Cleveland Browns,@,Houston Oilers,boxscore,21,6,360,4,190,2
12,3,Sun,1989-09-24,W,San Diego Chargers,,Kansas City Chiefs,boxscore,21,6,296,0,272,5
13,8,Mon,1994-10-24,W,Philadelphia Eagles,,Houston Oilers,boxscore,21,6,372,2,282,4
14,16,Sun,1994-12-18,W,San Diego Chargers,@,New York Jets,boxscore,21,6,403,2,243,1
15,1,Sun,1995-09-03,W,Tampa Bay Buccaneers,@,Philadelphia Eagles,boxscore,21,6,285,1,273,2
16,2,Sun,1996-09-08,W,Detroit Lions,,Tampa Bay Buccaneers,boxscore,21,6,234,1,274,4
17,10,Sun,1996-11-03,W,Kansas City Chiefs,@,Minnesota Vikings,boxscore,21,6,359,1,258,2
18,12,Mon,1996-11-18,W,Dallas Cowboys,,Green Bay Packers,boxscore,21,6,317,0,254,0
19,8,Sun,2005-10-30,W,Miami Dolphins,@,New Orleans Saints,boxscore,21,6,342,2,203,2
20,15,Sun,2021-12-19,W,Dallas Cowboys,@,New York Giants,boxscore,21,6,328,1,302,4
1,9,Sun,1925-11-15,W,Chicago Cardinals,,Buffalo Bisons,boxscore,23,6,0,0,0,0
2,4,Sun,1958-10-19,W,Chicago Cardinals,@,New York Giants,boxscore,23,6,421,2,215,2
3,6,Sun,1962-10-14,W,Denver Broncos,@,Oakland Raiders,boxscore,23,6,329,5,229,7
4,12,Sun,1966-11-27,W,Chicago Bears,,Atlanta Falcons,boxscore,23,6,476,4,167,3
5,7,Sun,1968-10-20,W,Boston Patriots,,Buffalo Bills,boxscore,23,6,299,2,203,5
6,6,Sun,1976-10-17,W,Pittsburgh Steelers,,Cincinnati Bengals,boxscore,23,6,253,2,171,3
7,Conf. Champ,Sun,1978-01-01,W,Dallas Cowboys,,Minnesota Vikings,boxscore,23,6,328,2,214,4
8,15,Sun,1978-12-10,W,Miami Dolphins,,Oakland Raiders,boxscore,23,6,260,3,319,7
9,15,Sun,1981-12-13,W,Chicago Bears,@,Oakland Raiders,boxscore,23,6,378,2,263,2
10,15,Sun,1984-12-09,W,Tampa Bay Buccaneers,,Atlanta Falcons,boxscore,23,6,335,0,274,2
11,14,Sun,1985-12-08,W,New England Patriots,,Detroit Lions,boxscore,23,6,352,1,246,3
12,3,Sun,1992-09-20,W,Pittsburgh Steelers,@,San Diego Chargers,boxscore,23,6,272,3,330,3
13,9,Sun,1995-10-29,W,Miami Dolphins,,Buffalo Bills,boxscore,23,6,362,0,186,0
14,16,Sun,1995-12-17,W,Houston Oilers,,New York Jets,boxscore,23,6,274,0,164,0
15,11,Sun,2000-11-12,W,Dallas Cowboys,,Cincinnati Bengals,boxscore,23,6,405,1,195,2
16,8,Sun,2001-11-04,W,Miami Dolphins,,Carolina Panthers,boxscore,23,6,337,1,281,1
17,9,Mon,2008-11-03,W,Pittsburgh Steelers,@,Washington Redskins,boxscore,23,6,224,1,221,2
18,5,Sun,2010-10-10,W,Chicago Bears,@,Carolina Panthers,boxscore,23,6,247,4,147,3
19,3,Sun,2012-09-23,W,Chicago Bears,,St. Louis Rams,boxscore,23,6,274,1,160,2
20,16,Sun,2012-12-23,W,Minnesota Vikings,@,Houston Texans,boxscore,23,6,345,1,187,2