Rk,Week,Day,Date,,Winner/tie,,Loser/tie,,PtsW,PtsL,YdsW,TOW,YdsL,TOL
1,6,Sun,1939-10-15,W,New York Giants,,Philadelphia Eagles,boxscore,27,10,225,2,113,8
2,10,Sun,1946-11-24,W,Washington Redskins,@,Philadelphia Eagles,boxscore,27,10,345,2,271,5
3,5,Sun,1947-10-19,W,Green Bay Packers,,Washington Redskins,boxscore,27,10,352,3,330,5
4,9,Sun,1957-11-24,W,Green Bay Packers,@,Pittsburgh Steelers,boxscore,27,10,253,3,167,7
5,4,Sun,1958-10-19,W,Cleveland Browns,,Pittsburgh Steelers,boxscore,27,10,409,3,259,4
6,4,Sun,1960-10-16,W,Chicago Bears,,San Francisco 49ers,boxscore,27,10,231,0,298,2
7,7,Sun,1961-10-22,W,Denver Broncos,,New York Titans,boxscore,27,10,338,4,359,6
8,3,Fri,1965-09-24,W,Denver Broncos,@,Boston Patriots,boxscore,27,10,262,2,125,4
9,4,Sun,1965-10-10,W,Green Bay Packers,,San Francisco 49ers,boxscore,27,10,339,2,279,1
10,13,Sun,1965-12-12,W,New York Giants,@,Washington Redskins,boxscore,27,10,368,2,294,3
11,9,Sun,1967-11-12,W,Dallas Cowboys,@,New Orleans Saints,boxscore,27,10,380,2,211,3
12,1,Sun,1968-09-15,W,Baltimore Colts,,San Francisco 49ers,boxscore,27,10,346,1,272,3
13,4,Sun,1968-10-06,W,Dallas Cowboys,@,St. Louis Cardinals,boxscore,27,10,297,1,251,2
14,7,Sun,1968-10-27,W,Baltimore Colts,,Los Angeles Rams,boxscore,27,10,364,4,148,4
15,9,Sun,1968-11-10,W,Baltimore Colts,@,Detroit Lions,boxscore,27,10,354,1,308,0
16,5,Sun,1969-10-19,W,Minnesota Vikings,@,St. Louis Cardinals,boxscore,27,10,332,1,169,1
17,13,Sat,1969-12-13,W,Dallas Cowboys,,Baltimore Colts,boxscore,27,10,408,1,224,4
18,1,Sun,1970-09-20,W,Minnesota Vikings,,Kansas City Chiefs,boxscore,27,10,220,3,218,4
19,7,Sun,1970-11-01,W,San Diego Chargers,@,Cleveland Browns,boxscore,27,10,321,0,309,4
20,7,Sun,1971-10-31,W,San Francisco 49ers,,New England Patriots,boxscore,27,10,247,5,246,3
21,14,Sun,1971-12-19,W,Minnesota Vikings,@,Chicago Bears,boxscore,27,10,349,3,310,4
22,7,Sun,1972-10-29,W,Chicago Bears,@,St. Louis Cardinals,boxscore,27,10,329,2,269,4
23,11,Sun,1972-11-26,W,Cleveland Browns,,Buffalo Bills,boxscore,27,10,253,2,175,2
24,Conf. Champ,Sun,1973-12-30,W,Minnesota Vikings,@,Dallas Cowboys,boxscore,27,10,306,4,153,6
25,Conf. Champ,Sun,1973-12-30,W,Miami Dolphins,,Oakland Raiders,boxscore,27,10,292,1,236,1
26,4,Sun,1975-10-12,W,Cincinnati Bengals,,New England Patriots,boxscore,27,10,446,0,250,3
27,14,Sun,1976-12-12,W,Philadelphia Eagles,,Seattle Seahawks,boxscore,27,10,412,0,297,3
28,4,Sun,1977-10-09,W,Houston Oilers,,Pittsburgh Steelers,boxscore,27,10,267,2,389,9
29,6,Sun,1977-10-23,W,Pittsburgh Steelers,,Houston Oilers,boxscore,27,10,352,6,119,6
30,Super Bowl,Sun,1978-01-15,W,Dallas Cowboys,N,Denver Broncos,boxscore,27,10,325,2,156,8
31,4,Sun,1978-09-24,W,New York Giants,,San Francisco 49ers,boxscore,27,10,382,3,191,5
32,6,Sun,1978-10-08,W,Los Angeles Rams,,San Francisco 49ers,boxscore,27,10,404,4,215,2
33,3,Sun,1979-09-16,W,Seattle Seahawks,,Oakland Raiders,boxscore,27,10,419,0,431,4
34,Super Bowl,Sun,1981-01-25,W,Oakland Raiders,N,Philadelphia Eagles,boxscore,27,10,377,0,360,4
35,9,Sun,1981-11-01,W,Miami Dolphins,,Baltimore Colts,boxscore,27,10,310,0,308,3
36,13,Thu,1981-11-26,W,Detroit Lions,,Kansas City Chiefs,boxscore,27,10,285,1,245,3
37,16,Sun,1982-12-26,W,Washington Redskins,@,New Orleans Saints,boxscore,27,10,448,2,197,1
38,16,Mon,1982-12-27,W,Miami Dolphins,,Buffalo Bills,boxscore,27,10,242,3,301,4
39,16,Sun,1982-12-26,W,Los Angeles Raiders,,Denver Broncos,boxscore,27,10,312,4,345,6
40,Wild Card,Sat,1983-01-08,W,Los Angeles Raiders,,Cleveland Browns,boxscore,27,10,510,2,284,1
41,10,Sun,1983-11-06,W,New Orleans Saints,,Atlanta Falcons,boxscore,27,10,366,1,213,3
42,5,Sun,1984-09-30,W,New Orleans Saints,@,Houston Oilers,boxscore,27,10,357,2,133,2
43,13,Sun,1984-11-25,W,Cleveland Browns,,Houston Oilers,boxscore,27,10,262,2,147,2
44,5,Mon,1985-10-07,W,Washington Redskins,,St. Louis Cardinals,boxscore,27,10,305,2,310,6
45,10,Sun,1985-11-10,W,Cincinnati Bengals,,Cleveland Browns,boxscore,27,10,370,0,325,3
46,14,Sun,1988-12-04,W,Cincinnati Bengals,,San Diego Chargers,boxscore,27,10,352,2,211,4
47,11,Sun,1989-11-19,W,Indianapolis Colts,,New York Jets,boxscore,27,10,424,0,354,3
48,8,Sun,1990-10-28,W,Buffalo Bills,@,New England Patriots,boxscore,27,10,353,0,262,3
49,8,Sun,1990-10-28,W,Detroit Lions,@,New Orleans Saints,boxscore,27,10,262,1,269,8
50,11,Sun,1990-11-18,W,Kansas City Chiefs,,San Diego Chargers,boxscore,27,10,297,0,286,5
51,15,Sun,1990-12-16,W,Houston Oilers,@,Kansas City Chiefs,boxscore,27,10,563,1,350,2
52,4,Sun,1991-09-22,W,San Francisco 49ers,,Los Angeles Rams,boxscore,27,10,422,1,272,1
53,2,Sun,1992-09-13,W,Pittsburgh Steelers,,New York Jets,boxscore,27,10,370,5,239,7
54,12,Sun,1992-11-22,W,San Francisco 49ers,@,Los Angeles Rams,boxscore,27,10,366,1,245,0
55,15,Sun,1992-12-13,W,San Diego Chargers,,Cincinnati Bengals,boxscore,27,10,370,2,223,2
56,5,Sun,1993-10-03,W,Tampa Bay Buccaneers,,Detroit Lions,boxscore,27,10,324,1,311,3
57,10,Sun,1993-11-07,W,New York Jets,,Miami Dolphins,boxscore,27,10,356,1,337,2
58,18,Sun,1994-01-02,W,Phoenix Cardinals,@,Atlanta Falcons,boxscore,27,10,395,0,270,4
59,2,Sun,1994-09-11,W,San Diego Chargers,,Cincinnati Bengals,boxscore,27,10,465,0,280,3
60,6,Mon,1994-10-10,W,Minnesota Vikings,@,New York Giants,boxscore,27,10,395,2,240,3
61,3,Sun,1995-09-17,W,New York Jets,,Jacksonville Jaguars,boxscore,27,10,375,1,251,3
62,5,Sun,1995-10-01,W,Seattle Seahawks,,Denver Broncos,boxscore,27,10,422,0,318,1
63,16,Sun,1997-12-14,W,New Orleans Saints,,Arizona Cardinals,boxscore,27,10,382,1,265,4
64,8,Sun,1998-10-25,W,Oakland Raiders,,Cincinnati Bengals,boxscore,27,10,411,0,170,3
65,10,Sun,1998-11-08,W,Denver Broncos,,San Diego Chargers,boxscore,27,10,289,1,213,3
66,1,Sun,1999-09-12,W,St. Louis Rams,,Baltimore Ravens,boxscore,27,10,343,3,223,2
67,Wild Card,Sun,2000-01-09,W,Minnesota Vikings,,Dallas Cowboys,boxscore,27,10,374,0,389,3
68,6,Sun,2001-10-21,W,San Diego Chargers,,Denver Broncos,boxscore,27,10,379,2,263,3
69,Division,Sun,2002-01-20,W,Pittsburgh Steelers,,Baltimore Ravens,boxscore,27,10,297,1,150,4
70,Conf. Champ,Sun,2003-01-19,W,Tampa Bay Buccaneers,@,Philadelphia Eagles,boxscore,27,10,308,1,312,3
71,1,Sun,2003-09-07,W,Seattle Seahawks,,New Orleans Saints,boxscore,27,10,270,0,359,4
72,16,Sun,2003-12-21,W,St. Louis Rams,,Cincinnati Bengals,boxscore,27,10,371,1,286,3
73,3,Sun,2004-09-26,W,New York Giants,,Cleveland Browns,boxscore,27,10,390,0,285,3
74,4,Sun,2004-10-03,W,Atlanta Falcons,@,Carolina Panthers,boxscore,27,10,313,0,360,3
75,Conf. Champ,Sun,2005-01-23,W,Philadelphia Eagles,,Atlanta Falcons,boxscore,27,10,326,0,202,1
76,2,Mon,2005-09-19,W,New York Giants,@,New Orleans Saints,boxscore,27,10,257,1,422,6
77,15,Sun,2005-12-18,W,Carolina Panthers,@,New Orleans Saints,boxscore,27,10,326,2,277,6
78,2,Sun,2006-09-17,W,Dallas Cowboys,,Washington Redskins,boxscore,27,10,367,1,245,1
79,10,Sun,2006-11-12,W,Dallas Cowboys,@,Arizona Cardinals,boxscore,27,10,434,0,295,3
80,12,Thu,2006-11-23,W,Miami Dolphins,@,Detroit Lions,boxscore,27,10,395,2,220,2
81,14,Sun,2006-12-10,W,Cincinnati Bengals,,Oakland Raiders,boxscore,27,10,439,4,223,2
82,12,Thu,2008-11-20,W,Pittsburgh Steelers,,Cincinnati Bengals,boxscore,27,10,364,1,208,1
83,10,Sun,2009-11-15,W,Minnesota Vikings,,Detroit Lions,boxscore,27,10,492,2,297,1
84,8,Sun,2011-10-30,W,Tennessee Titans,,Indianapolis Colts,boxscore,27,10,311,0,399,2
85,2,Sun,2012-09-16,W,Pittsburgh Steelers,,New York Jets,boxscore,27,10,331,0,219,1
86,4,Sun,2012-09-30,W,Cincinnati Bengals,@,Jacksonville Jaguars,boxscore,27,10,382,2,212,2
87,10,Thu,2012-11-08,W,Indianapolis Colts,@,Jacksonville Jaguars,boxscore,27,10,359,2,337,3
88,Wild Card,Sun,2014-01-05,W,San Diego Chargers,@,Cincinnati Bengals,boxscore,27,10,318,0,439,4
89,11,Sun,2014-11-16,W,Cincinnati Bengals,@,New Orleans Saints,boxscore,27,10,405,0,330,1
90,17,Sun,2014-12-28,W,Indianapolis Colts,@,Tennessee Titans,boxscore,27,10,378,0,192,1
91,9,Sun,2015-11-08,W,New England Patriots,,Washington Redskins,boxscore,27,10,460,2,250,2
92,10,Sun,2015-11-15,W,Carolina Panthers,@,Tennessee Titans,boxscore,27,10,303,0,242,2
93,17,Sun,2017-01-01,W,Cincinnati Bengals,,Baltimore Ravens,boxscore,27,10,371,0,335,2
94,3,Sun,2017-09-24,W,Washington Redskins,,Oakland Raiders,boxscore,27,10,472,2,128,3
95,15,Sun,2017-12-17,W,Baltimore Ravens,@,Cleveland Browns,boxscore,27,10,376,0,266,4
96,4,Sun,2019-09-29,W,Seattle Seahawks,@,Arizona Cardinals,boxscore,27,10,340,0,321,1
97,Division,Sat,2020-01-11,W,San Francisco 49ers,,Minnesota Vikings,boxscore,27,10,308,2,147,2
98,18,Sun,2022-01-09,W,Buffalo Bills,,New York Jets,boxscore,27,10,424,0,53,0
99,2,Sun,2022-09-18,W,Green Bay Packers,,Chicago Bears,boxscore,27,10,414,1,228,1
100,6,Sun,2022-10-16,W,New York Jets,@,Green Bay Packers,boxscore,27,10,278,0,278,1