Rk,Week,Day,Date,,Winner/tie,,Loser/tie,,PtsW,PtsL,YdsW,TOW,YdsL,TOL
1,1,Sun,1972-09-17,W,Detroit Lions,,New York Giants,boxscore,30,16,392,0,245,2
2,8,Sun,1972-11-05,W,Miami Dolphins,@,Buffalo Bills,boxscore,30,16,327,1,172,2
3,7,Sun,1973-10-28,W,Philadelphia Eagles,,Dallas Cowboys,boxscore,30,16,272,0,362,4
4,1,Sun,1975-09-21,W,Detroit Lions,@,Green Bay Packers,boxscore,30,16,230,2,217,3
5,1,Sun,1976-09-12,W,San Diego Chargers,@,Kansas City Chiefs,boxscore,30,16,467,0,330,4
6,7,Sun,1987-10-25,W,Indianapolis Colts,,New England Patriots,boxscore,30,16,300,1,304,3
7,11,Sun,1987-11-22,W,Pittsburgh Steelers,@,Cincinnati Bengals,boxscore,30,16,328,2,448,5
8,5,Sun,1996-09-29,W,Pittsburgh Steelers,,Houston Oilers,boxscore,30,16,309,2,273,5
9,4,Sun,2007-09-30,W,Kansas City Chiefs,@,San Diego Chargers,boxscore,30,16,390,2,333,4
10,3,Sun,2010-09-26,W,St. Louis Rams,,Washington Redskins,boxscore,30,16,365,2,349,2
11,8,Sun,2014-10-26,W,Houston Texans,@,Tennessee Titans,boxscore,30,16,405,0,326,2
12,6,Sun,2016-10-16,W,Dallas Cowboys,@,Green Bay Packers,boxscore,30,16,424,2,372,4
13,12,Sun,2017-11-26,W,Cincinnati Bengals,,Cleveland Browns,boxscore,30,16,361,0,405,0
14,13,Sun,2018-12-02,W,Los Angeles Rams,@,Detroit Lions,boxscore,30,16,344,2,310,2
15,15,Sun,2018-12-16,W,Cincinnati Bengals,,Oakland Raiders,boxscore,30,16,294,1,297,2
16,7,Sun,2019-10-20,W,Baltimore Ravens,@,Seattle Seahawks,boxscore,30,16,340,0,347,2
17,4,Mon,2020-10-05,W,Green Bay Packers,,Atlanta Falcons,boxscore,30,16,403,0,327,0
18,13,Sun,2020-12-06,W,Green Bay Packers,,Philadelphia Eagles,boxscore,30,16,437,0,278,1
19,9,Sun,2021-11-07,W,Denver Broncos,@,Dallas Cowboys,boxscore,30,16,407,0,290,2
20,15,Sun,2021-12-19,W,Houston Texans,@,Jacksonville Jaguars,boxscore,30,16,281,1,296,0
1,4,Sun,1944-10-08,W,New York Giants,@,Boston Yanks,boxscore,22,10,160,3,199,2
2,10,Sun,1960-11-27,W,Pittsburgh Steelers,,Washington Redskins,boxscore,22,10,394,3,181,3
3,1,Sun,1961-09-10,W,Denver Broncos,@,Buffalo Bills,boxscore,22,10,279,2,284,3
4,3,Sun,1969-09-28,W,Houston Oilers,,Miami Dolphins,boxscore,22,10,298,0,216,2
5,7,Sun,1970-11-01,W,New York Giants,@,New York Jets,boxscore,22,10,240,0,237,4
6,11,Sun,1971-11-28,W,Denver Broncos,@,Pittsburgh Steelers,boxscore,22,10,276,2,225,3
7,12,Sun,1973-12-02,W,Dallas Cowboys,@,Denver Broncos,boxscore,22,10,263,0,229,3
8,10,Sun,1977-11-20,W,Houston Oilers,@,Seattle Seahawks,boxscore,22,10,432,3,129,4
9,7,Mon,1986-10-20,W,New York Jets,,Denver Broncos,boxscore,22,10,211,0,279,3
10,16,Sat,2001-12-29,W,Tampa Bay Buccaneers,,Baltimore Ravens,boxscore,22,10,213,0,257,3
11,15,Sun,2007-12-16,W,Washington Redskins,@,New York Giants,boxscore,22,10,309,0,307,1
12,7,Sun,2010-10-24,W,Seattle Seahawks,,Arizona Cardinals,boxscore,22,10,302,1,227,5
13,3,Sun,2014-09-21,W,San Diego Chargers,@,Buffalo Bills,boxscore,22,10,333,0,292,0
14,15,Sun,2014-12-14,W,Denver Broncos,@,San Diego Chargers,boxscore,22,10,337,0,288,2
15,3,Sun,2016-09-25,W,Minnesota Vikings,@,Carolina Panthers,boxscore,22,10,211,0,306,3
16,17,Sun,2017-12-31,W,Atlanta Falcons,,Carolina Panthers,boxscore,22,10,371,0,248,3
17,16,Sat,2018-12-22,W,Baltimore Ravens,@,Los Angeles Chargers,boxscore,22,10,361,1,198,3
18,10,Thu,2021-11-11,W,Miami Dolphins,,Baltimore Ravens,boxscore,22,10,350,0,304,2
19,5,Sun,2022-10-09,W,Dallas Cowboys,@,Los Angeles Rams,boxscore,22,10,239,0,323,3
1,11,Sun,1971-11-28,W,New Orleans Saints,@,Green Bay Packers,boxscore,29,21,273,0,262,6
2,4,Sun,1975-10-12,W,Minnesota Vikings,,New York Jets,boxscore,29,21,407,2,305,2
3,12,Sun,1982-11-28,W,New England Patriots,,Houston Oilers,boxscore,29,21,378,3,240,3
4,11,Sun,1983-11-13,W,Green Bay Packers,@,Minnesota Vikings,boxscore,29,21,343,1,419,3
5,15,Mon,1987-12-21,W,Dallas Cowboys,@,Los Angeles Rams,boxscore,29,21,365,0,311,4
6,2,Sun,1988-09-11,W,New Orleans Saints,@,Atlanta Falcons,boxscore,29,21,434,4,307,4
7,8,Sun,1988-10-23,W,Cleveland Browns,@,Phoenix Cardinals,boxscore,29,21,369,4,330,4
8,10,Sun,1988-11-06,W,New York Giants,,Dallas Cowboys,boxscore,29,21,262,1,365,3
9,16,Mon,1989-12-25,W,Minnesota Vikings,,Cincinnati Bengals,boxscore,29,21,393,1,429,5
10,15,Sun,1990-12-16,W,Indianapolis Colts,@,New York Jets,boxscore,29,21,373,0,300,1
11,5,Sun,1997-09-28,W,Denver Broncos,@,Atlanta Falcons,boxscore,29,21,329,1,308,1
12,6,Sun,2000-10-08,W,Arizona Cardinals,,Cleveland Browns,boxscore,29,21,315,2,240,0
13,12,Sun,2002-11-24,W,Pittsburgh Steelers,,Cincinnati Bengals,boxscore,29,21,391,0,352,1
14,10,Sun,2005-11-13,W,Detroit Lions,,Arizona Cardinals,boxscore,29,21,383,0,397,1
15,Division,Sun,2006-01-15,W,Carolina Panthers,@,Chicago Bears,boxscore,29,21,434,1,282,1
16,13,Sun,2019-12-01,W,Washington Redskins,@,Carolina Panthers,boxscore,29,21,362,0,278,2
17,10,Sun,2020-11-15,W,Miami Dolphins,,Los Angeles Chargers,boxscore,29,21,280,1,273,1
18,14,Sun,2021-12-12,W,Atlanta Falcons,@,Carolina Panthers,boxscore,29,21,318,1,334,3
19,4,Sun,2022-10-02,W,Philadelphia Eagles,,Jacksonville Jaguars,boxscore,29,21,401,1,219,4
1,11,Sun,1923-12-09,W,Milwaukee Badgers,@,Chicago Cardinals,boxscore,14,12,0,0,0,0
2,6,Sun,1927-10-23,W,Chicago Bears,,Cleveland Bulldogs,boxscore,14,12,0,0,0,0
3,9,Wed,1931-11-11,W,Portsmouth Spartans,,Staten Island Stapletons,boxscore,14,12,0,0,0,0
4,4,Wed,1934-10-03,W,New York Giants,@,Pittsburgh Pirates,boxscore,14,12,0,0,0,0
5,10,Tue,1935-11-19,W,Brooklyn Dodgers,,Chicago Cardinals,boxscore,14,12,148,3,288,1
6,15,Sun,1965-12-19,W,New York Jets,,Buffalo Bills,boxscore,14,12,299,3,236,3
7,14,Sun,1968-12-15,W,San Francisco 49ers,@,Atlanta Falcons,boxscore,14,12,458,4,150,2
8,Division,Sun,1976-12-19,W,Los Angeles Rams,@,Dallas Cowboys,boxscore,14,12,250,3,211,4
9,11,Sun,1979-11-11,W,Buffalo Bills,@,New York Jets,boxscore,14,12,270,0,237,3
10,Division,Sun,1981-01-04,W,Oakland Raiders,@,Cleveland Browns,boxscore,14,12,208,3,254,4
11,10,Sun,1989-11-12,W,San Diego Chargers,,Los Angeles Raiders,boxscore,14,12,202,2,295,3
12,1,Sun,1994-09-04,W,Los Angeles Rams,,Arizona Cardinals,boxscore,14,12,152,2,234,3
13,6,Sun,1996-10-06,W,Minnesota Vikings,,Carolina Panthers,boxscore,14,12,293,2,256,6
14,17,Mon,1997-12-22,W,New England Patriots,@,Miami Dolphins,boxscore,14,12,207,2,295,1
15,5,Sun,2005-10-09,W,New York Jets,,Tampa Bay Buccaneers,boxscore,14,12,212,3,285,1
16,1,Sun,2009-09-13,W,Indianapolis Colts,,Jacksonville Jaguars,boxscore,14,12,365,2,228,0
17,10,Sun,2010-11-14,W,Buffalo Bills,,Detroit Lions,boxscore,14,12,288,1,390,1
18,3,Mon,2012-09-24,W,Seattle Seahawks,,Green Bay Packers,boxscore,14,12,238,0,268,0
19,3,Sun,2022-09-25,W,Green Bay Packers,@,Tampa Bay Buccaneers,boxscore,14,12,315,2,285,2
1,7,Sun,1950-10-29,W,Philadelphia Eagles,,Washington Redskins,boxscore,35,3,408,1,291,5
2,5,Sun,1954-10-24,W,Cleveland Browns,@,Chicago Cardinals,boxscore,35,3,327,2,160,4
3,1,Sun,1961-09-17,W,San Francisco 49ers,,Washington Redskins,boxscore,35,3,399,3,135,3
4,15,Sat,1963-12-14,W,Kansas City Chiefs,,Boston Patriots,boxscore,35,3,398,3,105,6
5,6,Mon,1977-10-24,W,Los Angeles Rams,,Minnesota Vikings,boxscore,35,3,397,0,206,3
6,3,Mon,1980-09-22,W,Philadelphia Eagles,,New York Giants,boxscore,35,3,382,3,252,2
7,2,Sun,1981-09-13,W,Buffalo Bills,@,Baltimore Colts,boxscore,35,3,430,3,147,3
8,13,Sun,1984-11-25,W,San Francisco 49ers,@,New Orleans Saints,boxscore,35,3,407,0,201,1
9,6,Sun,1986-10-12,W,New York Giants,,Philadelphia Eagles,boxscore,35,3,394,1,117,2
10,4,Sun,1987-10-04,W,Chicago Bears,@,Philadelphia Eagles,boxscore,35,3,318,2,170,2
11,12,Sun,1987-11-29,W,Los Angeles Rams,,Tampa Bay Buccaneers,boxscore,35,3,425,1,201,3
12,8,Sun,1991-10-20,W,San Francisco 49ers,,Detroit Lions,boxscore,35,3,505,1,207,2
13,9,Sun,1991-10-27,W,Houston Oilers,,Cincinnati Bengals,boxscore,35,3,486,3,183,3
14,15,Sun,2000-12-10,W,Tennessee Titans,,Cincinnati Bengals,boxscore,35,3,443,1,171,0
15,11,Sun,2004-11-21,W,Tampa Bay Buccaneers,,San Francisco 49ers,boxscore,35,3,352,2,197,2
16,13,Sun,2005-12-04,W,Indianapolis Colts,,Tennessee Titans,boxscore,35,3,292,1,260,1
17,14,Sun,2008-12-07,W,Indianapolis Colts,,Cincinnati Bengals,boxscore,35,3,334,1,252,4
18,11,Sun,2010-11-21,W,Pittsburgh Steelers,,Oakland Raiders,boxscore,35,3,431,1,182,3
19,17,Sun,2018-12-30,W,Kansas City Chiefs,,Oakland Raiders,boxscore,35,3,409,1,292,4
1,7,Sun,1960-11-06,W,Los Angeles Rams,@,Dallas Cowboys,boxscore,38,13,500,1,225,4
2,11,Sun,1964-11-22,W,St. Louis Cardinals,@,Philadelphia Eagles,boxscore,38,13,460,2,343,7
3,10,Sun,1965-11-21,W,Green Bay Packers,@,Minnesota Vikings,boxscore,38,13,339,3,364,6
4,13,Sun,1972-12-10,W,Denver Broncos,,San Diego Chargers,boxscore,38,13,257,3,335,5
5,5,Sun,1979-09-30,W,Dallas Cowboys,,Cincinnati Bengals,boxscore,38,13,370,1,285,3
6,13,Sun,1980-11-30,W,Los Angeles Rams,,New York Jets,boxscore,38,13,510,4,224,3
7,11,Sun,1981-11-15,W,Philadelphia Eagles,,Baltimore Colts,boxscore,38,13,574,2,208,2
8,10,Sun,1996-11-03,W,Buffalo Bills,,Washington Redskins,boxscore,38,13,476,0,234,2
9,12,Sun,1997-11-16,W,Oakland Raiders,@,San Diego Chargers,boxscore,38,13,365,2,248,2
10,8,Sun,2005-10-30,W,Carolina Panthers,,Minnesota Vikings,boxscore,38,13,449,0,253,0
11,4,Sun,2006-10-01,W,New England Patriots,@,Cincinnati Bengals,boxscore,38,13,424,1,279,2
12,3,Sun,2008-09-21,W,Miami Dolphins,@,New England Patriots,boxscore,38,13,461,0,215,2
13,1,Sun,2010-09-12,W,Tennessee Titans,,Oakland Raiders,boxscore,38,13,345,1,286,2
14,2,Sun,2010-09-19,W,San Diego Chargers,,Jacksonville Jaguars,boxscore,38,13,477,3,350,6
15,3,Sun,2010-09-26,W,Pittsburgh Steelers,@,Tampa Bay Buccaneers,boxscore,38,13,387,2,303,2
16,4,Sun,2013-09-29,W,Tennessee Titans,,New York Jets,boxscore,38,13,322,0,330,4
17,6,Sun,2013-10-13,W,St. Louis Rams,@,Houston Texans,boxscore,38,13,216,0,420,4
18,Wild Card,Sun,2017-01-08,W,Green Bay Packers,,New York Giants,boxscore,38,13,406,0,365,2
19,1,Sun,2021-09-12,W,Arizona Cardinals,@,Tennessee Titans,boxscore,38,13,416,1,248,3
1,2,Sun,1936-09-20,W,Boston Redskins,@,Philadelphia Eagles,boxscore,26,3,0,0,0,0
2,4,Sun,1963-10-06,W,Detroit Lions,,San Francisco 49ers,boxscore,26,3,231,3,61,1
3,4,Sun,1964-10-04,W,Detroit Lions,,New York Giants,boxscore,26,3,413,0,167,3
4,11,Sun,1972-11-26,W,Oakland Raiders,,Kansas City Chiefs,boxscore,26,3,420,1,159,4
5,Conf. Champ,Sun,1972-12-31,W,Washington Redskins,,Dallas Cowboys,boxscore,26,3,316,1,169,1
6,8,Sun,1973-11-04,W,Minnesota Vikings,,Cleveland Browns,boxscore,26,3,353,1,145,3
7,14,Sun,1975-12-21,W,Philadelphia Eagles,@,Washington Redskins,boxscore,26,3,273,1,233,8
8,10,Sun,1983-11-06,W,Pittsburgh Steelers,,San Diego Chargers,boxscore,26,3,288,2,218,4
9,13,Sun,1983-11-27,W,New York Jets,,New England Patriots,boxscore,26,3,421,2,208,2
10,17,Sun,1995-12-24,W,Kansas City Chiefs,,Seattle Seahawks,boxscore,26,3,375,1,89,0
11,11,Sun,1998-11-15,W,Detroit Lions,,Chicago Bears,boxscore,26,3,391,0,252,0
12,6,Sun,2000-10-08,W,Carolina Panthers,,Seattle Seahawks,boxscore,26,3,447,1,209,0
13,9,Sun,2004-11-07,W,Cincinnati Bengals,,Dallas Cowboys,boxscore,26,3,328,0,311,5
14,2,Sun,2007-09-16,W,Pittsburgh Steelers,,Buffalo Bills,boxscore,26,3,420,1,223,0
15,14,Sun,2009-12-13,W,New York Jets,@,Tampa Bay Buccaneers,boxscore,26,3,310,1,124,3
16,6,Sun,2012-10-14,W,New York Giants,@,San Francisco 49ers,boxscore,26,3,342,0,314,3
17,9,Sun,2019-11-03,W,Houston Texans,@,Jacksonville Jaguars,boxscore,26,3,410,1,356,4
18,16,Sun,2019-12-22,W,Kansas City Chiefs,@,Chicago Bears,boxscore,26,3,350,0,234,0
19,9,Sun,2022-11-06,W,New England Patriots,,Indianapolis Colts,boxscore,26,3,203,1,121,1
1,5,Sun,1933-10-15,W,Chicago Bears,,Chicago Cardinals,boxscore,12,9,0,0,0,0
2,9,Sun,1933-11-12,W,Cincinnati Reds,@,Chicago Cardinals,boxscore,12,9,0,0,0,0
3,10,Sun,1976-11-14,W,New York Giants,,Washington Redskins,boxscore,12,9,168,3,315,4
4,14,Sun,1977-12-18,W,Chicago Bears,@,New York Giants,boxscore,12,9,284,2,370,3
5,2,Mon,1978-09-11,W,Minnesota Vikings,,Denver Broncos,boxscore,12,9,206,3,231,6
6,15,Mon,1983-12-12,W,Green Bay Packers,@,Tampa Bay Buccaneers,boxscore,12,9,363,4,239,3
7,8,Sun,1984-10-21,W,Cincinnati Bengals,,Cleveland Browns,boxscore,12,9,296,2,324,4
8,10,Sun,1994-11-06,W,Pittsburgh Steelers,@,Houston Oilers,boxscore,12,9,266,0,244,1
9,8,Sun,1998-10-25,W,Miami Dolphins,,New England Patriots,boxscore,12,9,333,3,251,1
10,15,Sun,1999-12-19,W,Miami Dolphins,,San Diego Chargers,boxscore,12,9,284,2,186,1
11,14,Sun,2001-12-16,W,New England Patriots,@,Buffalo Bills,boxscore,12,9,335,2,310,1
12,8,Sun,2002-10-27,W,Tampa Bay Buccaneers,@,Carolina Panthers,boxscore,12,9,226,2,130,4
13,2,Sun,2003-09-14,W,Carolina Panthers,@,Tampa Bay Buccaneers,boxscore,12,9,258,2,397,1
14,2,Sun,2017-09-17,W,Seattle Seahawks,,San Francisco 49ers,boxscore,12,9,312,0,248,1
15,7,Sun,2017-10-22,W,Tennessee Titans,@,Cleveland Browns,boxscore,12,9,269,1,284,3
16,11,Sun,2017-11-19,W,New York Giants,,Kansas City Chiefs,boxscore,12,9,317,1,363,3
17,5,Sun,2018-10-07,W,Cleveland Browns,,Baltimore Ravens,boxscore,12,9,416,1,410,2
18,15,Mon,2018-12-17,W,New Orleans Saints,@,Carolina Panthers,boxscore,12,9,346,2,247,2
19,5,Thu,2022-10-06,W,Indianapolis Colts,@,Denver Broncos,boxscore,12,9,306,2,375,2
1,12,Sun,1954-12-12,W,Los Angeles Rams,,Green Bay Packers,boxscore,35,27,570,4,269,2
2,2,Sun,1956-10-07,W,Chicago Cardinals,,New York Giants,boxscore,35,27,359,5,333,3
3,10,Sun,1958-11-30,W,Baltimore Colts,,San Francisco 49ers,boxscore,35,27,415,2,313,5
4,5,Sun,1965-10-17,W,New York Giants,,Philadelphia Eagles,boxscore,35,27,398,1,440,5
5,7,Sun,1973-10-28,W,St. Louis Cardinals,,New York Giants,boxscore,35,27,380,0,427,1
6,16,Sun,1980-12-21,W,Dallas Cowboys,,Philadelphia Eagles,boxscore,35,27,340,2,407,0
7,17,Sun,1983-01-02,W,Cincinnati Bengals,@,Houston Oilers,boxscore,35,27,457,2,334,2
8,13,Mon,1988-11-28,W,Seattle Seahawks,,Los Angeles Raiders,boxscore,35,27,459,5,257,2
9,12,Sun,1999-11-28,W,Minnesota Vikings,,San Diego Chargers,boxscore,35,27,485,2,458,3
10,7,Sun,2002-10-20,W,New Orleans Saints,,San Francisco 49ers,boxscore,35,27,422,1,418,2
11,11,Sun,2006-11-19,W,San Diego Chargers,@,Denver Broncos,boxscore,35,27,342,2,326,1
12,11,Sun,2007-11-18,W,Arizona Cardinals,@,Cincinnati Bengals,boxscore,35,27,247,0,396,5
13,8,Mon,2009-11-02,W,New Orleans Saints,,Atlanta Falcons,boxscore,35,27,437,4,442,3
14,12,Sun,2009-11-29,W,Indianapolis Colts,@,Houston Texans,boxscore,35,27,342,2,396,3
15,5,Sun,2010-10-10,W,Oakland Raiders,,San Diego Chargers,boxscore,35,27,279,0,506,3
16,2,Sun,2012-09-16,W,Carolina Panthers,,New Orleans Saints,boxscore,35,27,463,1,486,2
17,15,Mon,2015-12-21,W,Detroit Lions,@,New Orleans Saints,boxscore,35,27,396,1,399,0
18,12,Sun,2017-11-26,W,Carolina Panthers,@,New York Jets,boxscore,35,27,299,0,391,1
19,11,Sun,2019-11-17,W,Dallas Cowboys,@,Detroit Lions,boxscore,35,27,509,1,312,0
1,11,Sun,1928-12-02,W,Chicago Bears,,Frankford Yellow Jackets,boxscore,28,6,0,0,0,0
2,4,Sun,1938-10-02,W,Chicago Bears,@,Philadelphia Eagles,boxscore,28,6,0,0,0,0
3,6,Sun,1952-11-02,W,New York Giants,@,Chicago Cardinals,boxscore,28,6,258,3,311,10
4,3,Sun,1958-10-12,W,Chicago Bears,,San Francisco 49ers,boxscore,28,6,334,0,228,4
5,6,Sun,1971-10-24,W,Atlanta Falcons,,New Orleans Saints,boxscore,28,6,364,1,202,2
6,1,Sun,1972-09-17,W,Dallas Cowboys,,Philadelphia Eagles,boxscore,28,6,389,3,315,4
7,7,Sun,1978-10-15,W,Oakland Raiders,,Kansas City Chiefs,boxscore,28,6,354,0,255,1
8,15,Sun,1981-12-13,W,San Francisco 49ers,,Houston Oilers,boxscore,28,6,414,0,186,2
9,4,Sun,1990-09-30,W,Miami Dolphins,@,Pittsburgh Steelers,boxscore,28,6,324,1,160,3
10,2,Sun,1992-09-13,W,New Orleans Saints,,Chicago Bears,boxscore,28,6,345,2,381,3
11,14,Sun,2000-12-03,W,Green Bay Packers,@,Chicago Bears,boxscore,28,6,304,0,330,2
12,1,Sun,2001-09-09,W,Green Bay Packers,,Detroit Lions,boxscore,28,6,424,1,288,3
13,11,Sun,2004-11-21,W,Philadelphia Eagles,,Washington Redskins,boxscore,28,6,333,2,213,1
14,2,Sun,2006-09-17,W,Baltimore Ravens,,Oakland Raiders,boxscore,28,6,264,1,162,6
15,7,Sun,2006-10-22,W,New England Patriots,@,Buffalo Bills,boxscore,28,6,265,0,255,4
16,17,Sun,2010-01-03,W,San Francisco 49ers,@,St. Louis Rams,boxscore,28,6,329,0,109,0
17,11,Sun,2012-11-18,W,Cincinnati Bengals,@,Kansas City Chiefs,boxscore,28,6,409,0,284,1
18,12,Thu,2017-11-23,W,Los Angeles Chargers,@,Dallas Cowboys,boxscore,28,6,515,0,247,2
1,7,Sun,1936-10-25,W,Green Bay Packers,,Pittsburgh Pirates,boxscore,42,10,0,0,0,0
2,10,Sun,1956-12-02,W,Detroit Lions,,Chicago Bears,boxscore,42,10,468,6,184,5
3,4,Sun,1963-10-06,W,Green Bay Packers,,Los Angeles Rams,boxscore,42,10,418,1,163,3
4,7,Sun,1969-11-02,W,Cleveland Browns,,Dallas Cowboys,boxscore,42,10,325,3,323,6
5,2,Sun,1975-09-28,W,Minnesota Vikings,@,Cleveland Browns,boxscore,42,10,352,2,250,4
6,4,Sun,1975-10-12,W,Kansas City Chiefs,,Oakland Raiders,boxscore,42,10,370,1,360,6
7,9,Sun,1977-11-13,W,Minnesota Vikings,,Cincinnati Bengals,boxscore,42,10,423,3,248,2
8,14,Thu,1983-12-01,W,Los Angeles Raiders,@,San Diego Chargers,boxscore,42,10,323,2,322,4
9,4,Sun,1984-09-23,W,Atlanta Falcons,,Houston Oilers,boxscore,42,10,331,1,277,4
10,Super Bowl,Sun,1988-01-31,W,Washington Redskins,N,Denver Broncos,boxscore,42,10,602,1,327,3
11,3,Sun,1996-09-15,W,Green Bay Packers,,San Diego Chargers,boxscore,42,10,336,3,141,3
12,3,Sun,2000-09-17,W,Kansas City Chiefs,,San Diego Chargers,boxscore,42,10,349,1,187,2
13,3,Sun,2001-09-30,W,St. Louis Rams,,Miami Dolphins,boxscore,42,10,441,0,253,4
14,6,Sun,2005-10-16,W,Seattle Seahawks,,Houston Texans,boxscore,42,10,459,1,227,0
15,13,Sun,2007-12-02,W,Minnesota Vikings,,Detroit Lions,boxscore,42,10,443,1,253,1
16,8,Sun,2013-10-27,W,San Francisco 49ers,@,Jacksonville Jaguars,boxscore,42,10,398,1,318,1
17,5,Thu,2014-10-02,W,Green Bay Packers,,Minnesota Vikings,boxscore,42,10,320,1,299,3
18,17,Sun,2019-12-29,W,New Orleans Saints,@,Carolina Panthers,boxscore,42,10,379,0,329,3
1,8,Sun,1965-10-31,W,New York Jets,,Denver Broncos,boxscore,45,10,203,3,205,6
2,2,Sun,1968-09-22,W,Los Angeles Rams,,Pittsburgh Steelers,boxscore,45,10,378,0,258,3
3,12,Sun,1968-12-01,W,Cleveland Browns,,New York Giants,boxscore,45,10,378,2,182,5
4,7,Sun,1970-11-01,W,Buffalo Bills,@,Boston Patriots,boxscore,45,10,364,2,251,5
5,3,Sun,1973-09-30,W,Dallas Cowboys,,St. Louis Cardinals,boxscore,45,10,578,2,290,4
6,11,Sun,1979-11-11,W,Denver Broncos,,New England Patriots,boxscore,45,10,289,3,92,3
7,4,Sun,1985-09-29,W,Chicago Bears,,Washington Redskins,boxscore,45,10,250,1,376,3
8,2,Mon,1998-09-14,W,San Francisco 49ers,@,Washington Redskins,boxscore,45,10,504,0,322,3
9,5,Sun,2009-10-11,W,Atlanta Falcons,@,San Francisco 49ers,boxscore,45,10,477,2,279,3
10,7,Sun,2009-10-25,W,Cincinnati Bengals,,Chicago Bears,boxscore,45,10,448,0,279,4
11,8,Sun,2011-10-30,W,Detroit Lions,@,Denver Broncos,boxscore,45,10,376,0,312,3
12,Division,Sat,2012-01-14,W,New England Patriots,,Denver Broncos,boxscore,45,10,509,2,252,1
13,14,Sun,2013-12-08,W,Kansas City Chiefs,@,Washington Redskins,boxscore,45,10,346,1,257,2
14,8,Sun,2015-11-01,W,Kansas City Chiefs,,Detroit Lions,boxscore,45,10,340,0,276,2
15,13,Sun,2015-12-06,W,Pittsburgh Steelers,,Indianapolis Colts,boxscore,45,10,522,2,240,3
16,7,Sun,2018-10-21,W,Kansas City Chiefs,,Cincinnati Bengals,boxscore,45,10,551,1,239,1
17,7,Thu,2018-10-18,W,Denver Broncos,@,Arizona Cardinals,boxscore,45,10,309,1,223,5
18,12,Sun,2018-11-25,W,Los Angeles Chargers,,Arizona Cardinals,boxscore,45,10,414,1,149,1
19,14,Sun,2019-12-08,W,Los Angeles Chargers,@,Jacksonville Jaguars,boxscore,45,10,525,0,252,0
1,10,Sun,1925-11-22,W,Rock Island Independents,,Milwaukee Badgers,boxscore,40,7,0,0,0,0
2,9,Sun,1934-11-04,W,Detroit Lions,,Pittsburgh Pirates,boxscore,40,7,0,0,0,0
3,11,Sun,1934-11-18,W,Detroit Lions,,St. Louis Gunners,boxscore,40,7,0,0,0,0
4,4,Sun,1947-10-12,W,Chicago Bears,,Philadelphia Eagles,boxscore,40,7,506,2,273,9
5,7,Sun,1964-10-25,W,Oakland Raiders,,Denver Broncos,boxscore,40,7,626,1,222,3
6,Conf. Champ,Sun,1967-12-31,W,Oakland Raiders,,Houston Oilers,boxscore,40,7,364,0,146,3
7,11,Sun,1969-11-23,W,New York Jets,,Cincinnati Bengals,boxscore,40,7,328,1,158,3
8,13,Sun,1973-12-09,W,Detroit Lions,,Chicago Bears,boxscore,40,7,306,1,79,2
9,14,Mon,1978-12-04,W,San Diego Chargers,,Chicago Bears,boxscore,40,7,481,3,112,3
10,5,Sun,1980-10-05,W,St. Louis Cardinals,@,New Orleans Saints,boxscore,40,7,433,0,80,3
11,13,Sun,1985-12-01,W,San Diego Chargers,,Buffalo Bills,boxscore,40,7,365,3,347,5
12,11,Sun,1987-11-22,W,Cleveland Browns,@,Houston Oilers,boxscore,40,7,457,0,247,6
13,1,Sun,1992-09-06,W,Buffalo Bills,,Los Angeles Rams,boxscore,40,7,363,1,215,4
14,2,Sun,2006-09-17,W,San Diego Chargers,,Tennessee Titans,boxscore,40,7,476,0,218,2
15,5,Sun,2006-10-08,W,Chicago Bears,,Buffalo Bills,boxscore,40,7,351,1,145,5
16,15,Sun,2006-12-17,W,New England Patriots,,Houston Texans,boxscore,40,7,230,0,198,4
17,2,Sun,2016-09-18,W,Arizona Cardinals,,Tampa Bay Buccaneers,boxscore,40,7,416,0,306,5
18,13,Sun,2016-12-04,W,Seattle Seahawks,,Carolina Panthers,boxscore,40,7,534,1,271,2
19,6,Sun,2018-10-14,W,Dallas Cowboys,,Jacksonville Jaguars,boxscore,40,7,378,0,204,2
1,9,Sun,1968-11-10,W,Chicago Bears,,San Francisco 49ers,boxscore,27,19,449,1,255,4
2,5,Sun,1970-10-18,W,Kansas City Chiefs,@,Cincinnati Bengals,boxscore,27,19,274,0,256,1
3,3,Sun,1979-09-16,W,San Diego Chargers,,Buffalo Bills,boxscore,27,19,339,1,298,0
4,2,Mon,1982-09-20,W,Green Bay Packers,@,New York Giants,boxscore,27,19,361,1,267,3
5,10,Sun,1983-11-06,W,Seattle Seahawks,,Denver Broncos,boxscore,27,19,399,1,357,3
6,5,Sun,1985-10-06,W,Chicago Bears,@,Tampa Bay Buccaneers,boxscore,27,19,433,3,373,3
7,4,Sun,1991-09-22,W,Denver Broncos,,San Diego Chargers,boxscore,27,19,360,2,297,2
8,12,Sun,1997-11-16,W,San Francisco 49ers,,Carolina Panthers,boxscore,27,19,320,0,254,3
9,17,Sun,1998-12-27,W,Carolina Panthers,@,Indianapolis Colts,boxscore,27,19,332,2,279,2
10,3,Sun,1999-09-26,W,Indianapolis Colts,@,San Diego Chargers,boxscore,27,19,468,1,274,1
11,10,Sun,1999-11-14,W,Indianapolis Colts,@,New York Giants,boxscore,27,19,342,1,384,4
12,11,Mon,2004-11-22,W,New England Patriots,@,Kansas City Chiefs,boxscore,27,19,407,1,417,1
13,2,Sun,2011-09-18,W,Cleveland Browns,@,Indianapolis Colts,boxscore,27,19,303,1,285,2
14,12,Sun,2011-11-27,W,Carolina Panthers,@,Indianapolis Colts,boxscore,27,19,377,1,323,2
15,2,Sun,2012-09-16,W,San Francisco 49ers,,Detroit Lions,boxscore,27,19,349,1,296,1
16,3,Mon,2014-09-22,W,Chicago Bears,@,New York Jets,boxscore,27,19,257,1,414,3
17,8,Sun,2016-10-30,W,Denver Broncos,,San Diego Chargers,boxscore,27,19,324,3,369,3
18,14,Sun,2019-12-08,W,Cleveland Browns,,Cincinnati Bengals,boxscore,27,19,333,2,451,1
19,5,Sun,2021-10-10,W,Pittsburgh Steelers,,Denver Broncos,boxscore,27,19,391,1,374,1
1,7,Sun,1953-11-08,W,Cleveland Browns,,Pittsburgh Steelers,boxscore,34,16,422,4,356,2
2,2,Fri,1960-09-16,W,Dallas Texans,@,Oakland Raiders,boxscore,34,16,388,1,306,5
3,11,Sun,1966-11-13,W,Kansas City Chiefs,,Miami Dolphins,boxscore,34,16,396,5,160,6
4,10,Sun,1969-11-16,W,Kansas City Chiefs,@,New York Jets,boxscore,34,16,424,1,410,5
5,12,Sun,1970-12-06,W,Los Angeles Rams,,New Orleans Saints,boxscore,34,16,445,0,255,0
6,Division,Sun,1973-12-23,W,Miami Dolphins,,Cincinnati Bengals,boxscore,34,16,400,3,194,1
7,5,Sun,1977-10-16,W,Dallas Cowboys,,Washington Redskins,boxscore,34,16,435,3,116,2
8,16,Sun,1985-12-22,W,Indianapolis Colts,,Houston Oilers,boxscore,34,16,467,0,421,3
9,15,Sat,1988-12-10,W,New York Jets,,Indianapolis Colts,boxscore,34,16,331,3,329,3
10,8,Thu,1996-10-17,W,Kansas City Chiefs,,Seattle Seahawks,boxscore,34,16,340,1,323,1
11,14,Sun,1997-11-30,W,Miami Dolphins,@,Oakland Raiders,boxscore,34,16,378,2,326,2
12,4,Sun,1998-09-27,W,New York Giants,@,San Diego Chargers,boxscore,34,16,313,1,355,4
13,8,Sun,2000-10-22,W,Carolina Panthers,,San Francisco 49ers,boxscore,34,16,390,0,411,2
14,Division,Sat,2001-01-06,W,Minnesota Vikings,,New Orleans Saints,boxscore,34,16,429,0,355,2
15,15,Mon,2006-12-18,W,Indianapolis Colts,,Cincinnati Bengals,boxscore,34,16,394,1,278,1
16,13,Sun,2010-12-05,W,Green Bay Packers,,San Francisco 49ers,boxscore,34,16,410,0,269,1
17,Division,Sat,2017-01-14,W,New England Patriots,,Houston Texans,boxscore,34,16,377,3,302,3
18,5,Sun,2018-10-07,W,New York Jets,,Denver Broncos,boxscore,34,16,512,2,436,1
19,6,Sun,2020-10-18,W,Detroit Lions,@,Jacksonville Jaguars,boxscore,34,16,403,1,275,2
1,7,Sun,1948-10-31,W,Chicago Cardinals,@,Los Angeles Rams,boxscore,27,22,477,3,460,3
2,7,Sun,1964-10-25,W,Minnesota Vikings,@,San Francisco 49ers,boxscore,27,22,215,3,392,8
3,8,Sun,1974-11-03,W,Houston Oilers,@,New York Jets,boxscore,27,22,325,1,312,2
4,10,Sun,1979-11-04,W,New York Jets,@,Green Bay Packers,boxscore,27,22,382,2,395,4
5,2,Sun,1984-09-09,W,Kansas City Chiefs,@,Cincinnati Bengals,boxscore,27,22,323,1,398,2
6,9,Sun,1990-11-04,W,Minnesota Vikings,,Denver Broncos,boxscore,27,22,256,1,287,3
7,5,Sun,1994-10-02,W,New Orleans Saints,,New York Giants,boxscore,27,22,314,3,202,2
8,7,Sun,1996-10-13,W,Washington Redskins,@,New England Patriots,boxscore,27,22,384,0,382,1
9,4,Sun,1998-09-27,W,Jacksonville Jaguars,@,Tennessee Oilers,boxscore,27,22,297,3,219,3
10,15,Sun,2003-12-14,W,St. Louis Rams,,Seattle Seahawks,boxscore,27,22,316,1,366,1
11,3,Sun,2004-09-26,W,Minnesota Vikings,,Chicago Bears,boxscore,27,22,443,2,385,1
12,17,Sun,2006-12-31,W,Indianapolis Colts,,Miami Dolphins,boxscore,27,22,399,1,354,1
13,3,Sun,2015-09-27,W,Carolina Panthers,,New Orleans Saints,boxscore,27,22,431,0,380,2
14,14,Sun,2016-12-11,W,Washington Redskins,@,Philadelphia Eagles,boxscore,27,22,334,1,383,2
15,5,Sun,2017-10-08,W,Los Angeles Chargers,@,New York Giants,boxscore,27,22,382,1,335,2
16,3,Sun,2018-09-23,W,New York Giants,@,Houston Texans,boxscore,27,22,379,0,427,2
17,5,Sun,2022-10-09,W,New York Giants,@,Green Bay Packers,boxscore,27,22,338,0,301,0
18,8,Thu,2022-10-27,W,Baltimore Ravens,@,Tampa Bay Buccaneers,boxscore,27,22,453,0,349,1
19,13,Sun,2022-12-04,W,Minnesota Vikings,,New York Jets,boxscore,27,22,287,0,486,2
1,11,Sun,1923-12-09,W,Chicago Bears,,Rock Island Independents,boxscore,29,7,0,0,0,0
2,11,Sun,1937-11-14,W,Chicago Bears,,Brooklyn Dodgers,boxscore,29,7,0,0,0,0
3,11,Sun,1954-12-05,W,Chicago Bears,@,Chicago Cardinals,boxscore,29,7,409,4,256,8
4,13,Sun,1965-12-12,W,Minnesota Vikings,@,Detroit Lions,boxscore,29,7,274,2,135,4
5,5,Sun,1967-10-01,W,New York Jets,,Miami Dolphins,boxscore,29,7,484,1,208,3
6,10,Sun,1968-11-17,W,Green Bay Packers,,New Orleans Saints,boxscore,29,7,289,2,136,4
7,8,Sun,1969-11-02,W,Kansas City Chiefs,@,Buffalo Bills,boxscore,29,7,245,3,144,6
8,9,Sun,1973-11-11,W,Los Angeles Rams,,New Orleans Saints,boxscore,29,7,424,1,220,3
9,3,Sun,1974-09-29,W,St. Louis Cardinals,,Cleveland Browns,boxscore,29,7,278,0,248,1
10,14,Sat,1976-12-11,W,Minnesota Vikings,@,Miami Dolphins,boxscore,29,7,407,3,188,2
11,2,Sun,1980-09-14,W,Detroit Lions,@,Green Bay Packers,boxscore,29,7,459,1,242,2
12,17,Sun,1991-12-22,W,Cincinnati Bengals,,New England Patriots,boxscore,29,7,443,2,308,5
13,1,Sun,1996-09-01,W,San Diego Chargers,,Seattle Seahawks,boxscore,29,7,377,0,357,4
14,16,Sun,1997-12-14,W,Kansas City Chiefs,@,San Diego Chargers,boxscore,29,7,239,0,282,2
15,13,Sun,2004-12-05,W,New York Jets,,Houston Texans,boxscore,29,7,360,1,230,2
16,7,Mon,2007-10-22,W,Indianapolis Colts,@,Jacksonville Jaguars,boxscore,29,7,384,1,226,3
17,7,Sun,2014-10-19,W,Baltimore Ravens,,Atlanta Falcons,boxscore,29,7,371,3,254,1
18,1,Sun,2017-09-10,W,Jacksonville Jaguars,@,Houston Texans,boxscore,29,7,280,0,203,4
19,2,Sun,2017-09-17,W,Tampa Bay Buccaneers,,Chicago Bears,boxscore,29,7,311,1,310,4
1,4,Sun,1973-10-07,W,Los Angeles Rams,@,Houston Oilers,boxscore,31,26,348,1,280,4
2,4,Sun,1976-10-03,W,Houston Oilers,@,New Orleans Saints,boxscore,31,26,255,1,375,3
3,9,Sun,1979-10-28,W,Baltimore Colts,,New England Patriots,boxscore,31,26,396,4,408,2
4,2,Sun,1983-09-11,W,Cleveland Browns,@,Detroit Lions,boxscore,31,26,382,1,435,5
5,7,Sun,1995-10-15,W,Kansas City Chiefs,,New England Patriots,boxscore,31,26,353,0,321,2
6,13,Sun,1997-11-23,W,Cincinnati Bengals,,Jacksonville Jaguars,boxscore,31,26,327,0,415,3
7,5,Sun,2001-10-14,W,Minnesota Vikings,,Detroit Lions,boxscore,31,26,343,1,457,1
8,7,Sun,2004-10-24,W,New Orleans Saints,@,Oakland Raiders,boxscore,31,26,322,0,432,2
9,9,Sun,2005-11-06,W,San Diego Chargers,@,New York Jets,boxscore,31,26,395,2,269,0
10,12,Sun,2006-11-26,W,Minnesota Vikings,,Arizona Cardinals,boxscore,31,26,412,1,412,5
11,2,Sun,2009-09-20,W,Baltimore Ravens,@,San Diego Chargers,boxscore,31,26,311,1,474,2
12,12,Sun,2010-11-28,W,Chicago Bears,,Philadelphia Eagles,boxscore,31,26,349,0,398,1
13,16,Sun,2010-12-26,W,Indianapolis Colts,@,Oakland Raiders,boxscore,31,26,370,2,290,0
14,9,Sun,2016-11-06,W,Indianapolis Colts,@,Green Bay Packers,boxscore,31,26,355,2,405,1
15,12,Thu,2016-11-24,W,Dallas Cowboys,,Washington Redskins,boxscore,31,26,353,0,505,0
16,Wild Card,Sun,2018-01-07,W,New Orleans Saints,,Carolina Panthers,boxscore,31,26,410,1,413,0
17,8,Sun,2019-10-27,W,Detroit Lions,,New York Giants,boxscore,31,26,375,2,370,1
18,9,Sun,2020-11-08,W,Las Vegas Raiders,@,Los Angeles Chargers,boxscore,31,26,320,1,440,1
19,Conf. Champ,Sun,2021-01-24,W,Tampa Bay Buccaneers,@,Green Bay Packers,boxscore,31,26,351,3,381,2
1,6,Sun,1942-10-18,W,Green Bay Packers,,Cleveland Rams,boxscore,45,28,539,0,388,2
2,2,Sun,1948-09-05,W,Baltimore Colts,,New York Yankees,boxscore,45,28,488,3,242,2
3,2,Fri,1950-09-22,W,Los Angeles Rams,,New York Yanks,boxscore,45,28,529,1,447,2
4,9,Sun,1960-11-06,W,Dallas Texans,@,Buffalo Bills,boxscore,45,28,214,2,352,7
5,11,Sun,1968-11-24,W,San Francisco 49ers,@,Pittsburgh Steelers,boxscore,45,28,399,1,351,5
6,14,Sun,1969-12-21,W,Green Bay Packers,,St. Louis Cardinals,boxscore,45,28,530,2,239,2
7,12,Sun,1971-12-05,W,Los Angeles Rams,,New Orleans Saints,boxscore,45,28,421,1,263,1
8,6,Sun,1973-10-21,W,Dallas Cowboys,,New York Giants,boxscore,45,28,360,1,335,2
9,6,Sun,1975-10-26,W,Baltimore Colts,@,New York Jets,boxscore,45,28,400,0,341,3
10,4,Sun,1977-10-09,W,Baltimore Colts,,Miami Dolphins,boxscore,45,28,397,1,395,4
11,7,Sun,1978-10-15,W,Green Bay Packers,,Seattle Seahawks,boxscore,45,28,369,3,483,7
12,1,Sun,1982-09-12,W,Miami Dolphins,@,New York Jets,boxscore,45,28,323,2,341,4
13,Conf. Champ,Sun,1985-01-06,W,Miami Dolphins,,Pittsburgh Steelers,boxscore,45,28,569,2,455,4
14,15,Mon,1994-12-12,W,Miami Dolphins,,Kansas City Chiefs,boxscore,45,28,385,0,398,3
15,6,Mon,2005-10-17,W,Indianapolis Colts,,St. Louis Rams,boxscore,45,28,363,1,349,4
16,12,Sun,2008-11-23,W,Atlanta Falcons,,Carolina Panthers,boxscore,45,28,392,1,408,0
17,Wild Card,Sat,2012-01-07,W,New Orleans Saints,,Detroit Lions,boxscore,45,28,626,2,412,2
18,14,Mon,2013-12-09,W,Chicago Bears,,Dallas Cowboys,boxscore,45,28,490,0,328,0
1,5,Sun,1977-10-16,W,Minnesota Vikings,,Chicago Bears,boxscore,22,16,396,2,303,2
2,4,Sun,1986-09-28,W,Pittsburgh Steelers,@,Houston Oilers,boxscore,22,16,375,2,281,3
3,13,Sun,1989-12-03,W,New England Patriots,,Indianapolis Colts,boxscore,22,16,426,2,295,3
4,3,Sun,1997-09-14,W,Kansas City Chiefs,,Buffalo Bills,boxscore,22,16,267,0,325,2
5,Wild Card,Sat,2000-01-08,W,Tennessee Titans,,Buffalo Bills,boxscore,22,16,194,2,219,2
6,5,Sun,2003-10-05,W,Buffalo Bills,,Cincinnati Bengals,boxscore,22,16,257,0,279,2
7,6,Sun,2004-10-17,W,Jacksonville Jaguars,,Kansas City Chiefs,boxscore,22,16,378,0,350,1
8,7,Sun,2007-10-21,W,New Orleans Saints,,Atlanta Falcons,boxscore,22,16,310,1,334,0
9,15,Sun,2007-12-16,W,Miami Dolphins,,Baltimore Ravens,boxscore,22,16,360,0,345,1
10,13,Sun,2008-11-30,W,Atlanta Falcons,@,San Diego Chargers,boxscore,22,16,348,3,201,0
11,9,Sun,2016-11-06,W,Detroit Lions,@,Minnesota Vikings,boxscore,22,16,311,1,337,0
12,11,Sun,2016-11-20,W,New York Giants,,Chicago Bears,boxscore,22,16,329,0,315,1
13,10,Thu,2017-11-09,W,Seattle Seahawks,@,Arizona Cardinals,boxscore,22,16,287,0,290,1
14,17,Sun,2017-12-31,W,Buffalo Bills,@,Miami Dolphins,boxscore,22,16,312,0,356,1
15,13,Sun,2020-12-06,W,Kansas City Chiefs,,Denver Broncos,boxscore,22,16,447,0,330,2
16,16,Sat,2021-12-25,W,Indianapolis Colts,@,Arizona Cardinals,boxscore,22,16,346,0,378,0
17,10,Sun,2022-11-13,W,San Francisco 49ers,,Los Angeles Chargers,boxscore,22,16,387,1,238,1
18,11,Sun,2022-11-20,W,Las Vegas Raiders,@,Denver Broncos,boxscore,22,16,407,0,320,0
1,9,Sun,1943-11-14,W,Washington Redskins,,Detroit Lions,boxscore,42,20,286,2,250,6
2,7,Sun,1944-10-29,W,Washington Redskins,,Chi/Pit Cards/Steelers,boxscore,42,20,351,2,367,6
3,10,Sun,1949-11-27,W,Los Angeles Rams,,New York Bulldogs,boxscore,42,20,462,0,363,2
4,6,Sun,1952-11-02,W,Los Angeles Rams,,Dallas Texans,boxscore,42,20,432,5,252,5
5,7,Sun,1964-10-25,W,Cleveland Browns,,New York Giants,boxscore,42,20,225,3,426,6
6,2,Sun,1966-09-11,W,Kansas City Chiefs,@,Buffalo Bills,boxscore,42,20,388,1,195,1
7,12,Sun,1966-11-20,W,Buffalo Bills,@,Houston Oilers,boxscore,42,20,508,0,315,3
8,2,Sun,1977-09-25,W,Cincinnati Bengals,,Seattle Seahawks,boxscore,42,20,424,1,282,3
9,12,Sun,1983-11-20,W,Washington Redskins,@,Los Angeles Rams,boxscore,42,20,467,2,191,5
10,14,Sun,1987-12-13,W,New England Patriots,,New York Jets,boxscore,42,20,300,0,308,3
11,13,Sun,1990-12-02,W,Washington Redskins,,Miami Dolphins,boxscore,42,20,467,1,252,2
12,17,Sun,1992-12-27,W,Kansas City Chiefs,,Denver Broncos,boxscore,42,20,220,3,290,3
13,5,Sun,1999-10-10,W,St. Louis Rams,,San Francisco 49ers,boxscore,42,20,423,2,305,3
14,Division,Sat,2008-01-12,W,Green Bay Packers,,Seattle Seahawks,boxscore,42,20,408,2,200,1
15,7,Sun,2010-10-24,W,Kansas City Chiefs,,Jacksonville Jaguars,boxscore,42,20,426,0,300,3
16,15,Sun,2011-12-18,W,New Orleans Saints,@,Minnesota Vikings,boxscore,42,20,573,2,207,1
17,11,Sun,2014-11-16,W,New England Patriots,@,Indianapolis Colts,boxscore,42,20,503,2,322,1
18,12,Sun,2019-11-24,W,Tennessee Titans,,Jacksonville Jaguars,boxscore,42,20,471,2,369,1
1,10,Sun,1923-12-02,W,Chicago Cardinals,,Oorang Indians,boxscore,22,19,0,0,0,0
2,13,Sun,1969-12-07,W,Kansas City Chiefs,,Buffalo Bills,boxscore,22,19,277,3,237,2
3,4,Sun,1983-09-25,W,Baltimore Colts,,Chicago Bears,boxscore,22,19,461,3,330,2
4,9,Sun,1984-10-28,W,Denver Broncos,@,Los Angeles Raiders,boxscore,22,19,360,3,356,7
5,12,Sun,1986-11-23,W,New England Patriots,,Buffalo Bills,boxscore,22,19,261,1,241,3
6,14,Sun,1989-12-10,W,New Orleans Saints,@,Buffalo Bills,boxscore,22,19,436,2,279,4
7,5,Mon,1995-10-02,W,Buffalo Bills,@,Cleveland Browns,boxscore,22,19,406,2,294,1
8,5,Sun,1996-09-29,W,San Diego Chargers,,Kansas City Chiefs,boxscore,22,19,313,2,315,2
9,11,Sun,2004-11-21,W,Minnesota Vikings,,Detroit Lions,boxscore,22,19,319,1,213,1
10,9,Sun,2006-11-05,W,Washington Redskins,,Dallas Cowboys,boxscore,22,19,300,1,378,0
11,5,Sun,2007-10-07,W,Houston Texans,,Miami Dolphins,boxscore,22,19,352,2,285,1
12,17,Sun,2007-12-30,W,Denver Broncos,,Minnesota Vikings,boxscore,22,19,362,0,332,3
13,9,Sun,2010-11-07,W,Chicago Bears,@,Buffalo Bills,boxscore,22,19,283,1,340,3
14,10,Mon,2013-11-11,W,Tampa Bay Buccaneers,,Miami Dolphins,boxscore,22,19,264,1,213,1
15,9,Mon,2015-11-09,W,Chicago Bears,@,San Diego Chargers,boxscore,22,19,446,2,339,1
16,16,Sun,2017-12-24,W,Carolina Panthers,,Tampa Bay Buccaneers,boxscore,22,19,255,1,392,3
17,11,Sun,2018-11-18,W,Dallas Cowboys,@,Atlanta Falcons,boxscore,22,19,323,0,354,1
18,Wild Card,Sat,2020-01-04,W,Houston Texans,,Buffalo Bills,boxscore,22,19,360,1,425,1
1,5,Sun,1947-09-28,W,San Francisco 49ers,@,Buffalo Bills,boxscore,41,24,408,2,279,4
2,8,Sun,1947-11-09,W,Philadelphia Eagles,@,New York Giants,boxscore,41,24,380,1,406,3
3,12,Sun,1949-11-13,W,San Francisco 49ers,@,Los Angeles Dons,boxscore,41,24,408,3,285,4
4,5,Sun,1958-10-26,W,Detroit Lions,@,Los Angeles Rams,boxscore,41,24,322,5,273,7
5,1,Sun,1960-09-25,W,Cleveland Browns,@,Philadelphia Eagles,boxscore,41,24,396,0,406,4
6,2,Sun,1963-09-22,W,Cleveland Browns,@,Dallas Cowboys,boxscore,41,24,453,2,307,3
7,15,Sun,1967-12-10,W,Miami Dolphins,,San Diego Chargers,boxscore,41,24,325,1,269,6
8,5,Sun,1970-10-18,W,Detroit Lions,@,Cleveland Browns,boxscore,41,24,315,2,318,6
9,1,Sun,1972-09-17,W,New York Jets,@,Buffalo Bills,boxscore,41,24,293,1,287,4
10,15,Sun,1987-12-20,W,New Orleans Saints,@,Cincinnati Bengals,boxscore,41,24,321,0,237,4
11,15,Sat,1999-12-18,W,Carolina Panthers,,San Francisco 49ers,boxscore,41,24,452,0,397,1
12,3,Sun,2000-09-17,W,St. Louis Rams,,San Francisco 49ers,boxscore,41,24,529,2,401,2
13,4,Sun,2000-09-24,W,San Francisco 49ers,@,Dallas Cowboys,boxscore,41,24,439,0,298,3
14,Conf. Champ,Sun,2003-01-19,W,Oakland Raiders,,Tennessee Titans,boxscore,41,24,375,1,312,2
15,9,Sun,2007-11-04,W,New Orleans Saints,,Jacksonville Jaguars,boxscore,41,24,538,1,432,3
16,16,Thu,2007-12-20,W,Pittsburgh Steelers,@,St. Louis Rams,boxscore,41,24,425,0,316,2
17,16,Sun,2008-12-21,W,San Diego Chargers,@,Tampa Bay Buccaneers,boxscore,41,24,370,0,342,3
18,12,Sun,2019-11-24,W,Cleveland Browns,,Miami Dolphins,boxscore,41,24,467,1,284,2
1,3,Thu,1922-10-12,T,Rochester Jeffersons,@,Akron Pros,boxscore,13,13,0,0,0,0
2,9,Sun,1930-11-09,T,Staten Island Stapletons,,Portsmouth Spartans,boxscore,13,13,0,0,0,0
3,9,Sun,1932-11-13,T,Portsmouth Spartans,@,Chicago Bears,boxscore,13,13,0,0,0,0
4,11,Thu,1932-11-24,T,Staten Island Stapletons,,New York Giants,boxscore,13,13,0,0,0,0
5,13,Thu,1937-11-25,T,New York Giants,@,Brooklyn Dodgers,boxscore,13,13,304,4,269,2
6,13,Sun,1940-12-01,T,Cleveland Rams,,Green Bay Packers,boxscore,13,13,228,4,364,3
7,4,Sun,1945-10-14,T,New York Giants,@,Bos/Bkn Yanks/Tigers,boxscore,13,13,178,4,238,3
8,1,Mon,1951-10-01,T,Pittsburgh Steelers,,New York Giants,boxscore,13,13,251,3,303,2
9,11,Sun,1954-12-05,T,Philadelphia Eagles,@,Detroit Lions,boxscore,13,13,313,6,356,6
10,2,Sun,1958-10-05,T,Green Bay Packers,,Detroit Lions,boxscore,13,13,287,4,278,4
11,12,Thu,1963-11-28,T,Green Bay Packers,@,Detroit Lions,boxscore,13,13,294,0,276,0
12,5,Sun,1964-10-11,T,New York Giants,@,Dallas Cowboys,boxscore,13,13,128,2,463,6
13,6,Sun,1965-10-17,T,San Diego Chargers,@,Boston Patriots,boxscore,13,13,284,2,178,2
14,9,Sun,1970-11-15,T,Philadelphia Eagles,,Atlanta Falcons,boxscore,13,13,230,0,236,2
15,3,Sun,1971-10-03,T,Houston Oilers,,New Orleans Saints,boxscore,13,13,263,3,263,2
16,2,Sun,1972-09-24,T,Los Angeles Rams,@,Chicago Bears,boxscore,13,13,171,3,170,4
17,2,Sun,1973-09-23,T,Green Bay Packers,,Detroit Lions,boxscore,13,13,277,2,192,3
18,11,Sun,2008-11-16,T,Philadelphia Eagles,@,Cincinnati Bengals,boxscore,13,13,391,4,282,1
1,3,Sun,1920-10-10,W,Akron Pros,,Columbus Panhandles,boxscore,37,0,0,0,0,0
2,2,Sun,1923-10-07,W,Canton Bulldogs,,Louisville Brecks,boxscore,37,0,0,0,0,0
3,9,Sun,1927-11-13,W,Cleveland Bulldogs,,Frankford Yellow Jackets,boxscore,37,0,0,0,0,0
4,8,Sun,1961-10-29,W,San Diego Chargers,,Denver Broncos,boxscore,37,0,312,5,304,7
5,Champ,Sun,1961-12-31,W,Green Bay Packers,,New York Giants,boxscore,37,0,345,0,130,5
6,1,Sun,1975-09-21,W,Pittsburgh Steelers,@,San Diego Chargers,boxscore,37,0,443,2,146,4
7,7,Sun,1977-10-30,W,Dallas Cowboys,,Detroit Lions,boxscore,37,0,344,1,120,3
8,11,Sun,1982-11-21,W,New York Jets,,Baltimore Colts,boxscore,37,0,476,0,318,3
9,12,Sun,1983-11-20,W,Miami Dolphins,,Baltimore Colts,boxscore,37,0,409,0,159,2
10,14,Mon,1986-12-08,W,Seattle Seahawks,,Los Angeles Raiders,boxscore,37,0,407,1,138,3
11,15,Sat,1989-12-16,W,Denver Broncos,@,Phoenix Cardinals,boxscore,37,0,475,2,101,3
12,16,Sat,1989-12-23,W,Buffalo Bills,@,New York Jets,boxscore,37,0,441,1,200,2
13,11,Sun,1997-11-09,W,Pittsburgh Steelers,,Baltimore Ravens,boxscore,37,0,341,0,172,7
14,4,Sun,2000-09-24,W,Baltimore Ravens,,Cincinnati Bengals,boxscore,37,0,391,1,94,4
15,2,Mon,2001-09-24,W,Green Bay Packers,,Washington Redskins,boxscore,37,0,386,1,137,3
16,17,Sun,2010-01-03,W,New York Jets,,Cincinnati Bengals,boxscore,37,0,320,0,72,3
17,9,Sun,2014-11-02,W,Miami Dolphins,,San Diego Chargers,boxscore,37,0,441,0,178,4
1,8,Sun,1973-11-04,W,Atlanta Falcons,,Los Angeles Rams,boxscore,15,13,261,2,226,2
2,8,Mon,1974-11-04,W,Los Angeles Rams,@,San Francisco 49ers,boxscore,15,13,303,2,266,2
3,2,Sun,1975-09-28,W,Chicago Bears,,Philadelphia Eagles,boxscore,15,13,294,2,327,2
4,14,Sun,1981-12-06,W,Washington Redskins,,Philadelphia Eagles,boxscore,15,13,176,2,416,4
5,12,Sun,1982-11-28,W,New York Jets,,Green Bay Packers,boxscore,15,13,355,2,263,1
6,4,Sun,1988-09-25,W,Indianapolis Colts,,Miami Dolphins,boxscore,15,13,304,1,323,2
7,Conf. Champ,Sun,1991-01-20,W,New York Giants,@,San Francisco 49ers,boxscore,15,13,311,0,240,1
8,3,Sun,1991-09-15,W,Green Bay Packers,,Tampa Bay Buccaneers,boxscore,15,13,340,1,305,1
9,1,Sun,1992-09-06,W,Philadelphia Eagles,,New Orleans Saints,boxscore,15,13,320,4,202,2
10,8,Sun,1992-10-25,W,Washington Redskins,@,Minnesota Vikings,boxscore,15,13,252,2,218,3
11,4,Sun,1993-09-26,W,Minnesota Vikings,,Green Bay Packers,boxscore,15,13,317,1,256,2
12,13,Sun,1994-11-27,W,Denver Broncos,,Cincinnati Bengals,boxscore,15,13,256,0,328,4
13,9,Mon,1996-10-28,W,Chicago Bears,@,Minnesota Vikings,boxscore,15,13,276,2,279,2
14,9,Sun,2000-10-29,W,Oakland Raiders,@,San Diego Chargers,boxscore,15,13,228,1,224,2
15,14,Sun,2000-12-03,W,Tennessee Titans,@,Philadelphia Eagles,boxscore,15,13,331,1,262,0
16,13,Sun,2015-12-06,W,Miami Dolphins,,Baltimore Ravens,boxscore,15,13,219,1,375,2
17,8,Sun,2019-10-27,W,Indianapolis Colts,,Denver Broncos,boxscore,15,13,318,1,279,0
1,5,Sun,1951-10-28,W,Green Bay Packers,@,New York Yanks,boxscore,29,27,340,3,418,3
2,6,Sun,1973-10-21,W,Baltimore Colts,@,Detroit Lions,boxscore,29,27,337,1,397,3
3,1,Sun,1979-09-02,W,Houston Oilers,@,Washington Redskins,boxscore,29,27,365,3,246,3
4,16,Sun,1984-12-16,W,Washington Redskins,,St. Louis Cardinals,boxscore,29,27,356,1,487,2
5,9,Sun,1997-10-26,W,New York Giants,,Cincinnati Bengals,boxscore,29,27,323,0,323,2
6,14,Sun,1997-11-30,W,Jacksonville Jaguars,,Baltimore Ravens,boxscore,29,27,404,1,221,0
7,10,Sun,1998-11-08,W,Arizona Cardinals,,Washington Redskins,boxscore,29,27,351,1,256,2
8,11,Thu,2001-11-22,W,Green Bay Packers,@,Detroit Lions,boxscore,29,27,339,2,360,2
9,14,Sun,2003-12-07,W,Indianapolis Colts,@,Tennessee Titans,boxscore,29,27,340,0,327,4
10,8,Sun,2006-10-29,W,Atlanta Falcons,@,Cincinnati Bengals,boxscore,29,27,420,0,331,1
11,11,Mon,2008-11-17,W,Cleveland Browns,@,Buffalo Bills,boxscore,29,27,337,0,334,4
12,10,Sun,2013-11-10,W,Jacksonville Jaguars,@,Tennessee Titans,boxscore,29,27,214,2,362,4
13,3,Sun,2016-09-25,W,Washington Redskins,@,New York Giants,boxscore,29,27,403,1,457,3
14,4,Sun,2018-09-30,W,Los Angeles Chargers,,San Francisco 49ers,boxscore,29,27,368,1,364,2
15,8,Sun,2018-10-28,W,Los Angeles Rams,,Green Bay Packers,boxscore,29,27,416,0,359,1
16,9,Mon,2021-11-08,W,Pittsburgh Steelers,,Chicago Bears,boxscore,29,27,280,1,414,2
17,13,Sun,2021-12-05,W,Detroit Lions,,Minnesota Vikings,boxscore,29,27,372,2,426,1
1,4,Mon,1970-10-12,W,Green Bay Packers,@,San Diego Chargers,boxscore,22,20,341,2,257,5
2,9,Sun,1980-11-02,W,Pittsburgh Steelers,,Green Bay Packers,boxscore,22,20,281,4,343,3
3,9,Sun,1981-11-01,W,San Diego Chargers,,Kansas City Chiefs,boxscore,22,20,379,4,339,3
4,11,Sun,1983-11-13,W,Los Angeles Raiders,,Denver Broncos,boxscore,22,20,340,3,232,2
5,3,Sun,1984-09-16,W,Los Angeles Raiders,@,Kansas City Chiefs,boxscore,22,20,383,4,279,3
6,11,Sun,1984-11-11,W,Cincinnati Bengals,,Pittsburgh Steelers,boxscore,22,20,282,1,293,3
7,9,Sun,1985-11-03,W,New York Giants,,Tampa Bay Buccaneers,boxscore,22,20,342,0,316,1
8,11,Sun,1986-11-16,W,New York Giants,@,Minnesota Vikings,boxscore,22,20,383,2,353,1
9,2,Sun,1996-09-08,W,Carolina Panthers,@,New Orleans Saints,boxscore,22,20,225,1,338,2
10,2,Sun,1999-09-19,W,Jacksonville Jaguars,@,Carolina Panthers,boxscore,22,20,414,1,283,1
11,6,Sun,2002-10-13,W,Indianapolis Colts,,Baltimore Ravens,boxscore,22,20,317,1,244,3
12,2,Sun,2007-09-16,W,Indianapolis Colts,@,Tennessee Titans,boxscore,22,20,381,1,313,2
13,6,Sun,2008-10-12,W,Atlanta Falcons,,Chicago Bears,boxscore,22,20,376,1,361,1
14,9,Thu,2013-10-31,W,Miami Dolphins,,Cincinnati Bengals,boxscore,22,20,345,1,465,4
15,13,Thu,2013-11-28,W,Baltimore Ravens,,Pittsburgh Steelers,boxscore,22,20,311,0,329,0
16,4,Sun,2015-10-04,W,Chicago Bears,,Oakland Raiders,boxscore,22,20,371,3,266,2
17,10,Sun,2015-11-15,W,Jacksonville Jaguars,@,Baltimore Ravens,boxscore,22,20,258,1,397,4
1,6,Sun,1960-10-16,W,Los Angeles Chargers,@,Denver Broncos,boxscore,23,19,318,3,233,4
2,7,Sun,1971-10-31,W,Chicago Bears,,Dallas Cowboys,boxscore,23,19,194,2,481,7
3,13,Sun,1974-12-08,W,Detroit Lions,@,Cincinnati Bengals,boxscore,23,19,259,2,252,3
4,11,Sun,1975-11-30,W,Cincinnati Bengals,,Houston Oilers,boxscore,23,19,289,1,313,3
5,2,Sun,1977-09-25,W,Detroit Lions,,New Orleans Saints,boxscore,23,19,429,1,92,1
6,16,Sun,1978-12-17,W,Seattle Seahawks,,Kansas City Chiefs,boxscore,23,19,456,2,297,3
7,Division,Sun,1984-12-30,W,Chicago Bears,@,Washington Redskins,boxscore,23,19,310,1,336,1
8,12,Sun,1987-11-29,W,Washington Redskins,,New York Giants,boxscore,23,19,357,4,319,1
9,5,Sun,1990-10-07,W,Indianapolis Colts,,Kansas City Chiefs,boxscore,23,19,231,3,255,4
10,5,Mon,1996-09-30,W,Dallas Cowboys,@,Philadelphia Eagles,boxscore,23,19,239,2,259,5
11,14,Sun,1998-12-06,W,New York Giants,@,Arizona Cardinals,boxscore,23,19,344,2,328,3
12,10,Sun,1999-11-14,W,Arizona Cardinals,,Detroit Lions,boxscore,23,19,343,1,373,1
13,15,Sun,2002-12-15,W,Baltimore Ravens,@,Houston Texans,boxscore,23,19,298,0,277,2
14,11,Sun,2012-11-18,W,Atlanta Falcons,,Arizona Cardinals,boxscore,23,19,354,6,178,1
15,12,Sun,2013-11-24,W,Tennessee Titans,@,Oakland Raiders,boxscore,23,19,426,0,353,2
16,13,Sun,2015-12-06,W,Tampa Bay Buccaneers,,Atlanta Falcons,boxscore,23,19,388,2,319,1
17,17,Sun,2021-01-03,W,New York Giants,,Dallas Cowboys,boxscore,23,19,336,2,307,1
1,5,Sun,1955-10-23,W,Chicago Bears,@,San Francisco 49ers,boxscore,34,23,420,3,332,2
2,3,Sun,1968-09-22,W,Cincinnati Bengals,,Buffalo Bills,boxscore,34,23,201,2,215,2
3,1,Sun,1973-09-16,W,St. Louis Cardinals,@,Philadelphia Eagles,boxscore,34,23,392,3,252,3
4,11,Sun,1978-11-12,W,Detroit Lions,,Tampa Bay Buccaneers,boxscore,34,23,404,3,202,0
5,2,Sun,1985-09-15,W,Denver Broncos,,New Orleans Saints,boxscore,34,23,432,2,342,1
6,16,Sun,1985-12-22,W,New England Patriots,,Cincinnati Bengals,boxscore,34,23,419,2,359,2
7,6,Sun,1988-10-09,W,Buffalo Bills,,Indianapolis Colts,boxscore,34,23,456,3,308,3
8,16,Sat,1995-12-16,W,Green Bay Packers,@,New Orleans Saints,boxscore,34,23,397,0,404,1
9,4,Mon,2002-09-30,W,Baltimore Ravens,,Denver Broncos,boxscore,34,23,230,2,403,3
10,5,Sun,2004-10-10,W,Pittsburgh Steelers,,Cleveland Browns,boxscore,34,23,401,1,305,1
11,6,Mon,2009-10-19,W,Denver Broncos,@,San Diego Chargers,boxscore,34,23,328,0,311,1
12,17,Sun,2016-01-03,W,Washington Redskins,@,Dallas Cowboys,boxscore,34,23,437,0,512,4
13,2,Sun,2017-09-17,W,Atlanta Falcons,,Green Bay Packers,boxscore,34,23,364,0,367,2
14,1,Sun,2018-09-09,W,Cincinnati Bengals,@,Indianapolis Colts,boxscore,34,23,330,2,380,2
15,2,Thu,2018-09-13,W,Cincinnati Bengals,,Baltimore Ravens,boxscore,34,23,373,0,425,3
16,1,Sun,2020-09-13,W,New Orleans Saints,,Tampa Bay Buccaneers,boxscore,34,23,271,0,310,3
17,14,Sun,2022-12-11,W,Detroit Lions,,Minnesota Vikings,boxscore,34,23,464,0,416,2
1,2,Sat,1967-09-09,W,Kansas City Chiefs,@,Houston Oilers,boxscore,25,20,312,1,336,2
2,4,Sun,1985-09-29,W,New York Jets,,Indianapolis Colts,boxscore,25,20,392,1,320,1
3,1,Sun,1990-09-09,W,Cincinnati Bengals,,New York Jets,boxscore,25,20,303,2,342,3
4,6,Sun,1990-10-14,W,New Orleans Saints,,Cleveland Browns,boxscore,25,20,348,1,238,1
5,6,Sun,1998-10-11,W,Cincinnati Bengals,,Pittsburgh Steelers,boxscore,25,20,389,0,386,1
6,8,Sun,2001-11-04,W,Kansas City Chiefs,@,San Diego Chargers,boxscore,25,20,378,1,325,1
7,1,Sun,2003-09-07,W,Tennessee Titans,,Oakland Raiders,boxscore,25,20,334,2,280,1
8,16,Sun,2007-12-23,W,Detroit Lions,,Kansas City Chiefs,boxscore,25,20,236,1,407,1
9,5,Sun,2011-10-09,W,Oakland Raiders,@,Houston Texans,boxscore,25,20,278,1,473,2
10,12,Sun,2011-11-27,W,Oakland Raiders,,Chicago Bears,boxscore,25,20,341,1,401,3
11,6,Sun,2015-10-18,W,San Francisco 49ers,,Baltimore Ravens,boxscore,25,20,391,0,420,2
12,2,Sun,2016-09-18,W,Baltimore Ravens,@,Cleveland Browns,boxscore,25,20,382,2,387,2
13,8,Sun,2016-10-30,W,New Orleans Saints,,Seattle Seahawks,boxscore,25,20,375,1,359,1
14,8,Sun,2017-10-29,W,Atlanta Falcons,@,New York Jets,boxscore,25,20,386,2,279,1
15,11,Sun,2018-11-18,W,Chicago Bears,,Minnesota Vikings,boxscore,25,20,308,3,268,3
16,4,Sun,2020-10-04,W,Philadelphia Eagles,@,San Francisco 49ers,boxscore,25,20,267,1,417,3
17,10,Sun,2022-11-13,W,Indianapolis Colts,@,Las Vegas Raiders,boxscore,25,20,415,1,309,0
1,3,Sun,1920-10-10,W,Detroit Heralds,,Cleveland Panthers,boxscore,40,14,0,0,0,0
2,12,Sun,1946-12-08,W,Philadelphia Eagles,@,Boston Yanks,boxscore,40,14,312,8,134,9
3,4,Sun,1958-10-19,W,Baltimore Colts,@,Detroit Lions,boxscore,40,14,535,2,220,3
4,2,Sun,1962-09-16,W,San Diego Chargers,,New York Titans,boxscore,40,14,297,2,248,6
5,4,Sat,1965-10-09,W,Minnesota Vikings,,New York Giants,boxscore,40,14,360,1,245,3
6,10,Sun,1975-11-23,W,Green Bay Packers,,New York Giants,boxscore,40,14,508,1,379,5
7,13,Sun,1975-12-14,W,Cleveland Browns,,Kansas City Chiefs,boxscore,40,14,481,3,146,4
8,Division,Sun,1976-12-19,W,Pittsburgh Steelers,@,Baltimore Colts,boxscore,40,14,526,1,170,2
9,1,Sun,1989-09-10,W,Los Angeles Raiders,,San Diego Chargers,boxscore,40,14,418,1,305,1
10,12,Sun,1998-11-22,W,Denver Broncos,,Oakland Raiders,boxscore,40,14,397,1,294,3
11,10,Sun,2002-11-10,W,Green Bay Packers,,Detroit Lions,boxscore,40,14,503,2,362,2
12,15,Mon,2010-12-20,W,Chicago Bears,@,Minnesota Vikings,boxscore,40,14,293,1,273,5
13,16,Sat,2011-12-24,W,Buffalo Bills,,Denver Broncos,boxscore,40,14,351,0,285,3
14,15,Sun,2018-12-16,W,Atlanta Falcons,,Arizona Cardinals,boxscore,40,14,435,0,253,3
15,15,Sun,2020-12-20,W,Baltimore Ravens,,Jacksonville Jaguars,boxscore,40,14,409,1,267,1
16,16,Sun,2020-12-27,W,Green Bay Packers,,Tennessee Titans,boxscore,40,14,448,1,260,2
17,13,Sun,2022-12-04,W,Detroit Lions,,Jacksonville Jaguars,boxscore,40,14,437,0,266,1
1,3,Sun,1924-10-12,W,Cleveland Bulldogs,,Akron Pros,boxscore,29,14,0,0,0,0
2,11,Sun,1940-11-17,W,Brooklyn Dodgers,,Cleveland Rams,boxscore,29,14,240,3,285,5
3,8,Fri,1948-10-15,W,Baltimore Colts,@,Los Angeles Dons,boxscore,29,14,438,3,235,3
4,12,Sun,1954-12-12,W,Philadelphia Eagles,,New York Giants,boxscore,29,14,221,1,276,6
5,8,Sun,1957-11-17,W,Baltimore Colts,@,Chicago Bears,boxscore,29,14,228,0,209,7
6,5,Sun,1966-10-02,W,Buffalo Bills,@,Kansas City Chiefs,boxscore,29,14,361,1,265,3
7,2,Sun,1971-09-26,W,Miami Dolphins,@,Buffalo Bills,boxscore,29,14,376,0,267,3
8,1,Sun,1977-09-18,W,Baltimore Colts,@,Seattle Seahawks,boxscore,29,14,426,1,255,4
9,16,Sun,1979-12-16,W,New Orleans Saints,@,Los Angeles Rams,boxscore,29,14,422,4,290,6
10,5,Sun,1986-10-05,W,Denver Broncos,,Dallas Cowboys,boxscore,29,14,319,1,266,3
11,6,Sun,1989-10-15,W,New Orleans Saints,,New York Jets,boxscore,29,14,418,4,251,4
12,17,Sun,1990-12-30,W,Washington Redskins,,Buffalo Bills,boxscore,29,14,299,1,273,4
13,12,Sun,1992-11-22,W,San Diego Chargers,,Tampa Bay Buccaneers,boxscore,29,14,307,1,287,0
14,10,Sun,1993-11-07,W,Denver Broncos,@,Cleveland Browns,boxscore,29,14,393,1,266,0
15,6,Sun,2011-10-16,W,Baltimore Ravens,,Houston Texans,boxscore,29,14,402,2,293,0
16,16,Sat,2011-12-24,W,New York Giants,@,New York Jets,boxscore,29,14,332,1,331,3
17,2,Mon,2016-09-19,W,Philadelphia Eagles,@,Chicago Bears,boxscore,29,14,280,0,284,3
18,7,Sun,2017-10-22,W,Pittsburgh Steelers,,Cincinnati Bengals,boxscore,29,14,420,0,179,2
1,12,Sun,1970-12-06,W,Baltimore Colts,,Philadelphia Eagles,boxscore,29,10,249,2,186,4
2,13,Sat,1971-12-11,W,Minnesota Vikings,,Detroit Lions,boxscore,29,10,134,2,236,5
3,14,Sun,1986-12-07,W,Los Angeles Rams,,Dallas Cowboys,boxscore,29,10,418,1,224,2
4,13,Sun,1989-12-03,W,Washington Redskins,@,Phoenix Cardinals,boxscore,29,10,303,1,263,3
5,Conf. Champ,Sun,1993-01-17,W,Buffalo Bills,@,Miami Dolphins,boxscore,29,10,358,2,276,5
6,6,Sun,1995-10-08,W,Buffalo Bills,,New York Jets,boxscore,29,10,318,2,173,4
7,15,Sun,1995-12-10,W,Pittsburgh Steelers,@,Oakland Raiders,boxscore,29,10,355,2,190,4
8,9,Sun,1996-10-27,W,Dallas Cowboys,@,Miami Dolphins,boxscore,29,10,482,0,221,3
9,3,Sun,1999-09-26,W,Seattle Seahawks,@,Pittsburgh Steelers,boxscore,29,10,341,2,272,5
10,16,Sun,1999-12-26,W,Tampa Bay Buccaneers,,Green Bay Packers,boxscore,29,10,274,1,243,4
11,17,Sun,2002-01-06,W,Indianapolis Colts,,Denver Broncos,boxscore,29,10,335,1,219,4
12,Wild Card,Sat,2004-01-03,W,Carolina Panthers,,Dallas Cowboys,boxscore,29,10,380,0,204,2
13,8,Sun,2008-10-26,W,Baltimore Ravens,,Oakland Raiders,boxscore,29,10,375,1,234,1
14,3,Sun,2010-09-26,W,Tennessee Titans,@,New York Giants,boxscore,29,10,271,0,471,3
15,2,Sun,2014-09-14,W,Buffalo Bills,,Miami Dolphins,boxscore,29,10,315,0,290,2
16,8,Sun,2015-11-01,W,Denver Broncos,,Green Bay Packers,boxscore,29,10,500,1,140,0
17,1,Sun,2016-09-11,W,Philadelphia Eagles,,Cleveland Browns,boxscore,29,10,403,0,288,1
1,8,Sun,1923-11-18,W,Cleveland Indians,,Columbus Tigers,boxscore,9,3,0,0,0,0
2,10,Sun,1925-11-22,W,New York Giants,,Kansas City Cowboys,boxscore,9,3,0,0,0,0
3,2,Sun,1929-09-29,W,Chicago Cardinals,@,Buffalo Bisons,boxscore,9,3,0,0,0,0
4,7,Sun,1959-11-08,W,New York Giants,,Chicago Cardinals,boxscore,9,3,274,3,163,5
5,13,Sun,1972-12-10,W,Pittsburgh Steelers,@,Houston Oilers,boxscore,9,3,193,1,159,1
6,6,Sun,1974-10-20,W,Miami Dolphins,,Kansas City Chiefs,boxscore,9,3,296,3,200,1
7,9,Sun,1976-11-07,W,Dallas Cowboys,,New York Giants,boxscore,9,3,257,1,269,3
8,2,Sat,1977-09-24,W,Minnesota Vikings,@,Tampa Bay Buccaneers,boxscore,9,3,315,3,138,3
9,13,Mon,1980-12-01,W,Oakland Raiders,,Denver Broncos,boxscore,9,3,215,0,214,6
10,2,Sun,1981-09-13,W,Houston Oilers,@,Cleveland Browns,boxscore,9,3,209,4,302,2
11,10,Sun,1986-11-09,W,San Diego Chargers,@,Denver Broncos,boxscore,9,3,225,2,245,5
12,11,Sun,1988-11-13,W,Los Angeles Raiders,@,San Francisco 49ers,boxscore,9,3,251,1,219,2
13,8,Sun,1998-10-25,W,New Orleans Saints,,Tampa Bay Buccaneers,boxscore,9,3,266,1,238,3
14,8,Sun,2003-10-26,W,New England Patriots,,Cleveland Browns,boxscore,9,3,347,0,203,1
15,9,Sun,2006-11-05,W,San Francisco 49ers,,Minnesota Vikings,boxscore,9,3,133,1,238,3
16,2,Sun,2016-09-18,W,Los Angeles Rams,,Seattle Seahawks,boxscore,9,3,283,0,306,1
17,2,Sun,2017-09-17,W,Carolina Panthers,,Buffalo Bills,boxscore,9,3,255,0,176,0