Rk,Week,Day,Date,,Winner/tie,,Loser/tie,,PtsW,PtsL,YdsW,TOW,YdsL,TOL
1,9,Sun,1939-11-05,W,Chicago Bears,,Green Bay Packers,boxscore,30,27,303,2,356,4
2,8,Sun,1942-11-01,W,Washington Redskins,,Philadelphia Eagles,boxscore,30,27,396,4,275,2
3,1,Sun,1958-09-28,W,Cleveland Browns,@,Los Angeles Rams,boxscore,30,27,373,2,470,4
4,13,Sun,1960-12-04,W,New York Titans,@,Denver Broncos,boxscore,30,27,373,5,249,5
5,3,Sun,1961-10-01,W,St. Louis Cardinals,@,Philadelphia Eagles,boxscore,30,27,368,3,451,3
6,11,Sun,1961-11-26,W,Pittsburgh Steelers,,St. Louis Cardinals,boxscore,30,27,347,7,224,7
7,1,Sun,1962-09-16,W,Baltimore Colts,,Los Angeles Rams,boxscore,30,27,259,3,373,3
8,10,Sun,1965-11-21,W,San Francisco 49ers,,Los Angeles Rams,boxscore,30,27,269,3,354,2
9,12,Sun,1967-12-03,W,Green Bay Packers,@,Minnesota Vikings,boxscore,30,27,276,3,276,3
10,4,Sun,1970-10-11,W,Cleveland Browns,,Cincinnati Bengals,boxscore,30,27,346,3,236,1
11,6,Sun,1974-10-20,W,Oakland Raiders,,Cincinnati Bengals,boxscore,30,27,359,2,287,2
12,12,Sun,1975-12-07,W,Washington Redskins,@,Atlanta Falcons,boxscore,30,27,405,2,388,3
13,3,Sun,1976-09-26,W,New England Patriots,@,Pittsburgh Steelers,boxscore,30,27,399,4,416,6
14,3,Sun,1976-09-26,W,Dallas Cowboys,,Baltimore Colts,boxscore,30,27,457,3,400,1
15,6,Sun,1976-10-17,W,San Diego Chargers,,Houston Oilers,boxscore,30,27,468,2,380,1
16,2,Mon,1977-09-26,W,Cleveland Browns,,New England Patriots,boxscore,30,27,393,3,263,2
17,3,Sun,1977-10-02,W,New York Jets,,New England Patriots,boxscore,30,27,251,3,356,5
18,4,Sun,1979-09-23,W,Houston Oilers,@,Cincinnati Bengals,boxscore,30,27,361,3,265,2
19,8,Sun,1979-10-21,W,Minnesota Vikings,,Chicago Bears,boxscore,30,27,267,2,496,4
20,Division,Sun,1981-01-04,W,Dallas Cowboys,@,Atlanta Falcons,boxscore,30,27,422,2,371,2
21,10,Sun,1981-11-08,W,Miami Dolphins,@,New England Patriots,boxscore,30,27,419,4,492,5
22,11,Sun,1981-11-15,W,Washington Redskins,@,New York Giants,boxscore,30,27,418,1,248,2
23,14,Mon,1981-12-07,W,Oakland Raiders,,Pittsburgh Steelers,boxscore,30,27,471,5,331,2
24,2,Sun,1983-09-11,W,Los Angeles Rams,,New Orleans Saints,boxscore,30,27,359,5,341,3
25,1,Sun,1984-09-02,W,San Francisco 49ers,@,Detroit Lions,boxscore,30,27,298,1,298,0
26,5,Sun,1984-09-30,W,Tampa Bay Buccaneers,,Green Bay Packers,boxscore,30,27,406,5,383,4
27,8,Sun,1984-10-21,W,Dallas Cowboys,,New Orleans Saints,boxscore,30,27,292,2,342,5
28,15,Mon,1985-12-16,W,Miami Dolphins,,New England Patriots,boxscore,30,27,269,4,321,4
29,3,Sun,1986-09-21,W,Washington Redskins,@,San Diego Chargers,boxscore,30,27,425,1,351,3
30,13,Sun,1987-12-06,W,Cincinnati Bengals,,Kansas City Chiefs,boxscore,30,27,503,0,322,1
31,4,Mon,1988-09-26,W,Los Angeles Raiders,@,Denver Broncos,boxscore,30,27,363,1,398,5
32,14,Mon,1989-12-11,W,San Francisco 49ers,@,Los Angeles Rams,boxscore,30,27,502,2,337,2
33,7,Sun,1990-10-21,W,Buffalo Bills,,New York Jets,boxscore,30,27,405,1,342,1
34,15,Sun,1991-12-08,W,Buffalo Bills,@,Los Angeles Raiders,boxscore,30,27,409,1,386,3
35,6,Sun,1993-10-10,W,Green Bay Packers,,Denver Broncos,boxscore,30,27,299,3,388,2
36,9,Sun,1993-10-31,W,Detroit Lions,@,Minnesota Vikings,boxscore,30,27,338,2,378,3
37,16,Sun,1993-12-19,W,Phoenix Cardinals,@,Seattle Seahawks,boxscore,30,27,476,4,365,1
38,7,Sun,1995-10-15,W,Chicago Bears,@,Jacksonville Jaguars,boxscore,30,27,380,0,409,1
39,12,Sun,1995-11-19,W,Denver Broncos,,San Diego Chargers,boxscore,30,27,463,2,269,1
40,6,Sun,1996-10-06,W,Houston Oilers,@,Cincinnati Bengals,boxscore,30,27,335,2,315,0
41,11,Sun,1996-11-10,W,Jacksonville Jaguars,,Baltimore Ravens,boxscore,30,27,418,2,387,3
42,14,Sun,1996-12-01,W,Jacksonville Jaguars,,Cincinnati Bengals,boxscore,30,27,422,0,485,2
43,Wild Card,Sat,1996-12-28,W,Jacksonville Jaguars,@,Buffalo Bills,boxscore,30,27,409,2,308,3
44,Division,Sat,1997-01-04,W,Jacksonville Jaguars,@,Denver Broncos,boxscore,30,27,443,0,351,0
45,10,Sun,1997-11-02,W,Denver Broncos,,Seattle Seahawks,boxscore,30,27,385,2,349,2
46,5,Sun,1998-10-04,W,New England Patriots,@,New Orleans Saints,boxscore,30,27,388,4,276,2
47,Wild Card,Sun,1999-01-03,W,San Francisco 49ers,,Green Bay Packers,boxscore,30,27,347,3,403,4
48,Conf. Champ,Sun,1999-01-17,W,Atlanta Falcons,@,Minnesota Vikings,boxscore,30,27,427,2,356,2
49,1,Sun,2000-09-03,W,Minnesota Vikings,,Chicago Bears,boxscore,30,27,374,1,425,1
50,13,Sun,2002-12-01,W,San Diego Chargers,,Denver Broncos,boxscore,30,27,434,0,417,3
51,9,Sun,2003-11-02,W,Green Bay Packers,@,Minnesota Vikings,boxscore,30,27,451,1,323,0
52,12,Sun,2003-11-23,W,St. Louis Rams,@,Arizona Cardinals,boxscore,30,27,415,5,358,2
53,2,Sun,2004-09-19,W,New Orleans Saints,,San Francisco 49ers,boxscore,30,27,302,1,370,3
54,11,Sun,2005-11-20,W,Tampa Bay Buccaneers,@,Atlanta Falcons,boxscore,30,27,258,1,443,2
55,7,Sun,2006-10-22,W,Kansas City Chiefs,,San Diego Chargers,boxscore,30,27,355,1,349,3
56,16,Sun,2007-12-23,W,Arizona Cardinals,,Atlanta Falcons,boxscore,30,27,437,0,405,1
57,4,Sun,2008-09-28,W,Jacksonville Jaguars,,Houston Texans,boxscore,30,27,375,0,386,0
58,5,Mon,2008-10-06,W,Minnesota Vikings,@,New Orleans Saints,boxscore,30,27,270,0,375,4
59,9,Sun,2008-11-02,W,Tampa Bay Buccaneers,@,Kansas City Chiefs,boxscore,30,27,423,4,384,1
60,16,Sun,2009-12-27,W,Philadelphia Eagles,,Denver Broncos,boxscore,30,27,394,3,241,1
61,2,Sun,2010-09-19,W,Houston Texans,@,Washington Redskins,boxscore,30,27,526,1,421,0
62,11,Sun,2010-11-21,W,New York Jets,,Houston Texans,boxscore,30,27,401,2,343,1
63,12,Thu,2010-11-25,W,New Orleans Saints,@,Dallas Cowboys,boxscore,30,27,414,2,457,3
64,14,Sun,2010-12-12,W,Philadelphia Eagles,@,Dallas Cowboys,boxscore,30,27,429,2,349,2
65,5,Sun,2011-10-09,W,New Orleans Saints,@,Carolina Panthers,boxscore,30,27,444,1,381,1
66,8,Sun,2011-10-30,W,Baltimore Ravens,,Arizona Cardinals,boxscore,30,27,405,2,207,1
67,5,Sun,2012-10-07,W,Indianapolis Colts,,Green Bay Packers,boxscore,30,27,464,1,356,1
68,6,Sun,2013-10-13,W,New England Patriots,,New Orleans Saints,boxscore,30,27,376,1,361,2
69,7,Sun,2013-10-20,W,New York Jets,,New England Patriots,boxscore,30,27,383,1,295,1
70,11,Thu,2013-11-14,W,Indianapolis Colts,@,Tennessee Titans,boxscore,30,27,366,0,340,1
71,1,Sun,2014-09-07,W,Pittsburgh Steelers,,Cleveland Browns,boxscore,30,27,503,1,389,0
72,2,Mon,2014-09-15,W,Philadelphia Eagles,@,Indianapolis Colts,boxscore,30,27,458,1,341,2
73,4,Sun,2015-10-04,W,San Diego Chargers,,Cleveland Browns,boxscore,30,27,438,0,432,1
74,5,Sun,2015-10-11,W,New York Giants,,San Francisco 49ers,boxscore,30,27,525,1,380,0
75,4,Sun,2016-10-02,W,Jacksonville Jaguars,,Indianapolis Colts,boxscore,30,27,331,0,284,1
76,12,Sun,2016-11-27,W,Kansas City Chiefs,@,Denver Broncos,boxscore,30,27,273,0,464,1
77,15,Sun,2016-12-18,W,Green Bay Packers,@,Chicago Bears,boxscore,30,27,451,0,449,4
78,7,Sun,2017-10-22,W,Buffalo Bills,,Tampa Bay Buccaneers,boxscore,30,27,434,1,447,3
79,2,Sun,2018-09-16,W,San Francisco 49ers,,Detroit Lions,boxscore,30,27,346,0,427,1
80,3,Mon,2018-09-24,W,Pittsburgh Steelers,@,Tampa Bay Buccaneers,boxscore,30,27,413,1,455,4
81,12,Sun,2018-11-25,W,Seattle Seahawks,@,Carolina Panthers,boxscore,30,27,397,0,476,1
82,13,Sun,2018-12-02,W,New York Giants,,Chicago Bears,boxscore,30,27,338,1,376,3
83,1,Sun,2019-09-08,W,Los Angeles Rams,@,Carolina Panthers,boxscore,30,27,349,1,343,3
84,10,Sun,2019-11-10,W,Tampa Bay Buccaneers,,Arizona Cardinals,boxscore,30,27,457,3,417,2
85,5,Mon,2020-10-12,W,New Orleans Saints,,Los Angeles Chargers,boxscore,30,27,408,1,350,0
86,9,Mon,2020-11-09,W,New England Patriots,@,New York Jets,boxscore,30,27,433,0,322,1
87,10,Sun,2020-11-15,W,Detroit Lions,,Washington Football Team,boxscore,30,27,372,0,464,1
88,15,Thu,2020-12-17,W,Los Angeles Chargers,@,Las Vegas Raiders,boxscore,30,27,402,0,449,1
89,Division,Sun,2022-01-23,W,Los Angeles Rams,@,Tampa Bay Buccaneers,boxscore,30,27,428,4,359,2
90,11,Sun,2022-11-20,W,Kansas City Chiefs,@,Los Angeles Chargers,boxscore,30,27,485,1,365,2