1,11,Sun,1978-11-12,W,San Diego Chargers,,Kansas City Chiefs,boxscore,29,23,385,2,403,1
2,1,Sun,1983-09-04,W,Baltimore Colts,@,New England Patriots,boxscore,29,23,455,3,422,4
3,Division,Sat,1994-01-15,W,Buffalo Bills,,Los Angeles Raiders,boxscore,29,23,355,1,325,1
4,6,Mon,1995-10-09,W,Kansas City Chiefs,,San Diego Chargers,boxscore,29,23,379,1,369,3
5,14,Sun,1995-12-03,W,Kansas City Chiefs,@,Oakland Raiders,boxscore,29,23,308,1,333,4
6,3,Sun,2002-09-22,W,New Orleans Saints,@,Chicago Bears,boxscore,29,23,302,3,353,2
7,Division,Sat,2004-01-10,W,Carolina Panthers,@,St. Louis Rams,boxscore,29,23,485,1,380,3
8,9,Sun,2010-11-07,W,San Diego Chargers,@,Houston Texans,boxscore,29,23,367,2,392,1
9,Wild Card,Sun,2012-01-08,W,Denver Broncos,,Pittsburgh Steelers,boxscore,29,23,447,1,400,1
10,5,Sun,2016-10-09,W,Indianapolis Colts,,Chicago Bears,boxscore,29,23,396,0,522,1
11,8,Sun,2016-10-30,W,Dallas Cowboys,,Philadelphia Eagles,boxscore,29,23,460,1,291,1
12,14,Sun,2018-12-09,W,Dallas Cowboys,,Philadelphia Eagles,boxscore,29,23,576,3,256,1
13,2,Sun,2022-09-18,W,Arizona Cardinals,@,Las Vegas Raiders,boxscore,29,23,413,1,324,1
1,9,Sun,1921-11-20,W,Chicago Staleys,,Cleveland Indians,boxscore,22,7,0,0,0,0
2,8,Sun,1951-11-18,W,Washington Redskins,@,Pittsburgh Steelers,boxscore,22,7,321,2,115,1
3,10,Fri,1963-11-08,W,Oakland Raiders,@,Kansas City Chiefs,boxscore,22,7,286,1,61,3
4,5,Sun,1975-10-19,W,Los Angeles Rams,,Atlanta Falcons,boxscore,22,7,384,1,226,6
5,4,Sun,1983-09-25,W,Los Angeles Raiders,@,Denver Broncos,boxscore,22,7,214,1,268,4
6,15,Sun,1988-12-11,W,Los Angeles Rams,,Atlanta Falcons,boxscore,22,7,418,2,193,2
7,1,Sun,1995-09-03,W,Denver Broncos,,Buffalo Bills,boxscore,22,7,439,1,234,0
8,11,Sun,1995-11-12,W,Kansas City Chiefs,@,San Diego Chargers,boxscore,22,7,286,1,283,0
9,1,Sun,2005-09-11,W,Buffalo Bills,,Houston Texans,boxscore,22,7,316,0,120,5
10,16,Sun,2006-12-24,W,Tampa Bay Buccaneers,@,Cleveland Browns,boxscore,22,7,355,2,187,4
11,11,Sun,2014-11-16,W,St. Louis Rams,,Denver Broncos,boxscore,22,7,337,0,397,2
12,4,Thu,2016-09-29,W,Cincinnati Bengals,,Miami Dolphins,boxscore,22,7,362,0,222,2
13,18,Sun,2022-01-09,W,Washington Football Team,@,New York Giants,boxscore,22,7,325,0,177,3
1,3,Sun,1980-09-21,W,San Francisco 49ers,@,New York Jets,boxscore,37,27,376,0,460,2
2,1,Sun,1984-09-02,W,Kansas City Chiefs,@,Pittsburgh Steelers,boxscore,37,27,264,1,465,4
3,10,Sun,2004-11-14,W,Carolina Panthers,@,San Francisco 49ers,boxscore,37,27,358,2,357,5
4,16,Sat,2005-12-24,W,Buffalo Bills,@,Cincinnati Bengals,boxscore,37,27,355,1,374,2
5,4,Sun,2007-09-30,W,Detroit Lions,,Chicago Bears,boxscore,37,27,310,2,303,3
6,13,Thu,2007-11-29,W,Dallas Cowboys,,Green Bay Packers,boxscore,37,27,414,1,357,2
7,9,Sun,2008-11-02,W,Baltimore Ravens,@,Cleveland Browns,boxscore,37,27,429,0,274,2
8,11,Sun,2013-11-17,W,Pittsburgh Steelers,,Detroit Lions,boxscore,37,27,398,0,451,3
9,14,Sun,2013-12-08,W,New York Jets,,Oakland Raiders,boxscore,37,27,352,1,383,1
10,16,Sun,2014-12-21,W,New York Giants,@,St. Louis Rams,boxscore,37,27,514,0,387,3
11,17,Sun,2017-01-01,W,Kansas City Chiefs,@,San Diego Chargers,boxscore,37,27,365,1,398,2
12,15,Sun,2019-12-15,W,Philadelphia Eagles,@,Washington Redskins,boxscore,37,27,415,1,352,1
13,8,Sun,2020-11-01,W,Seattle Seahawks,,San Francisco 49ers,boxscore,37,27,350,0,351,2
1,9,Sun,1960-11-20,W,Los Angeles Rams,@,Green Bay Packers,boxscore,33,31,205,2,384,5
2,6,Sun,1981-10-11,W,Minnesota Vikings,@,San Diego Chargers,boxscore,33,31,526,3,425,1
3,10,Sun,1981-11-08,W,Washington Redskins,,Detroit Lions,boxscore,33,31,464,3,499,6
4,12,Sun,1981-11-22,W,San Francisco 49ers,@,Los Angeles Rams,boxscore,33,31,330,2,411,2
5,2,Mon,1991-09-09,W,Washington Redskins,@,Dallas Cowboys,boxscore,33,31,332,1,349,2
6,14,Sun,1999-12-12,W,Carolina Panthers,@,Green Bay Packers,boxscore,33,31,381,4,362,2
7,2,Sun,2003-09-14,W,Washington Redskins,@,Atlanta Falcons,boxscore,33,31,435,2,283,2
8,17,Sun,2008-12-28,W,Carolina Panthers,@,New Orleans Saints,boxscore,33,31,478,0,417,2
9,2,Sun,2009-09-20,W,New York Giants,@,Dallas Cowboys,boxscore,33,31,427,0,378,4
10,6,Sun,2009-10-18,W,Minnesota Vikings,,Baltimore Ravens,boxscore,33,31,426,0,448,0
11,5,Sun,2018-10-07,W,Carolina Panthers,,New York Giants,boxscore,33,31,350,2,432,3
12,5,Sun,2018-10-07,W,Los Angeles Rams,@,Seattle Seahawks,boxscore,33,31,468,2,373,0
13,9,Sun,2020-11-08,W,Kansas City Chiefs,,Carolina Panthers,boxscore,33,31,397,1,435,0
1,5,Sun,1995-10-01,W,Indianapolis Colts,,St. Louis Rams,boxscore,21,18,381,2,342,3
2,17,Sun,2002-01-06,W,Seattle Seahawks,,Kansas City Chiefs,boxscore,21,18,389,2,308,1
3,3,Mon,2004-09-27,W,Dallas Cowboys,@,Washington Redskins,boxscore,21,18,287,0,384,0
4,17,Sun,2005-01-02,W,New Orleans Saints,@,Carolina Panthers,boxscore,21,18,360,0,320,3
5,17,Sun,2005-01-02,W,Washington Redskins,,Minnesota Vikings,boxscore,21,18,318,2,320,0
6,2,Sun,2005-09-18,W,Seattle Seahawks,,Atlanta Falcons,boxscore,21,18,428,1,223,0
7,Division,Sun,2006-01-15,W,Pittsburgh Steelers,@,Indianapolis Colts,boxscore,21,18,295,2,305,0
8,4,Sun,2006-10-01,W,Carolina Panthers,,New Orleans Saints,boxscore,21,18,324,0,407,1
9,8,Sun,2013-10-27,W,Oakland Raiders,,Pittsburgh Steelers,boxscore,21,18,279,3,276,2
10,9,Sun,2015-11-08,W,Minnesota Vikings,,St. Louis Rams,boxscore,21,18,293,1,320,0
11,1,Sun,2017-09-10,W,Pittsburgh Steelers,@,Cleveland Browns,boxscore,21,18,290,1,237,1
12,2,Sun,2018-09-16,W,New Orleans Saints,,Cleveland Browns,boxscore,21,18,275,2,327,1
13,5,Sun,2021-10-10,W,Philadelphia Eagles,@,Carolina Panthers,boxscore,21,18,273,2,267,3
1,2,Sun,1951-10-07,W,Cleveland Browns,@,Los Angeles Rams,boxscore,38,23,450,3,312,4
2,2,Sun,1966-09-18,W,Baltimore Colts,@,Minnesota Vikings,boxscore,38,23,346,2,337,3
3,10,Sun,1966-11-06,W,Oakland Raiders,,Houston Oilers,boxscore,38,23,390,3,246,3
4,3,Sun,1969-09-28,W,Oakland Raiders,@,Boston Patriots,boxscore,38,23,423,1,170,3
5,12,Sun,1969-11-30,W,Boston Patriots,@,Miami Dolphins,boxscore,38,23,216,2,243,4
6,3,Sun,1984-09-16,W,New England Patriots,,Seattle Seahawks,boxscore,38,23,291,2,252,3
7,13,Sun,1990-12-02,W,Los Angeles Rams,@,Cleveland Browns,boxscore,38,23,411,1,303,1
8,8,Sun,1994-10-23,W,Kansas City Chiefs,,Seattle Seahawks,boxscore,38,23,477,0,263,2
9,14,Sun,2000-12-03,W,Denver Broncos,@,New Orleans Saints,boxscore,38,23,483,0,446,3
10,4,Mon,2003-09-29,W,Green Bay Packers,@,Chicago Bears,boxscore,38,23,380,1,361,2
11,16,Sun,2007-12-23,W,Philadelphia Eagles,@,New Orleans Saints,boxscore,38,23,435,1,346,1
12,14,Mon,2008-12-08,W,Carolina Panthers,,Tampa Bay Buccaneers,boxscore,38,23,464,2,384,0
13,10,Sun,2012-11-11,W,Dallas Cowboys,@,Philadelphia Eagles,boxscore,38,23,294,0,369,2
1,1,Sun,1929-09-22,W,Chicago Bears,@,Minneapolis Red Jackets,boxscore,19,6,0,0,0,0
2,8,Wed,1930-11-05,W,New York Giants,@,Portsmouth Spartans,boxscore,19,6,0,0,0,0
3,13,Sun,1931-12-06,W,New York Giants,@,Brooklyn Dodgers,boxscore,19,6,0,0,0,0
4,8,Sun,1932-11-06,W,Boston Braves,,Staten Island Stapletons,boxscore,19,6,0,0,0,0
5,2,Sun,1934-09-16,W,Green Bay Packers,,Philadelphia Eagles,boxscore,19,6,0,0,0,0
6,8,Sun,1976-10-31,W,Oakland Raiders,,Denver Broncos,boxscore,19,6,382,2,265,2
7,3,Sun,1985-09-22,W,Philadelphia Eagles,@,Washington Redskins,boxscore,19,6,327,1,257,2
8,12,Mon,1985-11-25,W,San Francisco 49ers,,Seattle Seahawks,boxscore,19,6,376,4,252,2
9,15,Sat,1985-12-14,W,Chicago Bears,@,New York Jets,boxscore,19,6,319,1,159,3
10,14,Sun,1991-12-01,W,Kansas City Chiefs,@,Seattle Seahawks,boxscore,19,6,311,0,273,2
11,3,Sun,2000-09-17,W,Miami Dolphins,,Baltimore Ravens,boxscore,19,6,258,1,262,1
12,13,Sun,2010-12-05,W,St. Louis Rams,@,Arizona Cardinals,boxscore,19,6,288,1,224,2
13,6,Sun,2013-10-13,W,Pittsburgh Steelers,@,New York Jets,boxscore,19,6,328,0,267,2
1,4,Sat,1963-10-05,W,Cleveland Browns,,Pittsburgh Steelers,boxscore,35,23,357,1,400,2
2,4,Sun,1970-10-11,W,Oakland Raiders,,Denver Broncos,boxscore,35,23,522,1,285,1
3,10,Sun,1975-11-23,W,Cleveland Browns,,Cincinnati Bengals,boxscore,35,23,439,2,402,3
4,Division,Sat,1975-12-27,W,Los Angeles Rams,,St. Louis Cardinals,boxscore,35,23,440,3,363,5
5,3,Sun,1981-09-20,W,Los Angeles Rams,,Green Bay Packers,boxscore,35,23,203,3,200,4
6,7,Sun,1981-10-18,W,Minnesota Vikings,,Philadelphia Eagles,boxscore,35,23,334,0,403,4
7,13,Sun,1981-11-29,W,Green Bay Packers,@,Minnesota Vikings,boxscore,35,23,409,4,404,5
8,1,Sun,1982-09-12,W,Green Bay Packers,,Los Angeles Rams,boxscore,35,23,377,6,271,3
9,11,Sun,1990-11-18,W,Houston Oilers,@,Cleveland Browns,boxscore,35,23,378,2,361,4
10,7,Sun,1991-10-13,W,Dallas Cowboys,,Cincinnati Bengals,boxscore,35,23,376,2,352,3
11,16,Sun,1995-12-17,W,Washington Redskins,@,St. Louis Rams,boxscore,35,23,258,3,441,4
12,1,Sun,2017-09-10,W,Detroit Lions,,Arizona Cardinals,boxscore,35,23,367,1,308,4
13,3,Sun,2018-09-23,W,Los Angeles Rams,,Los Angeles Chargers,boxscore,35,23,521,2,356,2
1,10,Sun,1968-11-10,W,Kansas City Chiefs,@,Cincinnati Bengals,boxscore,16,9,304,1,283,2
2,1,Sun,1981-09-06,W,Green Bay Packers,@,Chicago Bears,boxscore,16,9,346,3,306,4
3,10,Sun,1987-11-15,W,New York Jets,@,Kansas City Chiefs,boxscore,16,9,329,0,299,3
4,18,Sun,1994-01-02,W,Pittsburgh Steelers,,Cleveland Browns,boxscore,16,9,320,0,295,2
5,6,Sun,1994-10-09,W,Denver Broncos,@,Seattle Seahawks,boxscore,16,9,278,0,338,5
6,8,Sun,1999-10-31,W,Miami Dolphins,@,Oakland Raiders,boxscore,16,9,325,0,187,2
7,8,Sun,2001-11-04,W,New York Jets,@,New Orleans Saints,boxscore,16,9,272,2,246,4
8,6,Sun,2007-10-14,W,Philadelphia Eagles,@,New York Jets,boxscore,16,9,413,1,267,1
9,2,Sun,2009-09-20,W,New York Jets,,New England Patriots,boxscore,16,9,254,1,299,1
10,1,Sun,2013-09-08,W,Tennessee Titans,@,Pittsburgh Steelers,boxscore,16,9,229,0,194,2
11,3,Sun,2014-09-21,W,New England Patriots,,Oakland Raiders,boxscore,16,9,297,0,241,1
12,2,Sun,2022-09-18,W,Denver Broncos,,Houston Texans,boxscore,16,9,350,1,234,0
13,7,Sun,2022-10-23,W,New York Jets,@,Denver Broncos,boxscore,16,9,260,0,324,1
1,12,Sun,1939-11-26,W,Pittsburgh Pirates,,Philadelphia Eagles,boxscore,24,12,210,2,199,2
2,1,Sun,1969-09-21,W,Atlanta Falcons,,San Francisco 49ers,boxscore,24,12,308,2,331,5
3,7,Sun,1969-10-26,W,Oakland Raiders,@,San Diego Chargers,boxscore,24,12,399,3,253,4
4,6,Sun,1992-10-11,W,San Francisco 49ers,@,New England Patriots,boxscore,24,12,411,3,227,3
5,13,Thu,1995-11-23,W,Dallas Cowboys,,Kansas City Chiefs,boxscore,24,12,293,0,334,1
6,5,Sun,1997-09-28,W,Washington Redskins,,Jacksonville Jaguars,boxscore,24,12,336,3,204,2
7,11,Mon,1997-11-10,W,San Francisco 49ers,@,Philadelphia Eagles,boxscore,24,12,213,1,257,3
8,10,Sun,1998-11-08,W,Seattle Seahawks,,Kansas City Chiefs,boxscore,24,12,202,2,357,4
9,12,Sun,2005-11-27,W,Minnesota Vikings,,Cleveland Browns,boxscore,24,12,281,2,262,5
10,3,Sun,2015-09-27,W,Denver Broncos,@,Detroit Lions,boxscore,24,12,354,2,290,3
11,16,Sun,2018-12-23,W,New England Patriots,,Buffalo Bills,boxscore,24,12,390,3,289,3
12,16,Sun,2019-12-22,W,Atlanta Falcons,,Jacksonville Jaguars,boxscore,24,12,518,2,288,1
1,13,Sun,1975-12-14,W,Atlanta Falcons,,San Francisco 49ers,boxscore,31,9,462,0,406,2
2,5,Sun,1979-09-30,W,San Diego Chargers,,San Francisco 49ers,boxscore,31,9,317,2,242,3
3,10,Sun,1993-11-07,W,Dallas Cowboys,,New York Giants,boxscore,31,9,369,0,295,0
4,16,Sun,1994-12-18,W,Kansas City Chiefs,,Houston Oilers,boxscore,31,9,363,0,217,5
5,2,Sun,1995-09-10,W,Buffalo Bills,,Carolina Panthers,boxscore,31,9,348,3,113,1
6,Wild Card,Sat,2002-01-12,W,Philadelphia Eagles,,Tampa Bay Buccaneers,boxscore,31,9,334,1,258,4
7,11,Sun,2002-11-17,W,Denver Broncos,@,Seattle Seahawks,boxscore,31,9,401,1,204,3
8,4,Mon,2006-10-02,W,Philadelphia Eagles,,Green Bay Packers,boxscore,31,9,398,2,318,3
9,5,Sun,2009-10-11,W,Indianapolis Colts,@,Tennessee Titans,boxscore,31,9,367,2,245,2
10,16,Sun,2018-12-23,W,Los Angeles Rams,@,Arizona Cardinals,boxscore,31,9,461,1,263,0
11,8,Sun,2019-10-27,W,New Orleans Saints,,Arizona Cardinals,boxscore,31,9,510,1,237,0
12,Super Bowl,Sun,2021-02-07,W,Tampa Bay Buccaneers,N,Kansas City Chiefs,boxscore,31,9,340,0,350,2
1,Division,Sat,1974-12-21,W,Oakland Raiders,,Miami Dolphins,boxscore,28,26,411,1,294,1
2,14,Sun,1979-12-02,W,Atlanta Falcons,@,San Diego Chargers,boxscore,28,26,375,2,410,2
3,4,Sun,1984-09-23,W,New York Jets,@,Buffalo Bills,boxscore,28,26,391,3,391,1
4,12,Sun,1995-11-19,W,Buffalo Bills,@,New York Jets,boxscore,28,26,373,1,351,3
5,13,Sun,2001-12-09,W,Oakland Raiders,,Kansas City Chiefs,boxscore,28,26,264,5,447,1
6,15,Sun,2003-12-14,W,Tennessee Titans,,Buffalo Bills,boxscore,28,26,349,1,241,1
7,17,Sun,2005-01-02,W,Seattle Seahawks,,Atlanta Falcons,boxscore,28,26,253,1,354,1
8,17,Sun,2006-01-01,W,Miami Dolphins,@,New England Patriots,boxscore,28,26,378,0,259,1
9,4,Sun,2010-10-03,W,Green Bay Packers,,Detroit Lions,boxscore,28,26,261,4,431,3
10,7,Sun,2014-10-19,W,St. Louis Rams,,Seattle Seahawks,boxscore,28,26,275,0,463,0
11,6,Sun,2016-10-16,W,Tennessee Titans,,Cleveland Browns,boxscore,28,26,407,1,341,0
12,2,Sun,2019-09-15,W,Seattle Seahawks,@,Pittsburgh Steelers,boxscore,28,26,425,2,261,1
1,10,Sun,1964-11-15,W,Boston Patriots,@,Buffalo Bills,boxscore,36,28,254,2,386,6
2,1,Mon,1982-09-13,W,Pittsburgh Steelers,@,Dallas Cowboys,boxscore,36,28,388,1,436,4
3,1,Sun,1984-09-02,W,Atlanta Falcons,@,New Orleans Saints,boxscore,36,28,422,3,268,4
4,5,Sun,1984-09-30,W,Miami Dolphins,@,St. Louis Cardinals,boxscore,36,28,552,0,445,1
5,10,Sun,1985-11-10,W,Pittsburgh Steelers,@,Kansas City Chiefs,boxscore,36,28,396,1,295,2
6,4,Sun,1988-09-25,W,Buffalo Bills,,Pittsburgh Steelers,boxscore,36,28,398,3,408,5
7,7,Sun,1989-10-22,W,Kansas City Chiefs,,Dallas Cowboys,boxscore,36,28,423,0,282,1
8,13,Sun,1995-11-26,W,Indianapolis Colts,,Miami Dolphins,boxscore,36,28,352,0,338,2
9,1,Sun,2000-09-03,W,Atlanta Falcons,,San Francisco 49ers,boxscore,36,28,359,1,339,1
10,4,Sun,2021-10-03,W,Dallas Cowboys,,Carolina Panthers,boxscore,36,28,433,0,379,2
11,12,Sun,2021-11-28,W,Green Bay Packers,,Los Angeles Rams,boxscore,36,28,399,1,353,3
12,14,Thu,2021-12-09,W,Minnesota Vikings,,Pittsburgh Steelers,boxscore,36,28,458,2,375,1
1,9,Sun,1964-11-08,W,St. Louis Cardinals,,Pittsburgh Steelers,boxscore,34,30,351,1,355,3
2,10,Sun,1969-11-23,W,Philadelphia Eagles,@,St. Louis Cardinals,boxscore,34,30,330,2,414,2
3,2,Sun,1987-09-20,W,Buffalo Bills,,Houston Oilers,boxscore,34,30,383,2,327,1
4,Division,Sat,1990-01-06,W,Cleveland Browns,,Buffalo Bills,boxscore,34,30,325,1,453,3
5,10,Thu,2008-11-06,W,Denver Broncos,@,Cleveland Browns,boxscore,34,30,564,1,399,1
6,13,Sun,2010-12-05,W,New Orleans Saints,@,Cincinnati Bengals,boxscore,34,30,436,1,311,0
7,4,Sun,2011-10-02,W,Detroit Lions,@,Dallas Cowboys,boxscore,34,30,303,1,434,3
8,3,Sun,2013-09-22,W,Cincinnati Bengals,,Green Bay Packers,boxscore,34,30,297,4,399,4
9,4,Sun,2019-09-29,W,Kansas City Chiefs,@,Detroit Lions,boxscore,34,30,438,3,447,2
10,1,Sun,2020-09-13,W,Las Vegas Raiders,@,Carolina Panthers,boxscore,34,30,372,0,388,0
11,13,Sun,2020-12-06,W,Detroit Lions,@,Chicago Bears,boxscore,34,30,460,1,389,1
12,4,Sun,2021-10-03,W,Washington Football Team,@,Atlanta Falcons,boxscore,34,30,412,0,374,0
1,14,Sun,1963-12-08,W,Oakland Raiders,,San Diego Chargers,boxscore,41,27,406,0,336,3
2,11,Sun,1967-11-26,W,Minnesota Vikings,@,Pittsburgh Steelers,boxscore,41,27,212,5,117,6
3,2,Sun,1969-09-28,W,Philadelphia Eagles,,Pittsburgh Steelers,boxscore,41,27,460,2,355,2
4,2,Sun,1985-09-15,W,St. Louis Cardinals,,Cincinnati Bengals,boxscore,41,27,447,2,370,2
5,5,Sun,1988-10-02,W,Phoenix Cardinals,@,Los Angeles Rams,boxscore,41,27,519,1,353,3
6,12,Mon,1991-11-18,W,Buffalo Bills,@,Miami Dolphins,boxscore,41,27,433,0,392,5
7,8,Sun,1993-10-24,W,Miami Dolphins,,Indianapolis Colts,boxscore,41,27,366,2,322,4
8,8,Sun,1994-10-23,W,Washington Redskins,@,Indianapolis Colts,boxscore,41,27,326,0,381,3
9,16,Sat,1995-12-16,W,Pittsburgh Steelers,,New England Patriots,boxscore,41,27,321,1,439,3
10,14,Sun,2001-12-16,W,Indianapolis Colts,,Atlanta Falcons,boxscore,41,27,512,1,316,1
11,Conf. Champ,Sun,2005-01-23,W,New England Patriots,@,Pittsburgh Steelers,boxscore,41,27,322,0,388,4
12,5,Sun,2012-10-07,W,New York Giants,,Cleveland Browns,boxscore,41,27,502,2,375,3
1,1,Sun,1979-09-02,W,Cleveland Browns,@,New York Jets,boxscore,25,22,423,4,390,2
2,2,Sun,1994-09-11,W,New York Jets,,Denver Broncos,boxscore,25,22,366,2,401,1
3,8,Sun,1996-10-20,W,Buffalo Bills,@,New York Jets,boxscore,25,22,333,1,317,4
4,2,Sun,1997-09-07,W,Arizona Cardinals,,Dallas Cowboys,boxscore,25,22,286,4,327,1
5,10,Sun,2001-11-18,W,San Francisco 49ers,@,Carolina Panthers,boxscore,25,22,417,3,280,0
6,16,Sun,2001-12-30,W,Seattle Seahawks,@,San Diego Chargers,boxscore,25,22,307,0,398,2
7,6,Sun,2006-10-15,W,Tennessee Titans,@,Washington Redskins,boxscore,25,22,344,0,305,2
8,2,Mon,2010-09-20,W,New Orleans Saints,@,San Francisco 49ers,boxscore,25,22,287,0,417,4
9,12,Sun,2018-11-25,W,Philadelphia Eagles,,New York Giants,boxscore,25,22,341,0,402,1
10,5,Sun,2021-10-10,W,Green Bay Packers,@,Cincinnati Bengals,boxscore,25,22,466,1,367,2
11,5,Sun,2021-10-10,W,New England Patriots,@,Houston Texans,boxscore,25,22,352,2,360,1
12,17,Sun,2022-01-02,W,Arizona Cardinals,@,Dallas Cowboys,boxscore,25,22,399,0,301,1
1,8,Sun,1964-11-01,W,Detroit Lions,,Los Angeles Rams,boxscore,37,17,395,0,346,3
2,5,Sun,1967-10-01,W,San Diego Chargers,@,Buffalo Bills,boxscore,37,17,484,0,247,3
3,2,Sun,1968-09-22,W,New Orleans Saints,,Washington Redskins,boxscore,37,17,366,3,228,3
4,13,Sun,1969-12-07,W,Oakland Raiders,,Cincinnati Bengals,boxscore,37,17,544,3,210,2
5,14,Sun,1979-12-02,W,Pittsburgh Steelers,,Cincinnati Bengals,boxscore,37,17,478,1,340,1
6,16,Sun,1985-12-22,W,Chicago Bears,@,Detroit Lions,boxscore,37,17,382,4,326,7
7,7,Sun,2003-10-19,W,Tennessee Titans,@,Carolina Panthers,boxscore,37,17,348,0,383,4
8,11,Sun,2004-11-21,W,Buffalo Bills,,St. Louis Rams,boxscore,37,17,294,1,270,4
9,6,Sun,2007-10-14,W,Jacksonville Jaguars,,Houston Texans,boxscore,37,17,457,3,390,3
10,4,Sun,2009-10-04,W,Jacksonville Jaguars,,Tennessee Titans,boxscore,37,17,442,1,379,3
11,7,Sun,2018-10-21,W,Minnesota Vikings,@,New York Jets,boxscore,37,17,316,0,263,4
12,16,Sun,2020-12-27,W,Dallas Cowboys,,Philadelphia Eagles,boxscore,37,17,513,1,477,3
1,11,Sun,1964-11-22,W,Kansas City Chiefs,@,Houston Oilers,boxscore,28,19,372,1,311,3
2,13,Sun,1964-12-06,W,St. Louis Cardinals,,Cleveland Browns,boxscore,28,19,309,2,337,2
3,8,Sun,1976-10-31,W,Kansas City Chiefs,@,Tampa Bay Buccaneers,boxscore,28,19,318,3,196,1
4,2,Sun,1979-09-09,W,Green Bay Packers,,New Orleans Saints,boxscore,28,19,309,2,474,2
5,8,Sun,1979-10-21,W,New York Jets,,Oakland Raiders,boxscore,28,19,328,3,459,5
6,12,Sun,1995-11-19,W,Philadelphia Eagles,,New York Giants,boxscore,28,19,330,3,223,4
7,5,Sun,1997-09-28,W,Minnesota Vikings,,Philadelphia Eagles,boxscore,28,19,365,1,372,3
8,5,Sun,2000-10-01,W,New England Patriots,@,Denver Broncos,boxscore,28,19,314,1,405,2
9,10,Sun,2009-11-15,W,Carolina Panthers,,Atlanta Falcons,boxscore,28,19,380,0,400,2
10,7,Sun,2015-10-25,W,Minnesota Vikings,@,Detroit Lions,boxscore,28,19,425,1,274,0
11,7,Sun,2021-10-24,W,Los Angeles Rams,,Detroit Lions,boxscore,28,19,374,0,415,2
12,13,Sun,2022-12-04,W,Green Bay Packers,@,Chicago Bears,boxscore,28,19,357,0,409,3
1,7,Sun,1922-11-12,W,Chicago Bears,,Oorang Indians,boxscore,33,6,0,0,0,0
2,10,Sun,1944-11-19,W,Cleveland Rams,@,Chi/Pit Cards/Steelers,boxscore,33,6,331,2,210,5
3,7,Sun,1963-10-27,W,New York Giants,@,Cleveland Browns,boxscore,33,6,387,1,142,3
4,2,Sun,1973-09-23,W,Pittsburgh Steelers,,Cleveland Browns,boxscore,33,6,369,1,208,3
5,14,Sun,1973-12-16,W,Kansas City Chiefs,,San Diego Chargers,boxscore,33,6,240,0,203,6
6,11,Sun,1974-11-24,W,Cincinnati Bengals,,Kansas City Chiefs,boxscore,33,6,438,1,174,0
7,6,Mon,1991-10-07,W,Kansas City Chiefs,,Buffalo Bills,boxscore,33,6,389,2,211,5
8,9,Mon,1994-10-31,W,Green Bay Packers,@,Chicago Bears,boxscore,33,6,305,0,253,5
9,7,Sun,1997-10-12,W,New England Patriots,,Buffalo Bills,boxscore,33,6,310,1,242,4
10,14,Sun,2000-12-03,W,Miami Dolphins,@,Buffalo Bills,boxscore,33,6,333,1,196,3
11,7,Sun,2007-10-21,W,Seattle Seahawks,,St. Louis Rams,boxscore,33,6,289,1,221,5
12,7,Sun,2020-10-25,W,San Francisco 49ers,@,New England Patriots,boxscore,33,6,467,2,241,4
1,11,Sun,1936-11-22,W,Boston Redskins,,Brooklyn Dodgers,boxscore,30,6,0,0,0,0
2,9,Sun,1945-11-18,W,Philadelphia Eagles,,Pittsburgh Steelers,boxscore,30,6,277,3,194,2
3,7,Sun,1954-11-07,W,New York Giants,@,Pittsburgh Steelers,boxscore,30,6,382,3,311,8
4,7,Sun,1956-11-11,W,Los Angeles Rams,,San Francisco 49ers,boxscore,30,6,398,3,264,5
5,1,Sat,1964-09-12,W,New York Jets,,Denver Broncos,boxscore,30,6,247,0,192,5
6,7,Sun,1979-10-14,W,Dallas Cowboys,,Los Angeles Rams,boxscore,30,6,403,1,158,3
7,6,Sun,1986-10-12,W,Dallas Cowboys,,Washington Redskins,boxscore,30,6,424,2,184,3
8,15,Sun,1992-12-13,W,Chicago Bears,,Pittsburgh Steelers,boxscore,30,6,283,0,140,4
9,8,Sun,2009-11-01,W,Chicago Bears,,Cleveland Browns,boxscore,30,6,369,1,191,5
10,5,Sun,2015-10-11,W,New England Patriots,@,Dallas Cowboys,boxscore,30,6,356,0,289,2
11,17,Sun,2016-01-03,W,Houston Texans,,Jacksonville Jaguars,boxscore,30,6,402,1,215,4
12,7,Thu,2019-10-17,W,Kansas City Chiefs,@,Denver Broncos,boxscore,30,6,271,0,205,1
1,6,Fri,1949-09-30,W,San Francisco 49ers,@,Chicago Hornets,boxscore,42,24,483,2,365,5
2,11,Sun,1962-11-25,W,New York Giants,@,Washington Redskins,boxscore,42,24,405,6,316,4
3,11,Sun,1973-11-25,W,Cincinnati Bengals,,St. Louis Cardinals,boxscore,42,24,366,1,355,3
4,3,Sun,1977-10-02,W,New Orleans Saints,@,Chicago Bears,boxscore,42,24,314,0,415,3
5,4,Sun,1981-09-27,W,Denver Broncos,,San Diego Chargers,boxscore,42,24,453,3,349,5
6,Wild Card,Sun,1994-01-09,W,Los Angeles Raiders,,Denver Broncos,boxscore,42,24,427,0,387,1
7,13,Sun,2001-12-09,W,Minnesota Vikings,,Tennessee Titans,boxscore,42,24,496,1,453,2
8,1,Sun,2003-09-07,W,Detroit Lions,,Arizona Cardinals,boxscore,42,24,261,0,434,3
9,12,Sun,2010-11-28,W,Kansas City Chiefs,@,Seattle Seahawks,boxscore,42,24,503,1,288,3
10,6,Sun,2012-10-14,W,Green Bay Packers,@,Houston Texans,boxscore,42,24,427,0,321,3
11,11,Sun,2016-11-20,W,Washington Redskins,,Green Bay Packers,boxscore,42,24,515,0,424,2
12,7,Sun,2019-10-20,W,Green Bay Packers,,Oakland Raiders,boxscore,42,24,481,0,484,2
1,13,Sun,1968-12-08,W,Philadelphia Eagles,,New Orleans Saints,boxscore,29,17,318,2,311,1
2,8,Sun,1972-11-05,W,New York Giants,,Denver Broncos,boxscore,29,17,316,1,330,3
3,12,Sun,1978-11-19,W,Oakland Raiders,,Detroit Lions,boxscore,29,17,280,1,328,4
4,7,Sun,1981-10-18,W,Dallas Cowboys,,Los Angeles Rams,boxscore,29,17,496,3,374,3
5,8,Sun,2003-10-26,W,New York Giants,@,Minnesota Vikings,boxscore,29,17,450,1,359,2
6,Super Bowl,Sun,2007-02-04,W,Indianapolis Colts,N,Chicago Bears,boxscore,29,17,430,3,265,5
7,7,Sun,2008-10-19,W,New York Giants,,San Francisco 49ers,boxscore,29,17,273,0,253,3
8,10,Sun,2010-11-14,W,Miami Dolphins,,Tennessee Titans,boxscore,29,17,404,1,259,3
9,15,Sun,2012-12-16,W,Houston Texans,,Indianapolis Colts,boxscore,29,17,417,0,272,1
10,3,Sun,2016-09-25,W,Denver Broncos,@,Cincinnati Bengals,boxscore,29,17,355,1,332,2
11,3,Thu,2022-09-22,W,Cleveland Browns,,Pittsburgh Steelers,boxscore,29,17,376,0,308,1
12,9,Thu,2022-11-03,W,Philadelphia Eagles,@,Houston Texans,boxscore,29,17,360,1,303,2
1,4,Sun,1946-10-13,W,Chicago Cardinals,@,Detroit Lions,boxscore,36,14,394,4,158,3
2,4,Sun,1948-09-19,W,San Francisco 49ers,,Los Angeles Dons,boxscore,36,14,508,1,184,1
3,12,Sun,1959-12-13,W,Green Bay Packers,@,San Francisco 49ers,boxscore,36,14,479,1,279,3
4,5,Sun,1962-10-14,W,Baltimore Colts,@,Cleveland Browns,boxscore,36,14,390,1,236,5
5,3,Sun,1966-09-25,W,Baltimore Colts,,San Francisco 49ers,boxscore,36,14,379,2,250,1
6,12,Sun,1974-12-01,W,Philadelphia Eagles,,Green Bay Packers,boxscore,36,14,214,1,302,6
7,5,Sun,1990-10-07,W,Pittsburgh Steelers,,San Diego Chargers,boxscore,36,14,374,1,188,3
8,16,Sun,1992-12-20,W,San Diego Chargers,@,Los Angeles Raiders,boxscore,36,14,332,0,167,3
9,5,Sun,1993-10-03,W,Dallas Cowboys,,Green Bay Packers,boxscore,36,14,395,0,214,0
10,12,Sun,2007-11-25,W,Jacksonville Jaguars,,Buffalo Bills,boxscore,36,14,416,1,297,3
11,12,Sun,2010-11-28,W,San Diego Chargers,@,Indianapolis Colts,boxscore,36,14,301,0,303,5
12,10,Sun,2012-11-11,W,Denver Broncos,@,Carolina Panthers,boxscore,36,14,360,2,250,2
1,4,Sun,1954-10-17,W,Philadelphia Eagles,@,Washington Redskins,boxscore,49,21,432,2,115,7
2,12,Sun,1956-12-16,W,Los Angeles Rams,,Green Bay Packers,boxscore,49,21,611,2,355,2
3,8,Sun,1958-11-16,W,Philadelphia Eagles,,Chicago Cardinals,boxscore,49,21,514,4,321,2
4,1,Sun,1959-09-27,W,Chicago Cardinals,,Washington Redskins,boxscore,49,21,569,1,419,5
5,2,Sun,1959-10-04,W,Philadelphia Eagles,,New York Giants,boxscore,49,21,299,0,333,5
6,14,Sun,1961-12-10,W,Dallas Texans,,Denver Broncos,boxscore,49,21,413,3,219,5
7,7,Sun,1971-10-31,W,San Diego Chargers,,New York Jets,boxscore,49,21,523,2,263,4
8,1,Sun,2002-09-08,W,Miami Dolphins,,Detroit Lions,boxscore,49,21,389,0,257,2
9,10,Mon,2004-11-15,W,Philadelphia Eagles,@,Dallas Cowboys,boxscore,49,21,485,0,317,3
10,8,Sun,2005-10-30,W,Denver Broncos,,Philadelphia Eagles,boxscore,49,21,564,0,351,2
11,17,Sun,2012-01-01,W,New England Patriots,,Buffalo Bills,boxscore,49,21,480,1,402,4
12,12,Sun,2016-11-27,W,New Orleans Saints,,Los Angeles Rams,boxscore,49,21,555,1,247,2
1,11,Sun,1967-11-12,W,Kansas City Chiefs,@,Boston Patriots,boxscore,33,10,297,3,318,5
2,7,Sun,1978-10-15,W,New York Jets,@,Baltimore Colts,boxscore,33,10,403,0,360,5
3,Division,Sat,1978-12-30,W,Pittsburgh Steelers,,Denver Broncos,boxscore,33,10,425,2,218,2
4,14,Sun,1984-12-02,W,St. Louis Cardinals,@,New England Patriots,boxscore,33,10,305,1,223,3
5,13,Mon,1991-11-25,W,San Francisco 49ers,@,Los Angeles Rams,boxscore,33,10,387,1,320,2
6,5,Sun,2005-10-09,W,Dallas Cowboys,,Philadelphia Eagles,boxscore,33,10,456,1,129,0
7,13,Sun,2008-11-30,W,Pittsburgh Steelers,@,New England Patriots,boxscore,33,10,333,1,267,5
8,10,Sun,2013-11-10,W,Seattle Seahawks,@,Atlanta Falcons,boxscore,33,10,490,0,226,1
9,13,Thu,2014-11-27,W,Philadelphia Eagles,@,Dallas Cowboys,boxscore,33,10,464,1,267,3
10,16,Sun,2016-12-25,W,Kansas City Chiefs,,Denver Broncos,boxscore,33,10,484,1,246,3
11,8,Sun,2017-10-29,W,Philadelphia Eagles,,San Francisco 49ers,boxscore,33,10,304,1,238,2
12,12,Sun,2021-11-28,W,Miami Dolphins,,Carolina Panthers,boxscore,33,10,315,1,198,3
1,7,Sun,1945-11-04,W,Philadelphia Eagles,@,Pittsburgh Steelers,boxscore,45,3,425,2,141,5
2,9,Fri,1963-11-01,W,Boston Patriots,,Houston Oilers,boxscore,45,3,311,1,206,8
3,7,Sun,1967-10-29,W,Detroit Lions,@,San Francisco 49ers,boxscore,45,3,391,2,173,6
4,13,Thu,1983-11-24,W,Detroit Lions,,Pittsburgh Steelers,boxscore,45,3,328,1,218,5
5,1,Sun,1985-09-08,W,Pittsburgh Steelers,,Indianapolis Colts,boxscore,45,3,445,1,159,2
6,12,Mon,1986-11-24,W,Miami Dolphins,,New York Jets,boxscore,45,3,514,0,280,4
7,3,Sun,1988-09-18,W,New York Jets,,Houston Oilers,boxscore,45,3,395,1,237,4
8,6,Sun,1988-10-09,W,Green Bay Packers,,New England Patriots,boxscore,45,3,399,0,267,5
9,14,Sun,1988-12-04,W,Minnesota Vikings,,New Orleans Saints,boxscore,45,3,426,1,233,3
10,10,Sun,1989-11-12,W,San Francisco 49ers,,Atlanta Falcons,boxscore,45,3,515,2,192,1
11,13,Mon,2010-12-06,W,New England Patriots,,New York Jets,boxscore,45,3,405,0,301,3
12,5,Sun,2012-10-07,W,San Francisco 49ers,,Buffalo Bills,boxscore,45,3,621,1,204,2
1,2,Sun,1948-09-05,W,San Francisco 49ers,,Brooklyn Dodgers,boxscore,36,20,485,1,242,2
2,12,Sun,1963-12-01,W,Baltimore Colts,@,Washington Redskins,boxscore,36,20,468,0,385,3
3,9,Sun,1972-11-12,W,Atlanta Falcons,,New Orleans Saints,boxscore,36,20,352,1,264,2
4,6,Sun,1979-10-07,W,Dallas Cowboys,@,Minnesota Vikings,boxscore,36,20,446,2,240,2
5,12,Sun,1980-11-23,W,Denver Broncos,,Seattle Seahawks,boxscore,36,20,276,3,220,5
6,2,Thu,1985-09-12,W,Kansas City Chiefs,,Los Angeles Raiders,boxscore,36,20,325,1,340,5
7,Wild Card,Sun,1993-01-03,W,Philadelphia Eagles,@,New Orleans Saints,boxscore,36,20,349,1,360,4
8,Division,Sat,2017-01-14,W,Atlanta Falcons,,Seattle Seahawks,boxscore,36,20,422,0,309,2
9,2,Sun,2017-09-17,W,New England Patriots,@,New Orleans Saints,boxscore,36,20,555,0,429,0
10,15,Sun,2019-12-15,W,New York Giants,,Miami Dolphins,boxscore,36,20,412,3,384,1
11,3,Sun,2020-09-27,W,New England Patriots,,Las Vegas Raiders,boxscore,36,20,406,1,375,3
1,4,Sun,1960-10-02,W,New York Titans,@,Dallas Texans,boxscore,37,35,404,1,442,2
2,4,Sun,1968-09-29,W,Buffalo Bills,,New York Jets,boxscore,37,35,197,2,427,6
3,6,Sun,1981-10-11,W,Los Angeles Rams,@,Atlanta Falcons,boxscore,37,35,252,2,349,3
4,5,Sun,1983-10-02,W,Washington Redskins,,Los Angeles Raiders,boxscore,37,35,459,1,431,6
5,12,Sun,1985-11-24,W,Houston Oilers,,San Diego Chargers,boxscore,37,35,415,2,439,5
6,16,Sun,1985-12-22,W,Philadelphia Eagles,@,Minnesota Vikings,boxscore,37,35,390,3,354,3
7,3,Sun,1986-09-21,W,Atlanta Falcons,@,Dallas Cowboys,boxscore,37,35,420,1,415,4
8,4,Sun,1997-09-21,W,Buffalo Bills,,Indianapolis Colts,boxscore,37,35,393,5,322,1
9,8,Sun,2002-10-27,W,Atlanta Falcons,@,New Orleans Saints,boxscore,37,35,446,2,351,3
10,16,Sun,2014-12-21,W,Miami Dolphins,,Minnesota Vikings,boxscore,37,35,493,2,357,1
11,17,Sun,2021-01-03,W,Minnesota Vikings,@,Detroit Lions,boxscore,37,35,508,0,417,2
1,14,Sun,1994-12-04,W,New Orleans Saints,@,Los Angeles Rams,boxscore,31,15,328,1,333,4
2,15,Sun,1996-12-08,W,Atlanta Falcons,@,New Orleans Saints,boxscore,31,15,304,3,251,2
3,17,Sun,1997-12-21,W,Tampa Bay Buccaneers,,Chicago Bears,boxscore,31,15,269,1,194,3
4,10,Sun,2000-11-05,W,New Orleans Saints,,San Francisco 49ers,boxscore,31,15,360,0,346,2
5,12,Sun,2001-12-02,W,Tennessee Titans,@,Cleveland Browns,boxscore,31,15,383,0,282,3
6,3,Sun,2006-09-24,W,Washington Redskins,@,Houston Texans,boxscore,31,15,495,1,261,2
7,15,Sat,2011-12-17,W,Dallas Cowboys,@,Tampa Bay Buccaneers,boxscore,31,15,399,1,190,1
8,15,Mon,2014-12-15,W,New Orleans Saints,@,Chicago Bears,boxscore,31,15,443,1,278,3
9,3,Mon,2019-09-23,W,Chicago Bears,@,Washington Redskins,boxscore,31,15,298,1,356,5
10,16,Sun,2019-12-22,W,Baltimore Ravens,@,Cleveland Browns,boxscore,31,15,481,1,241,1
11,Wild Card,Sun,2022-01-16,W,Tampa Bay Buccaneers,,Philadelphia Eagles,boxscore,31,15,349,0,339,3
1,12,Mon,1973-12-03,W,Miami Dolphins,,Pittsburgh Steelers,boxscore,30,26,189,2,268,6
2,4,Sun,1985-09-29,W,Miami Dolphins,@,Denver Broncos,boxscore,30,26,418,1,395,2
3,6,Sun,1985-10-13,W,Seattle Seahawks,,Atlanta Falcons,boxscore,30,26,421,3,350,1
4,11,Mon,1987-11-23,W,Los Angeles Rams,@,Washington Redskins,boxscore,30,26,234,1,343,2
5,2,Sun,2001-09-23,W,St. Louis Rams,@,San Francisco 49ers,boxscore,30,26,425,3,232,1
6,16,Sun,2001-12-30,W,Kansas City Chiefs,@,Jacksonville Jaguars,boxscore,30,26,365,4,431,3
7,9,Mon,2003-11-03,W,New England Patriots,@,Denver Broncos,boxscore,30,26,419,2,277,1
8,17,Sun,2006-01-01,W,New York Jets,,Buffalo Bills,boxscore,30,26,207,0,331,4
9,3,Sun,2017-09-24,W,Atlanta Falcons,@,Detroit Lions,boxscore,30,26,428,3,324,0
10,3,Sun,2020-09-27,W,Chicago Bears,@,Atlanta Falcons,boxscore,30,26,437,2,371,1
11,6,Sun,2022-10-16,W,Cincinnati Bengals,@,New Orleans Saints,boxscore,30,26,348,1,399,0
1,10,Sun,1952-11-30,W,Chicago Cardinals,,Philadelphia Eagles,boxscore,28,22,178,2,354,4
2,14,Sun,1966-12-04,W,San Diego Chargers,@,Houston Oilers,boxscore,28,22,378,3,395,2
3,1,Sun,1979-09-02,W,Minnesota Vikings,,San Francisco 49ers,boxscore,28,22,397,2,352,2
4,2,Sun,1997-09-07,W,Buffalo Bills,@,New York Jets,boxscore,28,22,269,3,202,2
5,8,Sun,2006-10-29,W,Tennessee Titans,,Houston Texans,boxscore,28,22,197,0,427,5
6,Conf. Champ,Sun,2015-01-18,W,Seattle Seahawks,,Green Bay Packers,boxscore,28,22,397,5,306,2
7,13,Sun,2019-12-01,W,Houston Texans,,New England Patriots,boxscore,28,22,276,0,448,1
8,17,Sun,2019-12-29,W,Atlanta Falcons,@,Tampa Bay Buccaneers,boxscore,28,22,373,1,329,3
9,8,Sun,2020-11-01,W,Minnesota Vikings,@,Green Bay Packers,boxscore,28,22,324,0,400,1
10,6,Thu,2021-10-14,W,Tampa Bay Buccaneers,@,Philadelphia Eagles,boxscore,28,22,399,1,213,1
11,1,Sun,2022-09-11,W,Washington Commanders,,Jacksonville Jaguars,boxscore,28,22,390,3,383,1
1,6,Sun,1926-10-24,W,Detroit Panthers,,Akron Indians,boxscore,25,0,0,0,0,0
2,8,Tue,1927-11-08,W,New York Giants,,Providence Steam Roller,boxscore,25,0,0,0,0,0
3,11,Sun,1929-12-01,W,Green Bay Packers,@,Providence Steam Roller,boxscore,25,0,0,0,0,0
4,12,Sun,1929-12-08,W,Green Bay Packers,@,Chicago Bears,boxscore,25,0,0,0,0,0
5,7,Sun,1930-10-26,W,New York Giants,,Providence Steam Roller,boxscore,25,0,0,0,0,0
6,5,Wed,1933-10-18,W,Portsmouth Spartans,@,Philadelphia Eagles,boxscore,25,0,0,0,0,0
7,11,Sun,1947-11-09,W,Buffalo Bills,,Los Angeles Dons,boxscore,25,0,90,0,180,0
8,6,Sun,1975-10-26,W,Oakland Raiders,,San Diego Chargers,boxscore,25,0,354,1,157,1
9,13,Sun,1981-11-29,W,New York Jets,,Baltimore Colts,boxscore,25,0,300,0,152,1
10,2,Sun,2002-09-15,W,Tampa Bay Buccaneers,@,Baltimore Ravens,boxscore,25,0,279,0,173,1
11,11,Thu,2021-11-18,W,New England Patriots,@,Atlanta Falcons,boxscore,25,0,308,1,165,4
1,2,Sun,1961-09-17,W,Buffalo Bills,,New York Titans,boxscore,41,31,288,3,316,4
2,10,Sun,1961-11-19,W,San Francisco 49ers,,Chicago Bears,boxscore,41,31,536,0,428,4
3,14,Sun,1962-12-16,W,New York Giants,,Dallas Cowboys,boxscore,41,31,471,4,378,4
4,9,Sun,1983-10-30,W,St. Louis Cardinals,,Minnesota Vikings,boxscore,41,31,420,2,348,3
5,1,Sun,1986-09-07,W,Chicago Bears,,Cleveland Browns,boxscore,41,31,367,1,349,1
6,4,Sun,1992-09-27,W,Chicago Bears,,Atlanta Falcons,boxscore,41,31,489,0,348,1
7,15,Sun,1995-12-10,W,Indianapolis Colts,@,Jacksonville Jaguars,boxscore,41,31,219,0,424,2
8,13,Sun,1996-11-24,W,Cincinnati Bengals,,Atlanta Falcons,boxscore,41,31,463,0,417,4
9,9,Sun,1998-11-01,W,Tennessee Oilers,@,Pittsburgh Steelers,boxscore,41,31,321,0,401,3
10,6,Sun,2007-10-14,W,Cleveland Browns,,Miami Dolphins,boxscore,41,31,384,1,356,2
11,4,Sun,2022-10-02,W,Kansas City Chiefs,@,Tampa Bay Buccaneers,boxscore,41,31,417,1,376,2
1,5,Sun,1964-10-11,W,Buffalo Bills,@,Houston Oilers,boxscore,48,17,565,5,137,2
2,4,Sun,1976-10-03,W,New England Patriots,,Oakland Raiders,boxscore,48,17,468,1,321,4
3,7,Mon,1981-10-19,W,Detroit Lions,,Chicago Bears,boxscore,48,17,485,1,449,4
4,2,Thu,1983-09-08,W,San Francisco 49ers,@,Minnesota Vikings,boxscore,48,17,413,1,340,6
5,16,Sun,1983-12-18,W,Kansas City Chiefs,,Denver Broncos,boxscore,48,17,359,1,258,5
6,6,Sun,1990-10-14,W,Houston Oilers,,Cincinnati Bengals,boxscore,48,17,514,2,251,4
7,4,Sun,1995-09-24,W,Oakland Raiders,,Philadelphia Eagles,boxscore,48,17,439,4,236,5
8,9,Sun,2001-11-11,W,Philadelphia Eagles,,Minnesota Vikings,boxscore,48,17,487,1,301,4
9,13,Sun,2003-11-30,W,St. Louis Rams,,Minnesota Vikings,boxscore,48,17,396,1,465,3
10,6,Sun,2014-10-12,W,Baltimore Ravens,@,Tampa Bay Buccaneers,boxscore,48,17,475,1,364,1
11,1,Mon,2018-09-10,W,New York Jets,@,Detroit Lions,boxscore,48,17,349,2,339,5
1,2,Sun,1947-09-28,W,Green Bay Packers,,Chicago Bears,boxscore,29,20,337,2,314,6
2,3,Sun,1957-10-13,W,Pittsburgh Steelers,,Chicago Cardinals,boxscore,29,20,231,4,315,5
3,3,Sun,1962-09-30,W,Detroit Lions,@,Baltimore Colts,boxscore,29,20,416,4,258,4
4,4,Sun,1966-09-25,W,San Diego Chargers,@,Oakland Raiders,boxscore,29,20,276,2,262,4
5,12,Thu,1968-11-28,W,Dallas Cowboys,,Washington Redskins,boxscore,29,20,285,1,248,5
6,15,Sun,1979-12-09,W,St. Louis Cardinals,,New York Giants,boxscore,29,20,406,2,257,5
7,5,Sun,1985-10-06,W,New York Jets,@,Cincinnati Bengals,boxscore,29,20,255,1,301,1
8,12,Sun,1994-11-20,W,Buffalo Bills,,Green Bay Packers,boxscore,29,20,455,1,266,1
9,15,Sun,1994-12-11,W,New Orleans Saints,@,Atlanta Falcons,boxscore,29,20,402,0,376,1
10,5,Mon,2010-10-11,W,New York Jets,,Minnesota Vikings,boxscore,29,20,328,0,336,3
11,4,Mon,2017-10-02,W,Kansas City Chiefs,,Washington Redskins,boxscore,29,20,429,0,331,1
1,5,Sun,1966-10-09,W,Washington Redskins,,Atlanta Falcons,boxscore,33,20,432,0,268,2
2,1,Sun,1978-09-03,W,New York Jets,,Miami Dolphins,boxscore,33,20,380,1,329,2
3,5,Sun,1990-10-07,W,Seattle Seahawks,@,New England Patriots,boxscore,33,20,338,2,274,5
4,14,Sun,1998-12-06,W,Buffalo Bills,@,Cincinnati Bengals,boxscore,33,20,448,3,234,1
5,12,Mon,2000-11-20,W,Washington Redskins,@,St. Louis Rams,boxscore,33,20,400,1,394,3
6,12,Sun,2003-11-23,W,Philadelphia Eagles,,New Orleans Saints,boxscore,33,20,448,0,466,3
7,2,Sun,2009-09-20,W,Buffalo Bills,,Tampa Bay Buccaneers,boxscore,33,20,438,2,353,2
8,10,Sun,2010-11-14,W,Dallas Cowboys,@,New York Giants,boxscore,33,20,427,1,480,3
9,7,Sun,2011-10-23,W,Carolina Panthers,,Washington Redskins,boxscore,33,20,407,0,353,3
10,1,Sun,2014-09-07,W,Miami Dolphins,,New England Patriots,boxscore,33,20,360,3,315,2
11,14,Sun,2015-12-13,W,Pittsburgh Steelers,@,Cincinnati Bengals,boxscore,33,20,354,1,385,3
1,8,Sun,1995-10-22,W,Chicago Bears,,Houston Oilers,boxscore,35,32,480,3,327,3
2,17,Sun,1997-12-21,W,Washington Redskins,,Philadelphia Eagles,boxscore,35,32,221,2,401,3
3,2,Mon,2003-09-15,W,Dallas Cowboys,@,New York Giants,boxscore,35,32,403,1,309,3
4,2,Sun,2010-09-19,W,Philadelphia Eagles,@,Detroit Lions,boxscore,35,32,410,0,444,2
5,13,Sun,2011-12-04,W,Denver Broncos,@,Minnesota Vikings,boxscore,35,32,336,2,489,3
6,13,Sun,2014-11-30,W,New Orleans Saints,@,Pittsburgh Steelers,boxscore,35,32,393,0,538,2
7,12,Sun,2016-11-27,W,Oakland Raiders,,Carolina Panthers,boxscore,35,32,366,2,358,2
8,10,Sun,2019-11-10,W,Tennessee Titans,,Kansas City Chiefs,boxscore,35,32,371,1,530,1
9,3,Sun,2020-09-27,W,Buffalo Bills,,Los Angeles Rams,boxscore,35,32,375,2,478,2
10,18,Sun,2022-01-09,W,Las Vegas Raiders,,Los Angeles Chargers,boxscore,35,32,346,0,440,2
11,9,Sun,2022-11-06,W,Miami Dolphins,@,Chicago Bears,boxscore,35,32,379,0,368,0
1,5,Sun,1924-10-26,W,Chicago Bears,,Frankford Yellow Jackets,boxscore,33,3,0,0,0,0
2,2,Sun,1958-10-05,W,Los Angeles Rams,@,San Francisco 49ers,boxscore,33,3,362,4,186,5
3,5,Sun,1972-10-15,W,Washington Redskins,@,St. Louis Cardinals,boxscore,33,3,390,3,151,4
4,6,Sun,1972-10-22,W,Pittsburgh Steelers,,New England Patriots,boxscore,33,3,426,1,276,4
5,6,Sun,1976-10-17,W,San Francisco 49ers,,New Orleans Saints,boxscore,33,3,309,2,95,3
6,9,Sun,1985-11-03,W,Seattle Seahawks,,Los Angeles Raiders,boxscore,33,3,234,1,282,5
7,1,Sun,1986-09-07,W,New England Patriots,,Indianapolis Colts,boxscore,33,3,373,0,284,3
8,15,Sun,2001-12-23,W,Jacksonville Jaguars,@,Minnesota Vikings,boxscore,33,3,423,0,214,2
9,8,Sun,2010-10-31,W,Oakland Raiders,,Seattle Seahawks,boxscore,33,3,545,0,164,1
10,11,Sun,2015-11-22,W,Kansas City Chiefs,@,San Diego Chargers,boxscore,33,3,385,0,201,2
11,1,Sun,2019-09-08,W,New England Patriots,,Pittsburgh Steelers,boxscore,33,3,465,0,308,1
1,8,Sun,1965-11-07,W,Cleveland Browns,,Philadelphia Eagles,boxscore,38,34,369,3,582,2
2,3,Sun,1967-10-01,W,Washington Redskins,,New York Giants,boxscore,38,34,405,2,520,3
3,7,Sun,1967-10-29,W,New York Giants,,Cleveland Browns,boxscore,38,34,386,2,369,4
4,7,Sun,1969-11-02,W,Green Bay Packers,@,Pittsburgh Steelers,boxscore,38,34,318,5,346,4
5,10,Mon,1980-11-10,W,Houston Oilers,,New England Patriots,boxscore,38,34,390,1,473,2
6,16,Sun,1985-12-22,W,Kansas City Chiefs,,San Diego Chargers,boxscore,38,34,436,1,532,3
7,13,Sun,1988-11-27,W,New York Jets,,Miami Dolphins,boxscore,38,34,597,2,440,1
8,14,Sun,1988-12-04,W,Kansas City Chiefs,,New York Jets,boxscore,38,34,430,2,371,2
9,13,Sun,2003-11-30,W,New England Patriots,@,Indianapolis Colts,boxscore,38,34,282,3,370,2
10,Conf. Champ,Sun,2007-01-21,W,Indianapolis Colts,,New England Patriots,boxscore,38,34,455,1,319,1
11,16,Sun,2010-12-26,W,Chicago Bears,,New York Jets,boxscore,38,34,322,1,393,2
1,4,Sun,1973-10-07,W,Minnesota Vikings,@,Detroit Lions,boxscore,23,9,326,3,245,4
2,5,Sun,1988-10-02,W,Cleveland Browns,@,Pittsburgh Steelers,boxscore,23,9,299,1,183,5
3,17,Sun,1991-12-22,W,Seattle Seahawks,,Los Angeles Rams,boxscore,23,9,253,3,227,3
4,12,Sun,1993-11-21,W,Buffalo Bills,,Indianapolis Colts,boxscore,23,9,403,2,365,2
5,7,Sun,1995-10-15,W,Dallas Cowboys,@,San Diego Chargers,boxscore,23,9,320,1,333,4
6,14,Sun,1998-12-06,W,New England Patriots,@,Pittsburgh Steelers,boxscore,23,9,377,3,249,3
7,4,Sun,2001-10-07,W,New York Giants,,Washington Redskins,boxscore,23,9,309,4,181,5
8,3,Sun,2004-09-26,W,Baltimore Ravens,@,Cincinnati Bengals,boxscore,23,9,380,2,398,4
9,16,Sun,2009-12-27,W,Cleveland Browns,,Oakland Raiders,boxscore,23,9,282,1,389,3
10,17,Sun,2018-12-30,W,Los Angeles Chargers,@,Denver Broncos,boxscore,23,9,276,4,370,4
11,8,Sun,2020-11-01,W,Philadelphia Eagles,,Dallas Cowboys,boxscore,23,9,222,4,265,2