Rk,Week,Day,Date,,Winner/tie,,Loser/tie,,PtsW,PtsL,YdsW,TOW,YdsL,TOL
1,13,Sun,1927-12-11,W,Chicago Bears,,Duluth Eskimos,boxscore,27,14,0,0,0,0
2,8,Sun,1934-10-28,W,Chicago Bears,,Green Bay Packers,boxscore,27,14,0,0,0,0
3,1,Sun,1937-09-05,W,Pittsburgh Pirates,,Philadelphia Eagles,boxscore,27,14,0,0,0,0
4,1,Sun,1938-09-11,W,New York Giants,@,Pittsburgh Pirates,boxscore,27,14,223,1,251,3
5,11,Sun,1939-11-19,W,Chicago Bears,,Philadelphia Eagles,boxscore,27,14,531,5,211,4
6,11,Sun,1943-11-28,W,Phi/Pit Eagles/Steelers,@,Washington Redskins,boxscore,27,14,390,3,269,2
7,4,Sun,1945-10-14,W,Cleveland Rams,@,Green Bay Packers,boxscore,27,14,289,5,232,6
8,1,Sun,1946-09-08,W,Brooklyn Dodgers,@,Buffalo Bisons,boxscore,27,14,297,2,304,3
9,9,Sat,1946-11-02,W,San Francisco 49ers,,Buffalo Bisons,boxscore,27,14,358,9,127,4
10,4,Thu,1948-09-16,W,Baltimore Colts,@,New York Yankees,boxscore,27,14,402,4,296,5
11,2,Mon,1949-10-03,W,Washington Redskins,@,Pittsburgh Steelers,boxscore,27,14,410,0,303,2
12,7,Sun,1949-11-06,W,Washington Redskins,,Pittsburgh Steelers,boxscore,27,14,383,3,319,2
13,8,Sun,1954-11-14,W,New York Giants,,Philadelphia Eagles,boxscore,27,14,405,2,242,5
14,7,Sun,1955-11-06,W,Los Angeles Rams,,San Francisco 49ers,boxscore,27,14,362,1,223,3
15,7,Sun,1957-11-10,W,New York Giants,,Chicago Cardinals,boxscore,27,14,373,1,181,3
16,5,Sun,1958-10-26,W,Chicago Bears,@,San Francisco 49ers,boxscore,27,14,348,1,319,3
17,4,Sun,1960-10-16,W,Pittsburgh Steelers,,St. Louis Cardinals,boxscore,27,14,237,0,295,6
18,6,Sun,1960-10-16,W,Oakland Raiders,,Boston Patriots,boxscore,27,14,399,5,279,7
19,12,Sun,1964-11-29,W,New York Jets,,Kansas City Chiefs,boxscore,27,14,217,1,419,4
20,6,Sat,1967-10-07,W,New York Jets,,Oakland Raiders,boxscore,27,14,297,3,210,4
21,6,Sun,1968-10-20,W,Los Angeles Rams,,Atlanta Falcons,boxscore,27,14,419,4,133,3
22,8,Sun,1968-11-03,W,Minnesota Vikings,,Washington Redskins,boxscore,27,14,317,3,133,4
23,14,Sun,1968-12-08,W,New York Jets,,Cincinnati Bengals,boxscore,27,14,371,2,158,1
24,3,Sun,1969-10-05,W,St. Louis Cardinals,@,Pittsburgh Steelers,boxscore,27,14,344,4,345,5
25,12,Sun,1969-11-30,W,Oakland Raiders,@,New York Jets,boxscore,27,14,404,1,238,2
26,14,Sun,1969-12-21,W,New York Giants,,Cleveland Browns,boxscore,27,14,388,0,351,3
27,1,Sun,1970-09-20,W,Boston Patriots,,Miami Dolphins,boxscore,27,14,301,1,214,3
28,8,Sun,1972-11-05,W,Kansas City Chiefs,,Oakland Raiders,boxscore,27,14,371,1,293,3
29,10,Sun,1972-11-19,W,Detroit Lions,,New Orleans Saints,boxscore,27,14,330,0,319,3
30,5,Sun,1974-10-13,W,Buffalo Bills,@,Baltimore Colts,boxscore,27,14,306,2,162,2
31,12,Sun,1974-12-01,W,New York Jets,,San Diego Chargers,boxscore,27,14,375,2,303,3
32,8,Sun,1975-11-09,W,Chicago Bears,,Green Bay Packers,boxscore,27,14,261,3,309,3
33,12,Thu,1976-11-25,W,Detroit Lions,,Buffalo Bills,boxscore,27,14,304,3,322,3
34,14,Sun,1976-12-12,W,Washington Redskins,@,Dallas Cowboys,boxscore,27,14,359,4,203,4
35,3,Sun,1978-09-17,W,Los Angeles Rams,,Dallas Cowboys,boxscore,27,14,317,2,319,5
36,3,Sun,1978-09-17,W,Denver Broncos,,San Diego Chargers,boxscore,27,14,314,0,315,2
37,2,Sun,1979-09-09,W,St. Louis Cardinals,@,New York Giants,boxscore,27,14,348,4,128,3
38,5,Mon,1979-10-01,W,Green Bay Packers,,New England Patriots,boxscore,27,14,317,2,401,6
39,1,Sun,1980-09-07,W,Oakland Raiders,@,Kansas City Chiefs,boxscore,27,14,376,0,276,3
40,15,Sun,1980-12-14,W,Detroit Lions,,Tampa Bay Buccaneers,boxscore,27,14,408,2,213,3
41,5,Sun,1981-10-04,W,Green Bay Packers,@,New York Giants,boxscore,27,14,363,1,262,2
42,10,Mon,1981-11-09,W,Dallas Cowboys,,Buffalo Bills,boxscore,27,14,398,3,365,5
43,3,Mon,1983-09-19,W,Los Angeles Raiders,,Miami Dolphins,boxscore,27,14,271,1,308,2
44,10,Mon,1984-11-05,W,Washington Redskins,,Atlanta Falcons,boxscore,27,14,255,2,272,3
45,14,Sun,1984-12-02,W,Green Bay Packers,,Tampa Bay Buccaneers,boxscore,27,14,311,4,275,6
46,6,Sun,1986-10-12,W,Miami Dolphins,,Buffalo Bills,boxscore,27,14,447,3,305,4
47,11,Sun,1986-11-16,W,Los Angeles Raiders,,Cleveland Browns,boxscore,27,14,323,1,217,2
48,3,Sun,1989-09-24,W,Pittsburgh Steelers,,Minnesota Vikings,boxscore,27,14,278,1,258,2
49,16,Sun,1990-12-23,W,Chicago Bears,,Tampa Bay Buccaneers,boxscore,27,14,368,3,209,3
50,3,Mon,1992-09-21,W,New York Giants,@,Chicago Bears,boxscore,27,14,386,1,274,2
51,13,Sun,1992-11-29,W,Cleveland Browns,,Chicago Bears,boxscore,27,14,178,0,320,4
52,17,Sun,1992-12-27,W,Dallas Cowboys,,Chicago Bears,boxscore,27,14,354,4,92,4
53,1,Sun,1993-09-05,W,Cleveland Browns,,Cincinnati Bengals,boxscore,27,14,263,0,227,3
54,12,Sun,1993-11-21,W,Atlanta Falcons,,Dallas Cowboys,boxscore,27,14,400,1,230,0
55,8,Mon,1995-10-23,W,New England Patriots,,Buffalo Bills,boxscore,27,14,423,1,301,3
56,2,Sun,1996-09-08,W,San Diego Chargers,,Cincinnati Bengals,boxscore,27,14,383,2,249,2
57,16,Sat,1996-12-14,W,Chicago Bears,,San Diego Chargers,boxscore,27,14,294,0,283,1
58,14,Thu,1997-11-27,W,Tennessee Oilers,@,Dallas Cowboys,boxscore,27,14,245,1,386,5
59,10,Sun,1998-11-08,W,Miami Dolphins,,Indianapolis Colts,boxscore,27,14,359,2,254,2
60,1,Sun,2000-09-03,W,Indianapolis Colts,@,Kansas City Chiefs,boxscore,27,14,386,2,280,1
61,3,Sun,2000-09-17,W,New York Jets,,Buffalo Bills,boxscore,27,14,279,1,354,4
62,10,Sun,2000-11-05,W,Tampa Bay Buccaneers,@,Atlanta Falcons,boxscore,27,14,267,2,283,4
63,8,Sun,2001-11-04,W,Washington Redskins,,Seattle Seahawks,boxscore,27,14,365,1,275,4
64,13,Sun,2001-12-09,W,St. Louis Rams,,San Francisco 49ers,boxscore,27,14,385,2,220,2
65,9,Sun,2002-11-03,W,St. Louis Rams,@,Arizona Cardinals,boxscore,27,14,415,2,235,3
66,1,Sun,2003-09-07,W,Kansas City Chiefs,,San Diego Chargers,boxscore,27,14,390,2,232,2
67,Division,Sun,2005-01-16,W,Philadelphia Eagles,,Minnesota Vikings,boxscore,27,14,395,1,385,2
68,6,Sun,2005-10-16,W,San Diego Chargers,@,Oakland Raiders,boxscore,27,14,346,0,310,1
69,7,Mon,2005-10-24,W,Atlanta Falcons,,New York Jets,boxscore,27,14,310,3,231,4
70,9,Sun,2005-11-06,W,Minnesota Vikings,,Detroit Lions,boxscore,27,14,285,1,289,3
71,6,Sun,2006-10-15,W,New York Giants,@,Atlanta Falcons,boxscore,27,14,424,2,329,2
72,8,Sun,2008-10-26,W,Philadelphia Eagles,,Atlanta Falcons,boxscore,27,14,432,1,335,3
73,6,Sun,2009-10-18,W,Pittsburgh Steelers,,Cleveland Browns,boxscore,27,14,543,4,197,4
74,13,Mon,2009-12-07,W,Green Bay Packers,,Baltimore Ravens,boxscore,27,14,350,3,185,4
75,11,Sun,2013-11-17,W,Arizona Cardinals,@,Jacksonville Jaguars,boxscore,27,14,416,0,274,2
76,7,Sun,2014-10-19,W,Miami Dolphins,@,Chicago Bears,boxscore,27,14,393,0,224,3
77,1,Sun,2015-09-13,W,Buffalo Bills,,Indianapolis Colts,boxscore,27,14,342,0,304,3
78,4,Sun,2015-10-04,W,New York Jets,@,Miami Dolphins,boxscore,27,14,425,1,226,2
79,Wild Card,Sat,2017-01-07,W,Houston Texans,,Oakland Raiders,boxscore,27,14,291,0,203,3
80,3,Sun,2018-09-23,W,Baltimore Ravens,,Denver Broncos,boxscore,27,14,342,0,293,1
81,16,Mon,2018-12-24,W,Oakland Raiders,,Denver Broncos,boxscore,27,14,273,0,300,2
82,8,Mon,2019-10-28,W,Pittsburgh Steelers,,Miami Dolphins,boxscore,27,14,394,1,230,4
83,13,Sun,2022-12-04,W,Cleveland Browns,@,Houston Texans,boxscore,27,14,304,2,283,4