Rk,Week,Day,Date,,Winner/tie,,Loser/tie,,PtsW,PtsL,YdsW,TOW,YdsL,TOL
1,12,Sun,1928-12-09,W,Detroit Wolverines,@,New York Yankees,boxscore,34,6,0,0,0,0
2,3,Sun,1945-10-07,W,New York Giants,@,Pittsburgh Steelers,boxscore,34,6,337,0,134,5
3,1,Sun,2002-09-08,W,San Diego Chargers,@,Cincinnati Bengals,boxscore,34,6,401,0,203,1
4,6,Sun,2006-10-15,W,Dallas Cowboys,,Houston Texans,boxscore,34,6,354,0,232,3
5,1,Sun,2014-09-07,W,Minnesota Vikings,@,St. Louis Rams,boxscore,34,6,355,0,318,2
6,16,Sun,2015-12-27,W,Houston Texans,@,Tennessee Titans,boxscore,34,6,330,1,257,4
7,15,Sun,2016-12-18,W,Indianapolis Colts,@,Minnesota Vikings,boxscore,34,6,411,0,282,3
8,16,Mon,2017-12-25,W,Pittsburgh Steelers,@,Houston Texans,boxscore,34,6,330,0,227,2
9,6,Sun,2021-10-17,W,Baltimore Ravens,,Los Angeles Chargers,boxscore,34,6,327,2,208,1
1,4,Sun,1920-10-17,W,Chicago Cardinals,,Moline Universal Tractors,boxscore,33,0,0,0,0,0
2,11,Thu,1928-11-29,W,Detroit Wolverines,,Dayton Triangles,boxscore,33,0,0,0,0,0
3,9,Sun,1950-11-12,W,Philadelphia Eagles,@,Washington Redskins,boxscore,33,0,474,3,127,9
4,1,Mon,1984-09-03,W,Seattle Seahawks,,Cleveland Browns,boxscore,33,0,307,3,120,5
5,9,Sun,1984-10-28,W,San Francisco 49ers,@,Los Angeles Rams,boxscore,33,0,472,2,206,5
6,14,Sun,1987-12-13,W,Los Angeles Rams,,Atlanta Falcons,boxscore,33,0,494,0,269,2
7,6,Sun,1988-10-09,W,Los Angeles Rams,@,Atlanta Falcons,boxscore,33,0,501,1,150,2
8,7,Sun,2017-10-22,W,Los Angeles Rams,,Arizona Cardinals,boxscore,33,0,425,1,196,2
9,7,Mon,2019-10-21,W,New England Patriots,@,New York Jets,boxscore,33,0,323,1,154,6
1,3,Mon,1975-10-06,W,Dallas Cowboys,@,Detroit Lions,boxscore,36,10,344,2,210,3
2,2,Mon,1981-09-14,W,Oakland Raiders,@,Minnesota Vikings,boxscore,36,10,310,1,269,3
3,4,Sun,1997-09-21,W,Baltimore Ravens,@,Tennessee Oilers,boxscore,36,10,398,0,285,5
4,4,Sun,2000-09-24,W,Oakland Raiders,,Cleveland Browns,boxscore,36,10,292,0,230,2
5,14,Sun,2003-12-07,W,Philadelphia Eagles,,Dallas Cowboys,boxscore,36,10,403,0,225,2
6,12,Sun,2009-11-29,W,Minnesota Vikings,,Chicago Bears,boxscore,36,10,537,1,169,3
7,10,Sun,2016-11-13,W,Tampa Bay Buccaneers,,Chicago Bears,boxscore,36,10,360,1,283,4
8,10,Sun,2020-11-15,W,Pittsburgh Steelers,,Cincinnati Bengals,boxscore,36,10,377,0,324,2
9,16,Sun,2021-12-26,W,Kansas City Chiefs,,Pittsburgh Steelers,boxscore,36,10,381,0,303,3
1,10,Sun,1998-11-08,W,San Francisco 49ers,,Carolina Panthers,boxscore,25,23,366,6,287,2
2,6,Sun,1999-10-17,W,Detroit Lions,,Minnesota Vikings,boxscore,25,23,299,1,327,5
3,13,Sun,2002-12-01,W,Pittsburgh Steelers,@,Jacksonville Jaguars,boxscore,25,23,403,1,226,0
4,10,Sun,2009-11-15,W,Miami Dolphins,,Tampa Bay Buccaneers,boxscore,25,23,374,2,301,2
5,10,Sun,2016-11-13,W,Denver Broncos,@,New Orleans Saints,boxscore,25,23,337,2,373,4
6,17,Sun,2017-01-01,W,Seattle Seahawks,@,San Francisco 49ers,boxscore,25,23,376,0,253,2
7,4,Sun,2017-10-01,W,Tampa Bay Buccaneers,,New York Giants,boxscore,25,23,434,0,379,0
8,15,Sun,2017-12-17,W,San Francisco 49ers,,Tennessee Titans,boxscore,25,23,414,0,328,1
9,8,Mon,2020-11-02,W,Tampa Bay Buccaneers,@,New York Giants,boxscore,25,23,344,1,357,2
1,3,Sun,1920-10-10,W,Decatur Staleys,,Kewanee Walworths,boxscore,25,7,0,0,0,0
2,7,Sat,1928-11-03,W,Frankford Yellow Jackets,,Detroit Wolverines,boxscore,25,7,0,0,0,0
3,12,Thu,1930-11-27,W,Green Bay Packers,@,Frankford Yellow Jackets,boxscore,25,7,0,0,0,0
4,9,Sun,1936-11-08,W,Chicago Bears,@,New York Giants,boxscore,25,7,249,0,226,6
5,6,Sun,1960-10-30,W,San Francisco 49ers,,Chicago Bears,boxscore,25,7,320,0,255,2
6,3,Sun,1961-10-01,W,Cleveland Browns,,Dallas Cowboys,boxscore,25,7,316,4,152,3
7,6,Sun,1979-10-07,W,Atlanta Falcons,,Green Bay Packers,boxscore,25,7,286,1,275,3
8,8,Sun,2002-10-27,W,Minnesota Vikings,,Chicago Bears,boxscore,25,7,364,1,218,3
1,8,Sun,1993-10-24,W,Atlanta Falcons,@,New Orleans Saints,boxscore,26,15,279,0,321,2
2,7,Sun,1995-10-15,W,Carolina Panthers,,New York Jets,boxscore,26,15,265,3,138,3
3,5,Sun,1997-09-28,W,Detroit Lions,,Green Bay Packers,boxscore,26,15,376,0,396,4
4,11,Sun,2016-11-20,W,Seattle Seahawks,,Philadelphia Eagles,boxscore,26,15,439,0,308,2
5,15,Mon,2016-12-19,W,Carolina Panthers,@,Washington Redskins,boxscore,26,15,438,0,335,3
6,14,Sun,2017-12-10,W,Kansas City Chiefs,,Oakland Raiders,boxscore,26,15,408,1,268,3
7,13,Thu,2019-11-28,W,Buffalo Bills,@,Dallas Cowboys,boxscore,26,15,356,0,426,2
8,14,Sun,2020-12-13,W,Buffalo Bills,,Pittsburgh Steelers,boxscore,26,15,334,2,224,2
1,6,Sun,1936-10-18,W,Green Bay Packers,,Detroit Lions,boxscore,20,18,0,0,0,0
2,11,Sun,1967-11-12,W,Houston Oilers,@,Denver Broncos,boxscore,20,18,386,3,222,1
3,4,Sun,1978-09-24,W,New Orleans Saints,@,Cincinnati Bengals,boxscore,20,18,254,2,283,1
4,13,Sun,1998-11-29,W,Seattle Seahawks,,Tennessee Oilers,boxscore,20,18,378,3,343,2
5,Division,Sat,1999-01-09,W,Atlanta Falcons,,San Francisco 49ers,boxscore,20,18,289,1,334,3
6,2,Sun,2012-09-16,W,Arizona Cardinals,@,New England Patriots,boxscore,20,18,242,2,387,1
7,Conf. Champ,Sun,2016-01-24,W,Denver Broncos,,New England Patriots,boxscore,20,18,244,1,336,2
8,6,Sun,2022-10-16,W,Pittsburgh Steelers,,Tampa Bay Buccaneers,boxscore,20,18,270,0,304,0
1,12,Sun,1976-11-28,W,Baltimore Colts,,New York Jets,boxscore,33,16,387,1,255,4
2,1,Sun,1979-09-02,W,San Diego Chargers,@,Seattle Seahawks,boxscore,33,16,356,1,334,6
3,3,Sun,2005-09-25,W,Minnesota Vikings,,New Orleans Saints,boxscore,33,16,420,0,296,4
4,15,Sun,2015-12-20,W,New England Patriots,,Tennessee Titans,boxscore,33,16,346,1,282,3
5,7,Sun,2016-10-23,W,Oakland Raiders,@,Jacksonville Jaguars,boxscore,33,16,344,0,344,3
6,16,Sat,2016-12-24,W,Atlanta Falcons,@,Carolina Panthers,boxscore,33,16,408,0,302,2
7,8,Sun,2017-10-29,W,Minnesota Vikings,@,Cleveland Browns,boxscore,33,16,375,1,276,2
8,2,Sun,2020-09-20,W,Baltimore Ravens,@,Houston Texans,boxscore,33,16,407,0,304,2
1,9,Sun,1957-11-24,W,Cleveland Browns,,Los Angeles Rams,boxscore,45,31,378,3,286,5
2,7,Sun,1958-11-09,W,Washington Redskins,,Chicago Cardinals,boxscore,45,31,500,0,384,4
3,7,Sun,1967-10-15,W,San Diego Chargers,,Kansas City Chiefs,boxscore,45,31,452,2,445,4
4,10,Sun,1975-11-23,W,Buffalo Bills,,New England Patriots,boxscore,45,31,416,1,498,5
5,9,Sun,1980-11-02,W,Los Angeles Rams,,New Orleans Saints,boxscore,45,31,486,3,322,4
6,4,Sun,1988-09-25,W,Los Angeles Rams,@,New York Giants,boxscore,45,31,369,1,363,3
7,3,Sun,2004-09-26,W,Indianapolis Colts,,Green Bay Packers,boxscore,45,31,453,0,459,2
8,Division,Sat,2013-01-12,W,San Francisco 49ers,,Green Bay Packers,boxscore,45,31,579,1,352,2
1,9,Sun,1957-11-24,W,Philadelphia Eagles,,Washington Redskins,boxscore,21,12,308,3,230,3
2,12,Sun,1958-12-14,W,San Francisco 49ers,,Baltimore Colts,boxscore,21,12,368,3,289,1
3,13,Sun,1972-12-10,W,Chicago Bears,@,Philadelphia Eagles,boxscore,21,12,250,4,230,4
4,4,Sun,1978-09-24,W,Dallas Cowboys,,St. Louis Cardinals,boxscore,21,12,389,2,310,0
5,9,Sun,1997-10-26,W,Carolina Panthers,,Atlanta Falcons,boxscore,21,12,228,3,301,3
6,Conf. Champ,Sun,2008-01-20,W,New England Patriots,,San Diego Chargers,boxscore,21,12,347,3,311,2
7,1,Sun,2017-09-10,W,Buffalo Bills,,New York Jets,boxscore,21,12,408,1,214,2
8,16,Sun,2017-12-24,W,Seattle Seahawks,@,Dallas Cowboys,boxscore,21,12,136,0,282,3
1,9,Sun,1961-11-05,W,Oakland Raiders,@,Buffalo Bills,boxscore,31,22,381,1,365,4
2,16,Sat,1983-12-17,W,Washington Redskins,,New York Giants,boxscore,31,22,283,4,385,4
3,10,Sun,1989-11-12,W,Detroit Lions,,Green Bay Packers,boxscore,31,22,128,2,432,4
4,16,Sun,1989-12-24,W,Pittsburgh Steelers,@,Tampa Bay Buccaneers,boxscore,31,22,316,3,321,1
5,10,Sun,1998-11-08,W,Tennessee Oilers,@,Tampa Bay Buccaneers,boxscore,31,22,353,1,397,1
6,12,Sun,2000-11-19,W,Oakland Raiders,@,New Orleans Saints,boxscore,31,22,293,1,333,1
7,5,Sun,2008-10-05,W,Dallas Cowboys,,Cincinnati Bengals,boxscore,31,22,373,2,269,2
8,11,Sun,2008-11-16,W,Carolina Panthers,,Detroit Lions,boxscore,31,22,366,1,316,4
1,9,Sun,1927-11-13,W,Chicago Bears,,Pottsville Maroons,boxscore,30,12,0,0,0,0
2,9,Sun,1942-11-08,W,Green Bay Packers,@,Cleveland Rams,boxscore,30,12,337,3,234,7
3,14,Sun,1994-12-04,W,Arizona Cardinals,@,Houston Oilers,boxscore,30,12,332,1,198,6
4,12,Sun,2008-11-23,W,Minnesota Vikings,@,Jacksonville Jaguars,boxscore,30,12,226,1,321,5
5,1,Sun,2011-09-11,W,Chicago Bears,,Atlanta Falcons,boxscore,30,12,377,1,386,3
6,9,Sun,2011-11-06,W,Houston Texans,,Cleveland Browns,boxscore,30,12,380,1,172,2
7,Wild Card,Sun,2017-01-08,W,Pittsburgh Steelers,,Miami Dolphins,boxscore,30,12,367,2,305,3
8,15,Sun,2021-12-19,W,Detroit Lions,,Arizona Cardinals,boxscore,30,12,338,1,398,1
1,12,Thu,1931-11-26,W,Chicago Bears,,Chicago Cardinals,boxscore,18,7,0,0,0,0
2,1,Sun,1950-09-17,W,New York Giants,@,Pittsburgh Steelers,boxscore,18,7,197,2,138,9
3,10,Sun,1967-11-05,W,Boston Patriots,,Houston Oilers,boxscore,18,7,345,1,200,1
4,5,Sat,1968-10-05,W,Kansas City Chiefs,@,Buffalo Bills,boxscore,18,7,353,2,251,5
5,1,Sun,1975-09-21,W,Dallas Cowboys,,Los Angeles Rams,boxscore,18,7,277,1,148,4
6,15,Sat,1994-12-10,W,Detroit Lions,@,New York Jets,boxscore,18,7,326,1,261,1
7,13,Sun,2001-12-09,W,Pittsburgh Steelers,,New York Jets,boxscore,18,7,345,0,220,0
8,17,Sun,2021-01-03,W,Los Angeles Rams,,Arizona Cardinals,boxscore,18,7,333,2,214,1
1,14,Sun,1937-12-05,W,Washington Redskins,@,New York Giants,boxscore,49,14,392,3,230,4
2,11,Sun,1941-11-16,W,New York Giants,,Cleveland Rams,boxscore,49,14,385,2,317,6
3,13,Sun,1941-11-30,W,Chicago Bears,@,Philadelphia Eagles,boxscore,49,14,523,2,272,7
4,5,Sun,1949-10-23,W,Philadelphia Eagles,,Washington Redskins,boxscore,49,14,519,2,294,4
5,11,Thu,1950-11-23,W,Detroit Lions,,New York Yanks,boxscore,49,14,591,3,441,6
6,5,Sun,1969-10-19,W,Dallas Cowboys,,Philadelphia Eagles,boxscore,49,14,447,1,180,3
7,7,Sun,1972-10-29,W,San Francisco 49ers,@,Atlanta Falcons,boxscore,49,14,348,3,152,4
8,10,Sun,2004-11-14,W,Indianapolis Colts,,Houston Texans,boxscore,49,14,398,2,302,4
1,11,Sun,1950-11-26,W,Green Bay Packers,,San Francisco 49ers,boxscore,25,21,304,5,281,3
2,6,Sun,1963-10-20,W,Baltimore Colts,@,Detroit Lions,boxscore,25,21,256,1,161,2
3,9,Sun,1968-11-03,W,New York Jets,,Buffalo Bills,boxscore,25,21,274,1,196,5
4,9,Sun,1973-11-11,W,Green Bay Packers,,St. Louis Cardinals,boxscore,25,21,305,1,258,1
5,12,Sun,1975-12-07,W,Chicago Bears,,Detroit Lions,boxscore,25,21,313,4,345,3
6,2,Sun,1983-09-11,W,Pittsburgh Steelers,@,Green Bay Packers,boxscore,25,21,471,0,363,1
7,13,Sun,1998-11-29,W,New England Patriots,,Buffalo Bills,boxscore,25,21,259,1,428,0
8,2,Sun,2013-09-15,W,Arizona Cardinals,,Detroit Lions,boxscore,25,21,348,1,322,1
1,8,Sun,1962-11-04,W,Baltimore Colts,@,San Francisco 49ers,boxscore,22,3,311,1,151,4
2,2,Sun,1980-09-14,W,Chicago Bears,,New Orleans Saints,boxscore,22,3,333,1,219,2
3,15,Sun,1980-12-14,W,Houston Oilers,@,Green Bay Packers,boxscore,22,3,371,2,337,5
4,9,Sun,1984-10-28,W,Dallas Cowboys,,Indianapolis Colts,boxscore,22,3,397,2,155,4
5,14,Sun,1998-12-06,W,New Orleans Saints,,Dallas Cowboys,boxscore,22,3,328,2,182,0
6,14,Sun,2004-12-12,W,Jacksonville Jaguars,,Chicago Bears,boxscore,22,3,332,1,210,2
7,16,Sat,2005-12-24,W,Denver Broncos,,Oakland Raiders,boxscore,22,3,414,1,248,2
8,6,Sun,2007-10-14,W,Baltimore Ravens,,St. Louis Rams,boxscore,22,3,248,2,264,6
1,4,Sun,1920-10-17,W,Dayton Triangles,,Hammond Pros,boxscore,44,0,0,0,0,0
2,1,Fri,1946-09-06,W,Cleveland Browns,,Miami Seahawks,boxscore,44,0,345,1,27,4
3,2,Sun,1961-09-17,W,San Diego Chargers,,Oakland Raiders,boxscore,44,0,386,0,106,6
4,12,Sun,1968-12-01,W,Baltimore Colts,,Atlanta Falcons,boxscore,44,0,386,1,143,6
5,7,Sun,1970-11-01,W,St. Louis Cardinals,,Houston Oilers,boxscore,44,0,454,0,160,3
6,9,Sun,1973-11-11,W,Miami Dolphins,,Baltimore Colts,boxscore,44,0,412,3,132,3
7,11,Sun,1985-11-17,W,Chicago Bears,@,Dallas Cowboys,boxscore,44,0,378,1,171,5
8,16,Sun,1995-12-17,W,Detroit Lions,,Jacksonville Jaguars,boxscore,44,0,386,0,235,5
1,1,Mon,1987-09-14,W,Chicago Bears,,New York Giants,boxscore,34,19,416,2,203,1
2,1,Sun,1987-09-13,W,Minnesota Vikings,,Detroit Lions,boxscore,34,19,353,3,272,2
3,3,Sun,1994-09-18,W,San Francisco 49ers,@,Los Angeles Rams,boxscore,34,19,454,1,278,1
4,17,Sat,1994-12-24,W,Green Bay Packers,@,Tampa Bay Buccaneers,boxscore,34,19,433,2,214,2
5,17,Sun,1996-12-22,W,Tampa Bay Buccaneers,,Chicago Bears,boxscore,34,19,181,0,339,2
6,Super Bowl,Sun,1999-01-31,W,Denver Broncos,N,Atlanta Falcons,boxscore,34,19,457,1,337,4
7,11,Sun,2010-11-21,W,New Orleans Saints,,Seattle Seahawks,boxscore,34,19,494,2,424,2
8,13,Sun,2011-12-04,W,New York Jets,@,Washington Redskins,boxscore,34,19,266,1,304,3
1,12,Sun,1953-12-13,W,Philadelphia Eagles,,Cleveland Browns,boxscore,42,27,459,1,339,3
2,6,Sun,1962-10-21,W,Dallas Cowboys,@,Pittsburgh Steelers,boxscore,42,27,402,3,373,4
3,13,Sun,1965-12-12,W,Green Bay Packers,@,Baltimore Colts,boxscore,42,27,366,3,264,3
4,15,Sun,1966-12-11,W,San Diego Chargers,,New York Jets,boxscore,42,27,425,1,335,4
5,3,Sun,1983-09-18,W,San Francisco 49ers,@,St. Louis Cardinals,boxscore,42,27,527,2,385,2
6,9,Sun,2004-11-07,W,Seattle Seahawks,@,San Francisco 49ers,boxscore,42,27,453,0,317,1
7,14,Mon,2006-12-11,W,Chicago Bears,@,St. Louis Rams,boxscore,42,27,372,0,433,1
8,1,Thu,2017-09-07,W,Kansas City Chiefs,@,New England Patriots,boxscore,42,27,537,1,371,0
1,7,Sun,1943-10-31,W,Washington Redskins,@,Brooklyn Dodgers,boxscore,48,10,462,4,234,2
2,15,Sat,1960-12-17,W,Oakland Raiders,,Denver Broncos,boxscore,48,10,532,2,206,5
3,8,Sun,1975-11-09,W,Oakland Raiders,,New Orleans Saints,boxscore,48,10,523,4,140,5
4,1,Sun,1987-09-13,W,Tampa Bay Buccaneers,,Atlanta Falcons,boxscore,48,10,460,2,197,3
5,13,Sun,1988-11-27,W,San Francisco 49ers,@,San Diego Chargers,boxscore,48,10,475,0,312,3
6,11,Sun,2005-11-20,W,San Diego Chargers,,Buffalo Bills,boxscore,48,10,478,0,202,2
7,16,Sun,2009-12-27,W,Green Bay Packers,,Seattle Seahawks,boxscore,48,10,417,0,291,4
8,4,Sun,2018-09-30,W,Chicago Bears,,Tampa Bay Buccaneers,boxscore,48,10,483,0,311,3
1,5,Sat,1940-10-05,W,Detroit Lions,,Chicago Cardinals,boxscore,43,14,243,5,145,10
2,5,Sat,1962-10-06,W,Boston Patriots,@,New York Titans,boxscore,43,14,355,0,373,4
3,8,Sun,1970-11-08,W,Cincinnati Bengals,@,Buffalo Bills,boxscore,43,14,320,0,377,6
4,7,Sun,1981-10-18,W,San Diego Chargers,@,Baltimore Colts,boxscore,43,14,470,1,264,3
5,2,Sun,1987-09-20,W,Seattle Seahawks,,Kansas City Chiefs,boxscore,43,14,360,0,182,5
6,4,Mon,2000-09-25,W,Indianapolis Colts,,Jacksonville Jaguars,boxscore,43,14,533,1,286,2
7,12,Sun,2009-11-29,W,San Diego Chargers,,Kansas City Chiefs,boxscore,43,14,426,1,284,4
8,4,Sun,2016-10-02,W,Pittsburgh Steelers,,Kansas City Chiefs,boxscore,43,14,436,0,357,2
1,10,Sun,1953-11-29,W,New York Giants,,Philadelphia Eagles,boxscore,37,28,307,0,383,7
2,1,Sun,1963-09-15,W,New York Giants,@,Baltimore Colts,boxscore,37,28,362,4,295,2
3,5,Sun,1963-10-13,W,Green Bay Packers,@,Minnesota Vikings,boxscore,37,28,435,6,338,5
4,15,Sun,1966-12-18,W,Philadelphia Eagles,@,Washington Redskins,boxscore,37,28,310,4,355,6
5,3,Mon,1977-10-03,W,Oakland Raiders,@,Kansas City Chiefs,boxscore,37,28,539,4,322,0
6,13,Mon,1987-12-07,W,Miami Dolphins,,New York Jets,boxscore,37,28,432,1,256,2
7,16,Mon,2014-12-22,W,Cincinnati Bengals,,Denver Broncos,boxscore,37,28,353,2,385,4
8,4,Thu,2020-10-01,W,Denver Broncos,@,New York Jets,boxscore,37,28,359,3,321,0
1,5,Sun,1930-10-12,W,Green Bay Packers,,Frankford Yellow Jackets,boxscore,27,12,0,0,0,0
2,3,Mon,1972-10-02,W,New York Giants,@,Philadelphia Eagles,boxscore,27,12,321,2,394,4
3,3,Sun,1979-09-16,W,Miami Dolphins,@,Minnesota Vikings,boxscore,27,12,319,3,243,4
4,3,Sun,1983-09-18,W,Washington Redskins,,Kansas City Chiefs,boxscore,27,12,333,2,330,3
5,13,Sun,1983-11-27,W,Los Angeles Raiders,,New York Giants,boxscore,27,12,381,0,341,3
6,3,Sun,2003-09-21,W,Tennessee Titans,,New Orleans Saints,boxscore,27,12,385,1,188,2
7,8,Sun,2012-10-28,W,Pittsburgh Steelers,,Washington Redskins,boxscore,27,12,355,0,255,0
8,3,Sun,2022-09-25,W,Cincinnati Bengals,@,New York Jets,boxscore,27,12,330,1,328,4
1,4,Sun,1961-10-01,W,New York Titans,,Boston Patriots,boxscore,37,30,353,3,239,2
2,3,Sun,1993-09-19,W,San Francisco 49ers,,Atlanta Falcons,boxscore,37,30,478,2,381,1
3,16,Mon,1995-12-18,W,San Francisco 49ers,,Minnesota Vikings,boxscore,37,30,467,4,264,0
4,4,Sun,1998-09-27,W,Green Bay Packers,@,Carolina Panthers,boxscore,37,30,487,4,230,1
5,13,Mon,2019-12-02,W,Seattle Seahawks,,Minnesota Vikings,boxscore,37,30,444,2,354,3
6,3,Sun,2020-09-27,W,Green Bay Packers,@,New Orleans Saints,boxscore,37,30,369,0,397,1
7,18,Sun,2022-01-09,W,Detroit Lions,,Green Bay Packers,boxscore,37,30,404,0,378,3
8,11,Sun,2022-11-20,W,Cincinnati Bengals,@,Pittsburgh Steelers,boxscore,37,30,408,2,351,0
1,5,Sun,1976-10-10,W,Cleveland Browns,,Pittsburgh Steelers,boxscore,18,16,326,2,196,3
2,7,Sun,1981-10-18,W,Oakland Raiders,,Tampa Bay Buccaneers,boxscore,18,16,370,3,356,3
3,5,Sun,2000-10-01,W,Indianapolis Colts,@,Buffalo Bills,boxscore,18,16,265,1,385,0
4,3,Mon,2011-09-26,W,Dallas Cowboys,,Washington Redskins,boxscore,18,16,375,2,298,2
5,15,Mon,2013-12-16,W,Baltimore Ravens,@,Detroit Lions,boxscore,18,16,305,0,349,3
6,10,Sun,2015-11-15,W,Detroit Lions,@,Green Bay Packers,boxscore,18,16,287,1,372,0
7,Wild Card,Sat,2016-01-09,W,Pittsburgh Steelers,@,Cincinnati Bengals,boxscore,18,16,369,2,279,4
8,Division,Sun,2017-01-15,W,Pittsburgh Steelers,@,Kansas City Chiefs,boxscore,18,16,389,1,227,2
1,6,Sun,1972-10-22,W,Los Angeles Rams,,Cincinnati Bengals,boxscore,15,12,149,3,283,2
2,11,Sun,1981-11-15,W,Cleveland Browns,@,San Francisco 49ers,boxscore,15,12,267,2,305,2
3,2,Sun,1997-09-07,W,San Francisco 49ers,@,St. Louis Rams,boxscore,15,12,228,4,203,4
4,9,Sun,2001-11-11,W,Pittsburgh Steelers,@,Cleveland Browns,boxscore,15,12,428,1,187,0
5,13,Sun,2001-12-09,W,Tampa Bay Buccaneers,,Detroit Lions,boxscore,15,12,356,2,253,1
6,3,Sun,2004-09-26,W,Jacksonville Jaguars,@,Tennessee Titans,boxscore,15,12,253,0,249,1
7,14,Sun,2012-12-09,W,St. Louis Rams,@,Buffalo Bills,boxscore,15,12,285,1,281,2
8,14,Sun,2015-12-13,W,Oakland Raiders,@,Denver Broncos,boxscore,15,12,126,0,310,2
1,3,Sun,1998-09-20,W,New York Jets,,Indianapolis Colts,boxscore,44,6,505,2,310,2
2,11,Sun,2003-11-16,W,Cleveland Browns,,Arizona Cardinals,boxscore,44,6,481,0,187,4
3,13,Sun,2003-11-30,W,Baltimore Ravens,,San Francisco 49ers,boxscore,44,6,282,2,264,4
4,5,Sun,2008-10-05,W,New York Giants,,Seattle Seahawks,boxscore,44,6,523,0,187,1
5,17,Sun,2008-12-28,W,Philadelphia Eagles,,Dallas Cowboys,boxscore,44,6,303,1,298,5
6,5,Sun,2010-10-10,W,Detroit Lions,,St. Louis Rams,boxscore,44,6,322,0,341,3
7,17,Sun,2017-01-01,W,Arizona Cardinals,@,Los Angeles Rams,boxscore,44,6,344,2,123,3
8,8,Sun,2021-10-31,W,Philadelphia Eagles,@,Detroit Lions,boxscore,44,6,350,0,228,1
1,2,Sun,2001-09-23,W,Miami Dolphins,,Oakland Raiders,boxscore,18,15,359,2,216,0
2,11,Sun,2004-11-21,W,Tennessee Titans,@,Jacksonville Jaguars,boxscore,18,15,295,2,274,2
3,2,Sun,2008-09-14,W,Indianapolis Colts,@,Minnesota Vikings,boxscore,18,15,321,2,299,1
4,9,Sun,2008-11-02,W,Indianapolis Colts,,New England Patriots,boxscore,18,15,301,0,342,2
5,11,Sun,2009-11-22,W,Jacksonville Jaguars,,Buffalo Bills,boxscore,18,15,310,2,343,3
6,7,Sun,2011-10-23,W,Denver Broncos,@,Miami Dolphins,boxscore,18,15,308,1,267,1
7,4,Sun,2017-10-01,W,Arizona Cardinals,,San Francisco 49ers,boxscore,18,15,368,1,305,1
8,8,Sun,2018-10-28,W,Arizona Cardinals,,San Francisco 49ers,boxscore,18,15,321,2,267,0
1,6,Sun,1939-10-15,W,Washington Redskins,,Pittsburgh Pirates,boxscore,44,14,395,0,260,4
2,4,Sun,1957-10-20,W,Chicago Cardinals,@,Washington Redskins,boxscore,44,14,438,1,337,5
3,13,Sun,1963-12-08,W,New York Giants,,Washington Redskins,boxscore,44,14,286,5,299,10
4,1,Mon,1981-09-07,W,San Diego Chargers,@,Cleveland Browns,boxscore,44,14,535,0,419,2
5,12,Sun,1983-11-20,W,St. Louis Cardinals,,San Diego Chargers,boxscore,44,14,378,2,315,6
6,1,Mon,1985-09-09,W,Dallas Cowboys,,Washington Redskins,boxscore,44,14,319,1,369,7
7,1,Mon,1994-09-05,W,San Francisco 49ers,,Los Angeles Raiders,boxscore,44,14,448,1,181,2
8,7,Sun,1998-10-18,W,Tennessee Oilers,,Cincinnati Bengals,boxscore,44,14,515,0,332,1
1,3,Sun,1949-10-09,W,New York Giants,@,Washington Redskins,boxscore,45,35,369,3,452,7
2,14,Sun,1962-12-16,W,St. Louis Cardinals,,Philadelphia Eagles,boxscore,45,35,589,2,498,4
3,15,Sun,1965-12-19,W,Kansas City Chiefs,,Denver Broncos,boxscore,45,35,362,0,399,0
4,8,Sun,1983-10-23,W,San Francisco 49ers,@,Los Angeles Rams,boxscore,45,35,460,2,441,3
5,6,Sun,1990-10-14,W,San Francisco 49ers,@,Atlanta Falcons,boxscore,45,35,492,2,394,2
6,8,Sun,2004-10-31,W,Kansas City Chiefs,,Indianapolis Colts,boxscore,45,35,590,2,505,1
7,1,Sun,2007-09-09,W,Dallas Cowboys,,New York Giants,boxscore,45,35,478,2,438,1
8,9,Sun,2018-11-04,W,New Orleans Saints,,Los Angeles Rams,boxscore,45,35,487,1,483,1
1,10,Sun,1966-11-13,W,Detroit Lions,@,Minnesota Vikings,boxscore,32,31,268,4,232,5
2,13,Sun,1981-11-29,W,Oakland Raiders,@,Seattle Seahawks,boxscore,32,31,337,4,383,1
3,11,Sun,1989-11-19,W,Tampa Bay Buccaneers,@,Chicago Bears,boxscore,32,31,390,0,377,4
4,14,Sun,1998-12-06,W,New York Jets,,Seattle Seahawks,boxscore,32,31,488,3,377,4
5,2,Sun,2000-09-10,W,Arizona Cardinals,,Dallas Cowboys,boxscore,32,31,322,1,330,2
6,15,Sun,2002-12-15,W,Minnesota Vikings,@,New Orleans Saints,boxscore,32,31,439,0,299,0
7,3,Sun,2019-09-22,W,New York Giants,@,Tampa Bay Buccaneers,boxscore,32,31,384,2,499,1
8,17,Sun,2021-01-03,W,Las Vegas Raiders,@,Denver Broncos,boxscore,32,31,465,4,446,0
1,4,Sun,1961-10-01,W,Oakland Raiders,,Denver Broncos,boxscore,33,19,256,0,275,3
2,1,Sun,1969-09-14,W,New York Jets,@,Buffalo Bills,boxscore,33,19,324,4,181,6
3,8,Sun,1975-11-09,W,New England Patriots,@,San Diego Chargers,boxscore,33,19,344,3,358,2
4,8,Sun,1978-10-22,W,Tampa Bay Buccaneers,,Chicago Bears,boxscore,33,19,319,1,323,3
5,Division,Sat,2002-01-19,W,Philadelphia Eagles,@,Chicago Bears,boxscore,33,19,336,1,184,4
6,9,Sun,2005-11-06,W,Seattle Seahawks,@,Arizona Cardinals,boxscore,33,19,370,0,378,4
7,4,Sun,2008-09-28,W,Kansas City Chiefs,,Denver Broncos,boxscore,33,19,370,1,446,4
8,8,Sun,2017-10-29,W,Dallas Cowboys,@,Washington Redskins,boxscore,33,19,307,1,285,3
1,5,Sun,1978-10-01,W,San Francisco 49ers,,Cincinnati Bengals,boxscore,28,12,179,2,322,8
2,4,Sun,1987-10-04,W,Pittsburgh Steelers,@,Atlanta Falcons,boxscore,28,12,361,3,215,4
3,15,Sun,1988-12-11,W,New York Giants,,Kansas City Chiefs,boxscore,28,12,244,1,258,1
4,8,Sun,1993-10-24,W,Houston Oilers,,Cincinnati Bengals,boxscore,28,12,369,2,338,2
5,17,Sun,2016-01-03,W,Pittsburgh Steelers,@,Cleveland Browns,boxscore,28,12,379,3,263,4
6,1,Sun,2019-09-08,W,Minnesota Vikings,,Atlanta Falcons,boxscore,28,12,269,0,345,3
7,14,Sun,2019-12-08,W,Los Angeles Rams,,Seattle Seahawks,boxscore,28,12,455,2,308,1
8,Division,Sat,2020-01-11,W,Tennessee Titans,@,Baltimore Ravens,boxscore,28,12,300,0,530,3
1,1,Sun,1922-10-01,W,Akron Pros,,Columbus Panhandles,boxscore,36,0,0,0,0,0
2,1,Sun,1922-10-01,W,Dayton Triangles,,Oorang Indians,boxscore,36,0,0,0,0,0
3,13,Sun,1938-12-04,W,New York Giants,,Washington Redskins,boxscore,36,0,160,1,207,10
4,13,Sun,1960-12-18,W,Detroit Lions,,Chicago Bears,boxscore,36,0,201,2,143,2
5,12,Sun,1985-11-24,W,Chicago Bears,,Atlanta Falcons,boxscore,36,0,379,1,119,3
6,6,Mon,2003-10-13,W,St. Louis Rams,,Atlanta Falcons,boxscore,36,0,496,3,209,4
7,8,Sun,2005-10-30,W,New York Giants,,Washington Redskins,boxscore,36,0,386,1,125,4
1,9,Sun,1954-11-21,W,Chicago Cardinals,,Washington Redskins,boxscore,38,16,424,1,349,4
2,5,Mon,1971-10-18,W,Kansas City Chiefs,,Pittsburgh Steelers,boxscore,38,16,348,2,322,4
3,Super Bowl,Sun,1985-01-20,W,San Francisco 49ers,N,Miami Dolphins,boxscore,38,16,537,2,314,2
4,16,Sun,1988-12-18,W,Los Angeles Rams,@,San Francisco 49ers,boxscore,38,16,322,1,316,1
5,4,Sun,1998-09-27,W,Denver Broncos,@,Washington Redskins,boxscore,38,16,365,0,387,3
6,17,Sun,1998-12-27,W,Atlanta Falcons,,Miami Dolphins,boxscore,38,16,346,0,400,6
7,1,Mon,2016-09-12,W,Pittsburgh Steelers,@,Washington Redskins,boxscore,38,16,437,1,384,2
1,12,Sun,1969-12-07,W,Washington Redskins,@,Philadelphia Eagles,boxscore,34,29,331,2,383,2
2,9,Sun,1977-11-13,W,Oakland Raiders,,Houston Oilers,boxscore,34,29,365,4,352,5
3,12,Sun,1996-11-17,W,Indianapolis Colts,,New York Jets,boxscore,34,29,303,3,419,5
4,17,Mon,2000-01-03,W,Atlanta Falcons,,San Francisco 49ers,boxscore,34,29,343,0,506,1
5,4,Sun,2011-10-02,W,Chicago Bears,,Carolina Panthers,boxscore,34,29,317,1,543,1
6,15,Sun,2017-12-17,W,Philadelphia Eagles,@,New York Giants,boxscore,34,29,341,0,504,1
7,6,Sun,2018-10-14,W,Atlanta Falcons,,Tampa Bay Buccaneers,boxscore,34,29,417,0,510,2
1,14,Sun,1975-12-21,W,Cincinnati Bengals,,San Diego Chargers,boxscore,47,17,439,4,188,3
2,16,Sun,1986-12-21,W,Cleveland Browns,,San Diego Chargers,boxscore,47,17,462,2,333,4
3,1,Sun,1991-09-01,W,Houston Oilers,,Los Angeles Raiders,boxscore,47,17,459,1,286,4
4,4,Sun,1993-09-26,W,Chicago Bears,,Tampa Bay Buccaneers,boxscore,47,17,332,1,328,7
5,13,Sun,2004-12-05,W,Philadelphia Eagles,,Green Bay Packers,boxscore,47,17,542,1,249,2
6,Division,Sat,2005-01-15,W,Atlanta Falcons,,St. Louis Rams,boxscore,47,17,397,1,339,2
7,Wild Card,Sat,2022-01-15,W,Buffalo Bills,,New England Patriots,boxscore,47,17,482,0,305,2
1,8,Sun,1952-11-16,W,Los Angeles Rams,@,Chicago Bears,boxscore,40,24,516,5,309,6
2,9,Sun,1964-11-08,W,Baltimore Colts,@,Chicago Bears,boxscore,40,24,479,0,377,4
3,4,Sun,1974-10-06,W,Oakland Raiders,@,Cleveland Browns,boxscore,40,24,445,4,244,6
4,16,Sun,1988-12-18,W,Pittsburgh Steelers,,Miami Dolphins,boxscore,40,24,404,1,385,3
5,16,Sun,2003-12-21,W,Pittsburgh Steelers,,San Diego Chargers,boxscore,40,24,341,0,344,3
6,1,Sun,2012-09-09,W,Atlanta Falcons,@,Kansas City Chiefs,boxscore,40,24,376,0,393,3
7,9,Mon,2014-11-03,W,Indianapolis Colts,@,New York Giants,boxscore,40,24,443,0,438,1
1,3,Sun,1972-10-01,W,Pittsburgh Steelers,@,St. Louis Cardinals,boxscore,25,19,362,2,248,4
2,5,Sun,1975-10-19,W,Minnesota Vikings,,Detroit Lions,boxscore,25,19,279,3,290,3
3,5,Sun,1978-10-01,W,Oakland Raiders,@,Chicago Bears,boxscore,25,19,411,0,278,2
4,9,Sun,1983-10-30,W,Cleveland Browns,,Houston Oilers,boxscore,25,19,377,2,258,1
5,3,Sun,2009-09-27,W,Chicago Bears,@,Seattle Seahawks,boxscore,25,19,318,2,346,2
6,6,Sun,2011-10-16,W,San Francisco 49ers,@,Detroit Lions,boxscore,25,19,314,2,310,0
7,5,Sun,2015-10-11,W,Atlanta Falcons,,Washington Redskins,boxscore,25,19,418,3,270,2
1,12,Sun,1971-12-05,W,Houston Oilers,,Pittsburgh Steelers,boxscore,29,3,275,0,132,3
2,13,Sun,1985-12-01,W,New Orleans Saints,,Los Angeles Rams,boxscore,29,3,280,0,164,4
3,4,Sun,2000-09-24,W,Green Bay Packers,@,Arizona Cardinals,boxscore,29,3,455,1,209,4
4,14,Sun,2001-12-16,W,Seattle Seahawks,,Dallas Cowboys,boxscore,29,3,312,0,218,1
5,2,Sun,2013-09-15,W,Seattle Seahawks,,San Francisco 49ers,boxscore,29,3,290,1,207,5
6,11,Sun,2019-11-17,W,Atlanta Falcons,@,Carolina Panthers,boxscore,29,3,349,0,347,4
7,17,Sun,2022-01-02,W,Chicago Bears,,New York Giants,boxscore,29,3,249,2,155,4