Rk,Week,Day,Date,,Winner/tie,,Loser/tie,,PtsW,PtsL,YdsW,TOW,YdsL,TOL
1,7,Sun,1925-11-01,W,Akron Pros,,Dayton Triangles,boxscore,17,3,0,0,0,0
2,4,Wed,1933-10-11,W,Pittsburgh Pirates,,Cincinnati Reds,boxscore,17,3,0,0,0,0
3,10,Sun,1934-11-11,W,New York Giants,,Green Bay Packers,boxscore,17,3,0,0,0,0
4,3,Fri,1938-09-23,W,Pittsburgh Pirates,@,Brooklyn Dodgers,boxscore,17,3,371,4,205,3
5,4,Sun,1939-10-01,W,Detroit Lions,@,Chicago Cardinals,boxscore,17,3,0,0,0,0
6,12,Sun,1949-12-11,W,Philadelphia Eagles,,New York Giants,boxscore,17,3,250,1,239,4
7,7,Sun,1950-10-29,W,Chicago Cardinals,,New York Giants,boxscore,17,3,304,4,171,3
8,1,Sun,1952-09-28,W,San Francisco 49ers,,Detroit Lions,boxscore,17,3,324,1,247,5
9,8,Sun,1952-11-16,W,Green Bay Packers,@,New York Giants,boxscore,17,3,121,1,186,5
10,12,Sun,1960-12-11,W,New York Giants,@,Washington Redskins,boxscore,17,3,51,3,103,5
11,13,Sat,1964-12-05,W,Green Bay Packers,@,Chicago Bears,boxscore,17,3,234,2,197,5
12,2,Sun,1966-09-18,W,Pittsburgh Steelers,,Detroit Lions,boxscore,17,3,256,1,158,4
13,8,Sun,1966-10-30,W,Baltimore Colts,@,Los Angeles Rams,boxscore,17,3,322,3,340,6
14,12,Sun,1966-11-20,W,Oakland Raiders,@,Denver Broncos,boxscore,17,3,160,0,102,3
15,8,Sun,1968-11-03,W,Dallas Cowboys,@,New Orleans Saints,boxscore,17,3,405,7,243,4
16,2,Sun,1969-09-21,W,Houston Oilers,@,Buffalo Bills,boxscore,17,3,245,0,133,4
17,10,Sun,1970-11-22,W,New York Jets,,Boston Patriots,boxscore,17,3,293,2,80,1
18,3,Sun,1971-10-03,W,Los Angeles Rams,,Chicago Bears,boxscore,17,3,422,4,113,4
19,7,Sun,1973-10-28,W,Atlanta Falcons,@,San Francisco 49ers,boxscore,17,3,377,2,178,0
20,4,Sun,1975-10-12,W,Atlanta Falcons,@,San Francisco 49ers,boxscore,17,3,235,0,338,5
21,5,Sun,1976-10-10,W,Houston Oilers,,Denver Broncos,boxscore,17,3,312,0,154,1
22,3,Sun,1977-10-02,W,Atlanta Falcons,,New York Giants,boxscore,17,3,295,3,177,4
23,6,Sun,1977-10-23,W,New England Patriots,,Baltimore Colts,boxscore,17,3,370,2,86,0
24,4,Sun,1978-09-24,W,Philadelphia Eagles,,Miami Dolphins,boxscore,17,3,337,1,143,3
25,8,Sun,1978-10-22,W,Kansas City Chiefs,,Cleveland Browns,boxscore,17,3,238,0,162,3
26,1,Mon,1980-09-08,W,Dallas Cowboys,@,Washington Redskins,boxscore,17,3,284,2,239,1
27,15,Sun,1980-12-14,W,Philadelphia Eagles,,St. Louis Cardinals,boxscore,17,3,344,1,126,2
28,7,Sun,1985-10-20,W,New York Giants,,Washington Redskins,boxscore,17,3,329,3,276,3
29,Wild Card,Sun,1985-12-29,W,New York Giants,,San Francisco 49ers,boxscore,17,3,355,1,362,2
30,13,Sun,1986-11-30,W,Los Angeles Rams,@,New York Jets,boxscore,17,3,293,2,350,4
31,13,Sun,1986-11-30,W,San Diego Chargers,@,Indianapolis Colts,boxscore,17,3,391,2,177,3
32,4,Sun,1989-10-01,W,Minnesota Vikings,,Tampa Bay Buccaneers,boxscore,17,3,365,3,158,1
33,3,Sun,1990-09-23,W,Kansas City Chiefs,@,Green Bay Packers,boxscore,17,3,271,1,257,4
34,10,Sun,1990-11-11,W,Miami Dolphins,@,New York Jets,boxscore,17,3,320,3,154,3
35,16,Sun,1990-12-23,W,Philadelphia Eagles,,Dallas Cowboys,boxscore,17,3,276,3,199,4
36,17,Sun,1991-12-22,W,Tampa Bay Buccaneers,,Indianapolis Colts,boxscore,17,3,300,4,230,3
37,4,Sun,1992-09-27,W,Green Bay Packers,,Pittsburgh Steelers,boxscore,17,3,294,0,353,1
38,12,Sun,1992-11-22,W,Green Bay Packers,@,Chicago Bears,boxscore,17,3,334,1,305,2
39,9,Sun,1993-10-31,W,Green Bay Packers,,Chicago Bears,boxscore,17,3,261,1,230,3
40,3,Sun,1996-09-15,W,Oakland Raiders,,Jacksonville Jaguars,boxscore,17,3,331,3,270,2
41,7,Sun,1996-10-13,W,Dallas Cowboys,,Arizona Cardinals,boxscore,17,3,324,1,178,1
42,16,Sun,1996-12-15,W,New Orleans Saints,@,New York Giants,boxscore,17,3,261,3,138,4
43,Wild Card,Sun,1997-12-28,W,New England Patriots,,Miami Dolphins,boxscore,17,3,228,0,162,3
44,3,Sun,1998-09-20,W,Arizona Cardinals,,Philadelphia Eagles,boxscore,17,3,282,1,317,3
45,2,Sun,1999-09-19,W,Buffalo Bills,,New York Jets,boxscore,17,3,384,1,190,0
46,4,Sun,1999-10-03,W,Jacksonville Jaguars,@,Pittsburgh Steelers,boxscore,17,3,204,1,216,2
47,6,Sun,1999-10-17,W,Pittsburgh Steelers,@,Cincinnati Bengals,boxscore,17,3,255,0,261,3
48,7,Sun,2001-10-28,W,Dallas Cowboys,,Arizona Cardinals,boxscore,17,3,225,2,292,4
49,6,Sun,2002-10-13,W,Tampa Bay Buccaneers,,Cleveland Browns,boxscore,17,3,380,1,194,1
50,8,Mon,2002-10-28,W,Philadelphia Eagles,,New York Giants,boxscore,17,3,422,0,348,1
51,1,Sun,2005-09-11,W,Detroit Lions,,Green Bay Packers,boxscore,17,3,254,0,216,3
52,8,Sun,2006-10-29,W,New York Giants,,Tampa Bay Buccaneers,boxscore,17,3,251,0,174,1
53,4,Sun,2010-10-03,W,New York Giants,,Chicago Bears,boxscore,17,3,372,3,110,3
54,10,Sun,2011-11-13,W,Jacksonville Jaguars,@,Indianapolis Colts,boxscore,17,3,251,1,212,3
55,5,Thu,2012-10-04,W,St. Louis Rams,,Arizona Cardinals,boxscore,17,3,242,1,282,1
56,7,Sun,2013-10-20,W,Dallas Cowboys,@,Philadelphia Eagles,boxscore,17,3,368,2,278,3
57,6,Sun,2014-10-12,W,Detroit Lions,@,Minnesota Vikings,boxscore,17,3,255,0,212,3
58,4,Sun,2015-10-04,W,Green Bay Packers,@,San Francisco 49ers,boxscore,17,3,362,0,196,1
59,13,Sun,2015-12-06,W,Denver Broncos,@,San Diego Chargers,boxscore,17,3,293,1,272,3
60,7,Sun,2017-10-22,W,Chicago Bears,,Carolina Panthers,boxscore,17,3,153,0,293,3
61,8,Sun,2017-10-29,W,Carolina Panthers,@,Tampa Bay Buccaneers,boxscore,17,3,254,1,279,3
62,14,Sun,2018-12-09,W,Detroit Lions,@,Arizona Cardinals,boxscore,17,3,218,1,279,1
63,Division,Sat,2021-01-16,W,Buffalo Bills,,Baltimore Ravens,boxscore,17,3,220,0,340,1