Rk,Week,Day,Date,,Winner/tie,,Loser/tie,,PtsW,PtsL,YdsW,TOW,YdsL,TOL
1,13,Sun,1983-11-27,W,Atlanta Falcons,,Green Bay Packers,boxscore,47,41,445,1,500,3
2,3,Sun,1989-09-24,W,Buffalo Bills,@,Houston Oilers,boxscore,47,41,449,1,439,2
1,13,Sun,1965-12-05,W,Buffalo Bills,@,Houston Oilers,boxscore,29,18,284,3,300,5
2,13,Sun,2014-11-30,W,Atlanta Falcons,,Arizona Cardinals,boxscore,29,18,500,1,329,3
1,17,Sun,1997-12-21,W,Minnesota Vikings,,Indianapolis Colts,boxscore,39,28,345,3,298,5
2,3,Sun,2015-09-27,W,Atlanta Falcons,@,Dallas Cowboys,boxscore,39,28,438,0,347,1
1,11,Sun,1994-11-13,W,New Orleans Saints,,Atlanta Falcons,boxscore,33,32,429,5,389,1
2,8,Sun,2016-10-30,W,Atlanta Falcons,,Green Bay Packers,boxscore,33,32,367,0,331,0
1,7,Sun,1921-11-06,W,Green Bay Packers,,Evansville Crimson Giants,boxscore,43,6,0,0,0,0
2,12,Sun,2020-11-29,W,Atlanta Falcons,,Las Vegas Raiders,boxscore,43,6,304,1,243,5
1,4,Sun,1921-10-16,W,Buffalo All-Americans,,New York Brickley Giants,boxscore,55,0,0,0,0,0
2,1,Sat,1961-09-09,W,Houston Oilers,,Oakland Raiders,boxscore,55,0,482,1,99,5
1,5,Sun,1961-10-08,W,Buffalo Bills,@,Houston Oilers,boxscore,22,12,382,5,194,3
2,15,Sun,2020-12-20,W,Miami Dolphins,,New England Patriots,boxscore,22,12,383,1,303,1
1,15,Sat,1967-12-09,W,Buffalo Bills,@,Boston Patriots,boxscore,44,16,252,2,150,7
2,11,Sun,2015-11-22,W,Carolina Panthers,,Washington Redskins,boxscore,44,16,368,0,186,5
1,2,Sun,1979-09-09,W,Buffalo Bills,,Cincinnati Bengals,boxscore,51,24,455,2,335,3
2,13,Sun,2004-12-05,W,Indianapolis Colts,,Tennessee Titans,boxscore,51,24,567,3,340,2
1,8,Sun,1969-11-09,W,Minnesota Vikings,,Cleveland Browns,boxscore,51,3,454,0,151,4
2,Conf. Champ,Sun,1991-01-20,W,Buffalo Bills,,Los Angeles Raiders,boxscore,51,3,502,1,320,7
1,12,Sun,1992-11-22,W,Philadelphia Eagles,@,New York Giants,boxscore,47,34,365,4,345,4
2,16,Sun,1993-12-19,W,Buffalo Bills,@,Miami Dolphins,boxscore,47,34,374,2,423,5
1,13,Sun,2004-12-05,W,Buffalo Bills,@,Miami Dolphins,boxscore,42,32,362,1,403,7
2,9,Sun,2012-11-04,W,Tampa Bay Buccaneers,@,Oakland Raiders,boxscore,42,32,515,1,424,3
1,10,Sun,1996-11-03,W,New York Giants,,Arizona Cardinals,boxscore,16,8,279,0,245,2
2,1,Sun,2018-09-09,W,Carolina Panthers,,Dallas Cowboys,boxscore,16,8,293,1,232,1
1,9,Sun,1923-11-25,W,Canton Bulldogs,@,Cleveland Indians,boxscore,46,10,0,0,0,0
2,Super Bowl,Sun,1986-01-26,W,Chicago Bears,N,New England Patriots,boxscore,46,10,408,2,123,6
1,5,Sun,1923-10-28,W,Chicago Bears,,Buffalo All-Americans,boxscore,18,3,0,0,0,0
2,15,Sun,2005-12-18,W,Pittsburgh Steelers,@,Minnesota Vikings,boxscore,18,3,275,1,185,3
1,8,Sun,1932-11-06,W,Chicago Bears,@,New York Giants,boxscore,28,8,0,0,0,0
2,1,Sun,1998-09-06,W,Kansas City Chiefs,,Oakland Raiders,boxscore,28,8,300,0,264,5
1,12,Sun,1940-11-24,W,Chicago Bears,,Cleveland Rams,boxscore,47,25,429,2,282,4
2,10,Sun,2016-11-13,W,Tennessee Titans,,Green Bay Packers,boxscore,47,25,446,0,402,3
1,6,Sun,1941-10-12,W,Chicago Bears,,Chicago Cardinals,boxscore,53,7,613,2,203,3
2,9,Sat,1963-11-02,W,San Diego Chargers,@,New York Jets,boxscore,53,7,528,1,235,4
1,9,Thu,1951-11-22,W,Detroit Lions,,Green Bay Packers,boxscore,52,35,478,1,458,4
2,14,Sun,1961-12-17,W,Chicago Bears,,Minnesota Vikings,boxscore,52,35,552,4,206,3
1,7,Sun,2008-10-19,W,Chicago Bears,,Minnesota Vikings,boxscore,48,41,327,1,439,5
2,15,Sun,2016-12-18,W,New Orleans Saints,@,Arizona Cardinals,boxscore,48,41,488,1,425,2
1,8,Sun,1988-10-23,W,New York Jets,@,Miami Dolphins,boxscore,44,30,333,1,584,6
2,13,Sun,1999-12-05,W,Cincinnati Bengals,,San Francisco 49ers,boxscore,44,30,476,0,542,3
1,13,Sun,1946-12-01,W,Los Angeles Dons,,Buffalo Bisons,boxscore,62,14,625,1,268,3
2,11,Sun,1953-12-06,W,Cleveland Browns,,New York Giants,boxscore,62,14,495,1,283,4
1,2,Sun,1958-10-05,W,Cleveland Browns,@,Pittsburgh Steelers,boxscore,45,12,411,5,269,9
2,15,Mon,2009-12-21,W,New York Giants,@,Washington Redskins,boxscore,45,12,387,0,302,3
1,14,Mon,2004-12-13,W,Kansas City Chiefs,@,Tennessee Titans,boxscore,49,38,383,2,542,4
2,4,Sun,2020-10-04,W,Cleveland Browns,@,Dallas Cowboys,boxscore,49,38,508,0,566,3
1,5,Sun,1965-10-17,W,Chicago Bears,@,Minnesota Vikings,boxscore,45,37,316,1,413,5
2,11,Sun,2005-11-20,W,Indianapolis Colts,@,Cincinnati Bengals,boxscore,45,37,451,1,492,1
1,14,Sun,1980-12-07,W,Chicago Bears,,Green Bay Packers,boxscore,61,7,594,0,266,3
2,15,Sun,1989-12-17,W,Cincinnati Bengals,,Houston Oilers,boxscore,61,7,584,2,194,5
1,8,Sun,1984-10-21,W,Chicago Bears,@,Tampa Bay Buccaneers,boxscore,44,9,427,0,292,2
2,14,Sun,1997-11-30,W,Kansas City Chiefs,,San Francisco 49ers,boxscore,44,9,340,1,279,3
1,Wild Card,Sun,1995-01-01,W,Chicago Bears,@,Minnesota Vikings,boxscore,35,18,308,2,389,4
2,Wild Card,Sun,2016-01-10,W,Green Bay Packers,@,Washington Redskins,boxscore,35,18,346,1,354,1
1,9,Sun,1956-11-25,W,Baltimore Colts,,Los Angeles Rams,boxscore,56,21,574,2,423,7
2,3,Sun,2007-09-23,W,Philadelphia Eagles,,Detroit Lions,boxscore,56,21,536,2,432,3
1,12,Sat,1959-12-12,W,Baltimore Colts,@,Los Angeles Rams,boxscore,45,26,282,1,433,5
2,12,Sun,2020-11-29,W,Tennessee Titans,@,Indianapolis Colts,boxscore,45,26,449,0,336,1
1,16,Sun,1963-12-22,W,San Diego Chargers,,Denver Broncos,boxscore,58,20,451,2,231,6
2,14,Sun,1976-12-12,W,Baltimore Colts,,Buffalo Bills,boxscore,58,20,396,2,355,5
1,5,Mon,1978-10-02,W,Washington Redskins,,Dallas Cowboys,boxscore,9,5,251,1,309,2
2,11,Sun,1984-11-11,W,Indianapolis Colts,@,New York Jets,boxscore,9,5,203,0,143,2
1,11,Sun,1976-11-21,W,New Orleans Saints,@,Seattle Seahawks,boxscore,51,27,399,2,269,5
2,12,Sun,1987-11-29,W,Indianapolis Colts,,Houston Oilers,boxscore,51,27,359,1,454,5
1,9,Thu,2021-11-04,W,Indianapolis Colts,,New York Jets,boxscore,45,30,532,0,486,2
2,14,Sun,2021-12-12,W,Green Bay Packers,,Chicago Bears,boxscore,45,30,439,0,347,3
1,3,Sun,1922-10-15,W,Rock Island Independents,,Evansville Crimson Giants,boxscore,60,0,0,0,0,0
2,2,Sun,1923-10-07,W,Chicago Cardinals,,Rochester Jeffersons,boxscore,60,0,0,0,0,0