Rk,Week,Day,Date,,Winner/tie,,Loser/tie,,PtsW,PtsL,YdsW,TOW,YdsL,TOL
1,2,Sun,1921-10-02,W,Buffalo All-Americans,,Hammond Pros,boxscore,17,0,0,0,0,0
2,11,Sat,1921-12-03,W,Cleveland Indians,@,New York Brickley Giants,boxscore,17,0,0,0,0,0
3,3,Sun,1922-10-15,W,Dayton Triangles,,Minneapolis Marines,boxscore,17,0,0,0,0,0
4,1,Sun,1923-09-30,W,Canton Bulldogs,,Hammond Pros,boxscore,17,0,0,0,0,0
5,9,Sat,1923-11-24,W,Milwaukee Badgers,@,St. Louis All-Stars,boxscore,17,0,0,0,0,0
6,4,Sun,1924-10-19,W,Green Bay Packers,,Milwaukee Badgers,boxscore,17,0,0,0,0,0
7,8,Sun,1924-11-16,W,Rock Island Independents,,Kansas City Blues,boxscore,17,0,0,0,0,0
8,7,Sun,1925-11-01,W,Providence Steam Roller,,Rochester Jeffersons,boxscore,17,0,0,0,0,0
9,11,Thu,1925-11-26,W,Kansas City Cowboys,@,Cleveland Bulldogs,boxscore,17,0,0,0,0,0
10,3,Sun,1926-10-03,W,Akron Indians,,Hammond Pros,boxscore,17,0,0,0,0,0
11,6,Sat,1926-10-23,W,Frankford Yellow Jackets,,Canton Bulldogs,boxscore,17,0,0,0,0,0
12,7,Sun,1926-10-31,W,Chicago Bears,,Akron Indians,boxscore,17,0,0,0,0,0
13,11,Thu,1926-11-25,W,New York Giants,@,Brooklyn Lions,boxscore,17,0,0,0,0,0
14,6,Sun,1928-10-28,W,Green Bay Packers,,Dayton Triangles,boxscore,17,0,0,0,0,0
15,4,Sun,1933-10-08,W,Green Bay Packers,,Portsmouth Spartans,boxscore,17,0,0,0,0,0
16,3,Wed,1934-09-26,W,Philadelphia Eagles,@,Pittsburgh Pirates,boxscore,17,0,0,0,0,0
17,8,Sun,1934-10-28,W,New York Giants,,Philadelphia Eagles,boxscore,17,0,0,0,0,0
18,3,Sun,1936-09-27,W,Chicago Bears,@,Philadelphia Eagles,boxscore,17,0,0,0,0,0
19,5,Wed,1936-10-14,W,Pittsburgh Pirates,,Philadelphia Eagles,boxscore,17,0,0,0,0,0
20,10,Sun,1937-11-07,W,New York Giants,,Pittsburgh Pirates,boxscore,17,0,239,1,80,6
21,11,Sun,1937-11-14,W,Detroit Lions,@,New York Giants,boxscore,17,0,285,1,128,3
22,8,Sun,1942-11-01,W,Cleveland Rams,@,Brooklyn Dodgers,boxscore,17,0,204,2,268,5
23,3,Sat,1943-10-02,W,Phi/Pit Eagles/Steelers,,Brooklyn Dodgers,boxscore,17,0,300,1,93,4
24,3,Sun,1945-10-07,W,Cleveland Rams,,Chicago Bears,boxscore,17,0,289,4,322,4
25,12,Sun,1945-12-09,W,Washington Redskins,,New York Giants,boxscore,17,0,446,2,62,2
26,2,Tue,1946-10-01,W,New York Giants,@,Boston Yanks,boxscore,17,0,271,2,139,3
27,10,Sun,1948-10-31,W,Los Angeles Dons,@,Brooklyn Dodgers,boxscore,17,0,262,3,193,5
28,11,Sun,1948-11-28,W,Philadelphia Eagles,,Pittsburgh Steelers,boxscore,17,0,350,5,200,2
29,1,Sun,1949-09-25,W,Chicago Bears,@,Green Bay Packers,boxscore,17,0,389,3,187,6
30,10,Sun,1950-11-19,W,Chicago Bears,,San Francisco 49ers,boxscore,17,0,362,2,270,3
31,4,Sun,1951-10-21,W,Cleveland Browns,,Pittsburgh Steelers,boxscore,17,0,243,4,201,4
32,8,Sun,1958-11-16,W,Baltimore Colts,@,Chicago Bears,boxscore,17,0,285,2,161,5
33,3,Sun,1960-09-25,W,Dallas Texans,,Los Angeles Chargers,boxscore,17,0,258,3,211,6
34,2,Sun,1962-09-23,W,Green Bay Packers,,St. Louis Cardinals,boxscore,17,0,334,4,131,5
35,13,Sun,1963-12-01,W,New York Jets,,Kansas City Chiefs,boxscore,17,0,179,1,296,3
36,6,Sun,1966-10-16,W,Green Bay Packers,@,Chicago Bears,boxscore,17,0,180,2,94,4
37,1,Sun,1969-09-21,W,Green Bay Packers,,Chicago Bears,boxscore,17,0,286,0,204,2
38,Division,Sat,1970-12-26,W,Baltimore Colts,,Cincinnati Bengals,boxscore,17,0,299,0,139,1
39,3,Sun,1972-10-01,W,Baltimore Colts,@,Buffalo Bills,boxscore,17,0,339,4,229,5
40,5,Sun,1972-10-15,W,Chicago Bears,@,Cleveland Browns,boxscore,17,0,310,1,163,1
41,10,Sun,1973-11-18,W,Miami Dolphins,@,Buffalo Bills,boxscore,17,0,277,0,309,2
42,3,Sun,1974-09-29,W,Oakland Raiders,@,Pittsburgh Steelers,boxscore,17,0,247,0,203,4
43,8,Sun,1974-11-03,W,Minnesota Vikings,@,Chicago Bears,boxscore,17,0,269,2,158,3
44,14,Sun,1974-12-15,W,San Diego Chargers,,Denver Broncos,boxscore,17,0,353,2,287,5
45,10,Sun,1976-11-14,W,Denver Broncos,@,San Diego Chargers,boxscore,17,0,255,2,128,6
46,9,Sun,1977-11-13,W,Seattle Seahawks,@,New York Jets,boxscore,17,0,445,1,124,3
47,11,Sun,1977-11-27,W,Atlanta Falcons,@,Tampa Bay Buccaneers,boxscore,17,0,222,1,78,5
48,15,Sun,1978-12-10,W,New York Giants,,St. Louis Cardinals,boxscore,17,0,255,2,341,5
49,5,Sun,1981-10-04,W,Denver Broncos,@,Oakland Raiders,boxscore,17,0,252,0,168,6
50,Conf. Champ,Sun,1987-01-11,W,New York Giants,,Washington Redskins,boxscore,17,0,199,3,190,2
51,1,Sun,1990-09-09,W,Chicago Bears,,Seattle Seahawks,boxscore,17,0,366,1,132,3
52,Wild Card,Sat,1993-01-02,W,San Diego Chargers,,Kansas City Chiefs,boxscore,17,0,342,1,251,3
53,9,Sun,1999-11-07,W,Miami Dolphins,,Tennessee Titans,boxscore,17,0,237,1,293,3
54,16,Sun,2000-12-17,W,San Francisco 49ers,,Chicago Bears,boxscore,17,0,456,1,104,1
55,1,Mon,2003-09-08,W,Tampa Bay Buccaneers,@,Philadelphia Eagles,boxscore,17,0,328,1,245,2
56,16,Sun,2009-12-27,W,Dallas Cowboys,@,Washington Redskins,boxscore,17,0,393,1,208,1
57,15,Sun,2018-12-16,W,Tennessee Titans,@,New York Giants,boxscore,17,0,301,0,260,2
58,10,Sun,2021-11-14,W,Green Bay Packers,,Seattle Seahawks,boxscore,17,0,393,1,208,2