Rk,Week,Day,Date,,Winner/tie,,Loser/tie,,PtsW,PtsL,YdsW,TOW,YdsL,TOL
1,11,Sun,1949-12-04,W,Chicago Cardinals,@,Los Angeles Rams,boxscore,31,27,277,2,379,6
2,7,Sun,1953-11-08,W,San Francisco 49ers,@,Los Angeles Rams,boxscore,31,27,414,4,333,3
3,6,Sun,1954-10-31,W,Chicago Bears,@,San Francisco 49ers,boxscore,31,27,469,2,388,2
4,4,Sun,1957-10-20,W,Detroit Lions,,Baltimore Colts,boxscore,31,27,369,4,322,6
5,8,Sun,1957-11-17,W,Los Angeles Rams,@,Green Bay Packers,boxscore,31,27,512,4,276,2
6,12,Sat,1957-12-14,W,Chicago Cardinals,@,Philadelphia Eagles,boxscore,31,27,391,2,436,2
7,Division,Sun,1957-12-22,W,Detroit Lions,@,San Francisco 49ers,boxscore,31,27,324,4,351,5
8,3,Sun,1960-10-09,W,Philadelphia Eagles,,St. Louis Cardinals,boxscore,31,27,293,3,364,6
9,3,Sun,1962-09-30,W,New York Giants,@,Pittsburgh Steelers,boxscore,31,27,427,1,317,3
10,10,Sun,1963-11-10,W,Houston Oilers,,New York Jets,boxscore,31,27,309,2,354,5
11,6,Sun,1971-10-24,W,Oakland Raiders,,Cincinnati Bengals,boxscore,31,27,316,2,250,1
12,12,Sun,1971-12-05,W,Cleveland Browns,,Cincinnati Bengals,boxscore,31,27,406,3,346,2
13,14,Sun,1971-12-19,W,San Francisco 49ers,,Detroit Lions,boxscore,31,27,357,1,310,1
14,8,Sun,1973-11-04,W,Houston Oilers,@,Baltimore Colts,boxscore,31,27,444,6,259,2
15,6,Sun,1974-10-20,W,St. Louis Cardinals,@,Houston Oilers,boxscore,31,27,345,2,433,3
16,12,Thu,1974-11-28,W,Denver Broncos,@,Detroit Lions,boxscore,31,27,361,2,252,2
17,10,Sun,1976-11-14,W,Cincinnati Bengals,,Houston Oilers,boxscore,31,27,300,3,252,3
18,8,Sun,1981-10-25,W,Detroit Lions,,Green Bay Packers,boxscore,31,27,409,2,382,3
19,13,Sun,1981-11-29,W,Atlanta Falcons,@,Houston Oilers,boxscore,31,27,459,2,318,3
20,Wild Card,Sun,1981-12-27,W,Buffalo Bills,@,New York Jets,boxscore,31,27,321,4,419,5
21,17,Mon,1983-01-03,W,Minnesota Vikings,,Dallas Cowboys,boxscore,31,27,381,3,364,2
22,6,Sun,1985-10-13,W,Los Angeles Rams,@,Tampa Bay Buccaneers,boxscore,31,27,282,4,210,5
23,14,Sun,1986-12-07,W,Miami Dolphins,@,New Orleans Saints,boxscore,31,27,352,0,526,2
24,4,Sun,1987-10-04,W,Tampa Bay Buccaneers,@,Detroit Lions,boxscore,31,27,219,1,262,4
25,9,Sun,1987-11-08,W,Philadelphia Eagles,,Washington Redskins,boxscore,31,27,427,4,360,4
26,17,Sun,1991-12-22,W,Dallas Cowboys,,Atlanta Falcons,boxscore,31,27,391,4,403,1
27,14,Sun,1992-12-06,W,Los Angeles Rams,@,Tampa Bay Buccaneers,boxscore,31,27,405,3,313,3
28,14,Sun,1992-12-06,W,Dallas Cowboys,@,Denver Broncos,boxscore,31,27,304,0,354,5
29,12,Sun,1994-11-20,W,San Francisco 49ers,,Los Angeles Rams,boxscore,31,27,459,1,358,0
30,6,Sun,1995-10-08,W,Chicago Bears,,Carolina Panthers,boxscore,31,27,390,1,297,1
31,15,Sun,1995-12-10,W,Seattle Seahawks,@,Denver Broncos,boxscore,31,27,326,2,388,5
32,11,Sun,1996-11-10,W,New England Patriots,@,New York Jets,boxscore,31,27,343,3,422,1
33,5,Sun,1998-10-04,W,Chicago Bears,,Detroit Lions,boxscore,31,27,405,5,340,0
34,9,Sun,1999-11-07,W,Detroit Lions,,St. Louis Rams,boxscore,31,27,332,0,332,2
35,8,Sun,2000-10-22,W,Minnesota Vikings,,Buffalo Bills,boxscore,31,27,348,1,406,1
36,15,Sun,2000-12-10,W,New Orleans Saints,@,San Francisco 49ers,boxscore,31,27,388,0,398,3
37,7,Sun,2001-10-28,W,Cincinnati Bengals,@,Detroit Lions,boxscore,31,27,412,2,276,3
38,14,Sun,2002-12-08,W,San Francisco 49ers,@,Dallas Cowboys,boxscore,31,27,401,1,257,2
39,3,Sun,2005-09-25,W,St. Louis Rams,,Tennessee Titans,boxscore,31,27,360,4,335,3
40,13,Sun,2005-12-04,W,Kansas City Chiefs,,Denver Broncos,boxscore,31,27,421,3,388,2
41,5,Sun,2008-10-05,W,Indianapolis Colts,@,Houston Texans,boxscore,31,27,314,1,391,3
42,15,Sun,2008-12-14,W,New York Jets,,Buffalo Bills,boxscore,31,27,372,2,306,4
43,17,Sun,2008-12-28,W,Atlanta Falcons,,St. Louis Rams,boxscore,31,27,417,3,408,0
44,5,Mon,2009-10-12,W,Miami Dolphins,,New York Jets,boxscore,31,27,413,0,309,0
45,15,Sun,2010-12-19,W,New England Patriots,,Green Bay Packers,boxscore,31,27,249,0,369,2
46,4,Sun,2011-10-02,W,New York Giants,@,Arizona Cardinals,boxscore,31,27,360,2,368,2
47,10,Sun,2012-11-11,W,New Orleans Saints,,Atlanta Falcons,boxscore,31,27,440,1,454,1
48,3,Sun,2013-09-22,W,Cleveland Browns,@,Minnesota Vikings,boxscore,31,27,409,4,329,3
49,16,Sun,2016-12-25,W,Pittsburgh Steelers,,Baltimore Ravens,boxscore,31,27,406,2,368,1
50,17,Sun,2017-12-31,W,Cincinnati Bengals,@,Baltimore Ravens,boxscore,31,27,359,1,312,1
51,6,Sun,2020-10-18,W,Indianapolis Colts,,Cincinnati Bengals,boxscore,31,27,430,2,398,1
52,15,Sun,2020-12-20,W,Tampa Bay Buccaneers,@,Atlanta Falcons,boxscore,31,27,416,0,369,0
53,2,Sun,2022-09-18,W,Los Angeles Rams,,Atlanta Falcons,boxscore,31,27,337,3,261,3
54,8,Sun,2022-10-30,W,Miami Dolphins,@,Detroit Lions,boxscore,31,27,476,1,393,0