Rk,Week,Day,Date,,Winner/tie,,Loser/tie,,PtsW,PtsL,YdsW,TOW,YdsL,TOL
1,6,Sun,1955-10-30,W,Cleveland Browns,@,Chicago Cardinals,boxscore,26,20,258,3,282,5
2,7,Sun,1966-10-23,W,Washington Redskins,,St. Louis Cardinals,boxscore,26,20,291,1,251,5
3,1,Sun,1969-09-21,W,Washington Redskins,@,New Orleans Saints,boxscore,26,20,303,1,328,1
4,9,Sun,1971-11-14,W,New Orleans Saints,@,San Francisco 49ers,boxscore,26,20,338,1,333,4
5,3,Sun,1972-10-01,W,Houston Oilers,,New York Jets,boxscore,26,20,412,1,398,4
6,9,Sun,1974-11-10,W,New York Jets,@,New York Giants,boxscore,26,20,425,0,340,0
7,13,Sat,1977-12-10,W,Washington Redskins,@,St. Louis Cardinals,boxscore,26,20,266,2,309,4
8,5,Sun,1978-10-01,W,Los Angeles Rams,@,New Orleans Saints,boxscore,26,20,281,1,315,1
9,13,Sun,1979-11-25,W,Los Angeles Rams,@,San Francisco 49ers,boxscore,26,20,322,3,374,3
10,16,Sun,1979-12-16,W,Philadelphia Eagles,@,Houston Oilers,boxscore,26,20,366,1,339,3
11,2,Sun,1982-09-19,W,Pittsburgh Steelers,,Cincinnati Bengals,boxscore,26,20,295,0,379,3
12,1,Sun,1985-09-08,W,New England Patriots,,Green Bay Packers,boxscore,26,20,410,5,205,2
13,5,Sun,1986-10-05,W,Los Angeles Rams,,Tampa Bay Buccaneers,boxscore,26,20,357,2,234,1
14,4,Sun,1988-09-25,W,Dallas Cowboys,,Atlanta Falcons,boxscore,26,20,323,1,314,2
15,1,Sun,1991-09-01,W,Pittsburgh Steelers,,San Diego Chargers,boxscore,26,20,390,2,281,2
16,3,Sun,1992-09-20,W,Minnesota Vikings,,Tampa Bay Buccaneers,boxscore,26,20,319,1,333,2
17,11,Mon,1992-11-16,W,Buffalo Bills,@,Miami Dolphins,boxscore,26,20,323,0,350,2
18,1,Sun,1993-09-05,W,Denver Broncos,@,New York Jets,boxscore,26,20,353,1,422,3
19,1,Sun,1993-09-05,W,New York Giants,@,Chicago Bears,boxscore,26,20,361,0,269,2
20,4,Sun,1993-09-26,W,Detroit Lions,,Phoenix Cardinals,boxscore,26,20,330,0,343,3
21,11,Sun,1994-11-13,W,New England Patriots,,Minnesota Vikings,boxscore,26,20,468,0,440,1
22,8,Sun,1997-10-19,W,New York Giants,@,Detroit Lions,boxscore,26,20,331,1,337,2
23,14,Sun,1997-11-30,W,Pittsburgh Steelers,@,Arizona Cardinals,boxscore,26,20,342,0,291,0
24,15,Sun,1997-12-07,W,New England Patriots,@,Jacksonville Jaguars,boxscore,26,20,282,0,341,2
25,15,Sun,1998-12-13,W,Green Bay Packers,,Chicago Bears,boxscore,26,20,393,2,192,0
26,16,Sun,1999-12-26,W,Washington Redskins,@,San Francisco 49ers,boxscore,26,20,511,1,418,2
27,10,Mon,2000-11-06,W,Green Bay Packers,,Minnesota Vikings,boxscore,26,20,298,0,407,5
28,14,Sun,2001-12-16,W,Tennessee Titans,,Green Bay Packers,boxscore,26,20,423,2,223,2
29,1,Sun,2002-09-08,W,New Orleans Saints,@,Tampa Bay Buccaneers,boxscore,26,20,368,1,333,1
30,13,Mon,2002-12-02,W,Oakland Raiders,,New York Jets,boxscore,26,20,411,0,274,2
31,7,Sun,2003-10-19,W,San Diego Chargers,@,Cleveland Browns,boxscore,26,20,289,2,277,2
32,14,Mon,2003-12-08,W,St. Louis Rams,@,Cleveland Browns,boxscore,26,20,328,1,309,4
33,3,Sun,2005-09-25,W,Jacksonville Jaguars,@,New York Jets,boxscore,26,20,308,3,168,3
34,9,Sun,2006-11-05,W,Baltimore Ravens,,Cincinnati Bengals,boxscore,26,20,374,0,275,3
35,14,Sun,2006-12-10,W,Tennessee Titans,@,Houston Texans,boxscore,26,20,418,2,240,0
36,16,Sun,2006-12-24,W,Arizona Cardinals,@,San Francisco 49ers,boxscore,26,20,372,1,223,2
37,11,Sun,2008-11-16,W,Arizona Cardinals,@,Seattle Seahawks,boxscore,26,20,458,3,196,4
38,5,Sun,2009-10-11,W,Dallas Cowboys,@,Kansas City Chiefs,boxscore,26,20,498,2,304,0
39,4,Sun,2010-10-03,W,Denver Broncos,@,Tennessee Titans,boxscore,26,20,327,1,288,2
40,10,Sun,2010-11-14,W,New York Jets,@,Cleveland Browns,boxscore,26,20,456,1,303,2
41,6,Sun,2011-10-16,W,Tampa Bay Buccaneers,,New Orleans Saints,boxscore,26,20,420,0,453,4
42,9,Sun,2013-11-03,W,New York Jets,,New Orleans Saints,boxscore,26,20,338,0,407,2
43,3,Sun,2014-09-21,W,Seattle Seahawks,,Denver Broncos,boxscore,26,20,384,1,332,2
44,4,Sun,2015-10-04,W,New Orleans Saints,,Dallas Cowboys,boxscore,26,20,438,0,335,0
45,13,Sun,2015-12-06,W,San Francisco 49ers,@,Chicago Bears,boxscore,26,20,291,0,364,1
46,16,Sun,2015-12-27,W,New York Jets,,New England Patriots,boxscore,26,20,428,1,284,1
47,Division,Sat,2016-01-16,W,Arizona Cardinals,,Green Bay Packers,boxscore,26,20,368,2,386,1
48,10,Sun,2016-11-13,W,Washington Redskins,,Minnesota Vikings,boxscore,26,20,388,1,331,1
49,15,Sun,2016-12-18,W,Dallas Cowboys,,Tampa Bay Buccaneers,boxscore,26,20,449,1,276,4
50,12,Sun,2017-11-26,W,Los Angeles Rams,,New Orleans Saints,boxscore,26,20,415,1,346,0
51,13,Sun,2017-12-03,W,Green Bay Packers,,Tampa Bay Buccaneers,boxscore,26,20,276,1,395,1
52,14,Sun,2018-12-09,W,Cleveland Browns,,Carolina Panthers,boxscore,26,20,348,2,393,1
53,Wild Card,Sun,2020-01-05,W,Minnesota Vikings,@,New Orleans Saints,boxscore,26,20,362,1,324,2
54,13,Sun,2020-12-06,W,Indianapolis Colts,@,Houston Texans,boxscore,26,20,371,0,398,2